# 3ds Max Wavefront OBJ Exporter v0.97b - (c)2007 guruware
# File Created: 28.03.2026 22:34:13

mtllib scene.mtl

#
# object Terrain
#

v  -117144.0625 9890.7627 -131820.6563
v  -117143.2813 8392.1621 -135660.7969
v  -119621.4688 8991.6025 -135661.3125
v  -119622.2656 9890.7627 -131821.1563
v  -114665.8594 9890.7627 -131820.1563
v  -114665.0781 8092.4424 -135660.2969
v  -112187.6563 9591.0430 -131819.6563
v  -112186.8906 8092.4424 -135659.7969
v  -109709.4453 9591.0430 -131819.1563
v  -109708.7031 8392.1621 -135659.3125
v  -107231.2500 9890.7627 -131818.6875
v  -107230.5234 8392.1621 -135658.8281
v  -104753.0391 9890.7627 -131818.2188
v  -104752.3281 8392.1621 -135658.3594
v  -102274.8359 10190.4834 -131817.7813
v  -102274.1328 8392.1621 -135657.9063
v  -99796.6328 10490.2031 -131817.3281
v  -99795.9453 8991.6025 -135657.4531
v  -97318.4297 10490.2031 -131816.8906
v  -97317.7500 8991.6025 -135657.0156
v  -94840.2266 10789.9238 -131816.4531
v  -94839.5625 9591.0430 -135656.5938
v  -92362.0234 10789.9238 -131816.0313
v  -92361.3750 9890.7627 -135656.1719
v  -89883.8125 10789.9238 -131815.6250
v  -89883.1875 9890.7627 -135655.7656
v  -87405.6172 11089.6436 -131815.2188
v  -87404.9922 9890.7627 -135655.3438
v  -84927.4063 11089.6436 -131814.8281
v  -84926.8047 9591.0430 -135654.9688
v  -82449.2031 10789.9238 -131814.4531
v  -82448.6094 8991.6025 -135654.5781
v  -79971.0000 10190.4834 -131814.0625
v  -79970.4219 8691.8828 -135654.2031
v  -77492.7891 9890.7627 -131813.7188
v  -77492.2344 8691.8828 -135653.8281
v  -75014.5938 9591.0430 -131813.3438
v  -75014.0469 8691.8828 -135653.4844
v  -72536.3906 9291.3232 -131813.0000
v  -72535.8516 8691.8828 -135653.1406
v  -70058.1797 8691.8828 -131812.6563
v  -70057.6641 8392.1621 -135652.7969
v  -67579.9766 8392.1621 -131812.3281
v  -67579.4766 7792.7227 -135652.4688
v  -65101.7734 7792.7227 -131812.0000
v  -65101.2891 7193.2822 -135652.1563
v  -62623.5703 7193.2822 -131811.7031
v  -62623.1016 7193.2822 -135651.8281
v  -60145.3672 6893.5620 -131811.4063
v  -60144.9063 6593.8418 -135651.5313
v  -57667.1563 6294.1221 -131811.1250
v  -57666.7188 6294.1221 -135651.2344
v  -55188.9531 5994.4019 -131810.8281
v  -55188.5234 5994.4019 -135650.9688
v  -52710.7578 5994.4019 -131810.5625
v  -52710.3359 5694.6816 -135650.6719
v  -50232.5469 5994.4019 -131810.2813
v  -50232.1484 5694.6816 -135650.4219
v  -47754.3438 5994.4019 -131810.0313
v  -47753.9609 5694.6816 -135650.1563
v  -45276.1367 5994.4019 -131809.7813
v  -45275.7656 5994.4019 -135649.9219
v  -42797.9336 5994.4019 -131809.5625
v  -42797.5742 6294.1221 -135649.6719
v  -40319.7305 6593.8418 -131809.3281
v  -40319.3828 6593.8418 -135649.4531
v  -37841.5273 7193.2822 -131809.0938
v  -37841.1953 7193.2822 -135649.2344
v  -35363.3242 7792.7227 -131808.8750
v  -35363.0039 7792.7227 -135649.0313
v  -32885.1172 8392.1621 -131808.6875
v  -32884.8125 8691.8828 -135648.8281
v  -30406.9141 8991.6025 -131808.5000
v  -30406.6250 8991.6025 -135648.6406
v  -27928.7109 8991.6025 -131808.3125
v  -27928.4336 9291.3232 -135648.4531
v  -25450.5039 8991.6025 -131808.1406
v  -25450.2461 9890.7627 -135648.2813
v  -22972.3008 9291.3232 -131807.9688
v  -22972.0547 10190.4834 -135648.1250
v  -20494.0977 9591.0430 -131807.8281
v  -20493.8633 10190.4834 -135647.9688
v  -18015.8945 9890.7627 -131807.6875
v  -18015.6758 10190.4834 -135647.8125
v  -15537.6875 9890.7627 -131807.5625
v  -15537.4844 10190.4834 -135647.6719
v  -13059.4844 10190.4834 -131807.4063
v  -13059.2930 10490.2031 -135647.5625
v  -10581.2793 10190.4834 -131807.2969
v  -10581.1055 10490.2031 -135647.4375
v  -8103.0762 10190.4834 -131807.1875
v  -8102.9160 10789.9238 -135647.3281
v  -5624.8711 10490.2031 -131807.0938
v  -5624.7266 10789.9238 -135647.2188
v  -3146.6680 10789.9238 -131807.0000
v  -3146.5352 10789.9238 -135647.1250
v  -668.4629 10789.9238 -131806.9063
v  -668.3457 11089.6436 -135647.0625
v  1809.7402 11089.6436 -131806.8438
v  1809.8438 11089.6436 -135646.9844
v  4287.9453 11089.6436 -131806.7969
v  4288.0352 11389.3633 -135646.9219
v  6766.1494 11389.3633 -131806.7344
v  6766.2256 11389.3633 -135646.8750
v  9244.3535 11089.6436 -131806.6875
v  9244.4160 11389.3633 -135646.8281
v  11722.5576 11089.6436 -131806.6563
v  11722.6045 11389.3633 -135646.7813
v  14200.7617 11089.6436 -131806.6250
v  14200.7949 11389.3633 -135646.7656
v  16678.9668 11089.6436 -131806.6094
v  16678.9844 11389.3633 -135646.7500
v  19157.1699 11089.6436 -131806.5938
v  19157.1758 11389.3633 -135646.7344
v  21635.3750 11389.3633 -131806.5938
v  21635.3652 11389.3633 -135646.7344
v  24113.5781 11389.3633 -131806.6094
v  24113.5547 11689.0840 -135646.7500
v  26591.7832 11689.0840 -131806.6406
v  26591.7461 11988.8037 -135646.7656
v  29069.9883 11689.0840 -131806.6563
v  29069.9355 12288.5234 -135646.7969
v  31548.1914 11988.8037 -131806.7031
v  31548.1250 12588.2441 -135646.8438
v  34026.3945 12288.5234 -131806.7500
v  34026.3164 12588.2441 -135646.8906
v  36504.6016 12288.5234 -131806.8125
v  36504.5078 12887.9639 -135646.9531
v  38982.8047 12588.2441 -131806.8750
v  38982.6953 12887.9639 -135647.0156
v  41461.0078 12887.9639 -131806.9375
v  41460.8828 12588.2441 -135647.0938
v  43939.2148 12887.9639 -131807.0313
v  43939.0781 12588.2441 -135647.1563
v  46417.4180 13187.6836 -131807.1250
v  46417.2656 12588.2441 -135647.2500
v  48895.6211 13187.6836 -131807.2344
v  48895.4531 12288.5234 -135647.3594
v  51373.8281 13187.6836 -131807.3438
v  51373.6484 12588.2441 -135647.4844
v  53852.0313 13187.6836 -131807.4688
v  53851.8320 12588.2441 -135647.6094
v  56330.2344 13187.6836 -131807.5938
v  56330.0234 12288.5234 -135647.7188
v  58808.4375 12288.5234 -131807.7344
v  58808.2148 12288.5234 -135647.8594
v  61286.6445 11689.0840 -131807.8750
v  61286.4023 11988.8037 -135648.0156
v  63764.8477 11689.0840 -131808.0313
v  63764.5938 11689.0840 -135648.1719
v  66243.0469 11689.0840 -131808.2031
v  66242.7813 11689.0840 -135648.3438
v  68721.2500 11988.8037 -131808.3750
v  68720.9688 11689.0840 -135648.5156
v  71199.4609 12588.2441 -131808.5625
v  71199.1641 11988.8037 -135648.6875
v  73677.6641 12887.9639 -131808.7500
v  73677.3594 12588.2441 -135648.8906
v  76155.8672 13187.6836 -131808.9688
v  76155.5469 13187.6836 -135649.1094
v  78634.0703 13487.4043 -131809.1719
v  78633.7344 13787.1240 -135649.3125
v  81112.2813 13487.4043 -131809.4063
v  81111.9219 13787.1240 -135649.5313
v  83590.4844 12887.9639 -131809.6250
v  83590.1172 13187.6836 -135649.7500
v  86068.6875 12288.5234 -131809.8750
v  86068.3047 12288.5234 -135650.0000
v  88546.8906 11089.6436 -131810.1250
v  88546.5000 11689.0840 -135650.2500
v  91025.0938 11089.6436 -131810.3750
v  91024.6875 11689.0840 -135650.5156
v  93503.2969 11389.3633 -131810.6563
v  93502.8750 11988.8037 -135650.7656
v  95981.5078 11389.3633 -131810.9063
v  95981.0625 11689.0840 -135651.0625
v  98459.7031 11089.6436 -131811.2031
v  98459.2578 10789.9238 -135651.3438
v  100937.9063 10490.2031 -131811.5000
v  100937.4453 10490.2031 -135651.6406
v  103416.1172 10490.2031 -131811.7969
v  103415.6406 10490.2031 -135651.9375
v  105894.3203 10490.2031 -131812.1250
v  105893.8281 10490.2031 -135652.2500
v  108372.5234 10190.4834 -131812.4375
v  108372.0156 10789.9238 -135652.5781
v  110850.7266 10190.4834 -131812.7656
v  110850.2031 10789.9238 -135652.9063
v  113328.9297 10490.2031 -131813.1250
v  113328.3984 10789.9238 -135653.2500
v  115807.1406 10789.9238 -131813.4688
v  115806.5859 10789.9238 -135653.6094
v  118285.3438 10789.9238 -131813.8281
v  118284.7813 11089.6436 -135653.9531
v  120763.5391 11389.3633 -131814.1875
v  120762.9688 11389.3633 -135654.3281
v  123241.7500 11389.3633 -131814.5625
v  123241.1563 11689.0840 -135654.7188
v  125719.9531 11389.3633 -131814.9531
v  125719.3438 11689.0840 -135655.0938
v  128198.1563 11389.3633 -131815.3594
v  128197.5391 11389.3633 -135655.4844
v  130676.3594 11389.3633 -131815.7500
v  130675.7266 11389.3633 -135655.8906
v  133154.5625 11389.3633 -131816.1875
v  133153.9219 11389.3633 -135656.2969
v  135632.7813 11089.6436 -131816.5938
v  135632.1094 11389.3633 -135656.7344
v  138110.9688 11089.6436 -131817.0313
v  138110.2969 11089.6436 -135657.1719
v  140589.1875 10789.9238 -131817.4688
v  140588.4844 10789.9238 -135657.6094
v  143067.3750 10789.9238 -131817.9219
v  143066.6719 10789.9238 -135658.0625
v  145545.5938 10490.2031 -131818.3750
v  145544.8750 10789.9238 -135658.5156
v  148023.7813 10490.2031 -131818.8438
v  148023.0625 11089.6436 -135658.9844
v  150502.0000 10490.2031 -131819.3281
v  150501.2500 11089.6436 -135659.4688
v  152980.2031 10789.9238 -131819.8125
v  152979.4375 11089.6436 -135659.9531
v  155458.4063 11089.6436 -131820.3125
v  155457.6250 11389.3633 -135660.4531
v  157936.6094 11389.3633 -131820.8125
v  157935.8281 11389.3633 -135660.9531
v  160414.8125 11389.3633 -131821.3438
v  160414.0000 11389.3633 -135661.4688
v  -117144.8594 11089.6436 -127980.5156
v  -119623.0781 10789.9238 -127981.0313
v  -114666.6250 11089.6436 -127980.0156
v  -112188.4063 10789.9238 -127979.5156
v  -109710.1953 10490.2031 -127979.0313
v  -107231.9766 10490.2031 -127978.5625
v  -104753.7578 10490.2031 -127978.0938
v  -102275.5391 10789.9238 -127977.6406
v  -99797.3203 11089.6436 -127977.1875
v  -97319.1016 11089.6436 -127976.7500
v  -94840.8828 10789.9238 -127976.3203
v  -92362.6719 10789.9238 -127975.8984
v  -89884.4453 10789.9238 -127975.4844
v  -87406.2266 11089.6436 -127975.0859
v  -84928.0078 11089.6436 -127974.6875
v  -82449.7969 11089.6436 -127974.3125
v  -79971.5703 10789.9238 -127973.9297
v  -77493.3516 10490.2031 -127973.5703
v  -75015.1406 9890.7627 -127973.2109
v  -72536.9219 9591.0430 -127972.8594
v  -70058.6953 8991.6025 -127972.5313
v  -67580.4766 8691.8828 -127972.1953
v  -65102.2656 8392.1621 -127971.8750
v  -62624.0469 7792.7227 -127971.5625
v  -60145.8203 6893.5620 -127971.2656
v  -57667.6094 5994.4019 -127970.9766
v  -55189.3906 5394.9619 -127970.6875
v  -52711.1719 5095.2417 -127970.4141
v  -50232.9453 5394.9619 -127970.1484
v  -47754.7344 5095.2417 -127969.8984
v  -45276.5156 5095.2417 -127969.6484
v  -42798.2930 5394.9619 -127969.4141
v  -40320.0781 5694.6816 -127969.1875
v  -37841.8594 6593.8418 -127968.9688
v  -35363.6406 7193.2822 -127968.7500
v  -32885.4219 8092.4424 -127968.5547
v  -30407.2031 8691.8828 -127968.3672
v  -27928.9844 8691.8828 -127968.1875
v  -25450.7656 8691.8828 -127968.0078
v  -22972.5469 8691.8828 -127967.8438
v  -20494.3320 8991.6025 -127967.6953
v  -18016.1094 9291.3232 -127967.5469
v  -15537.8945 9591.0430 -127967.4141
v  -13059.6719 9591.0430 -127967.2813
v  -10581.4570 9890.7627 -127967.1641
v  -8103.2383 9890.7627 -127967.0547
v  -5625.0195 9890.7627 -127966.9609
v  -3146.8008 10190.4834 -127966.8672
v  -668.5820 10490.2031 -127966.7813
v  1809.6367 10789.9238 -127966.7109
v  4287.8555 11089.6436 -127966.6563
v  6766.0732 11089.6436 -127966.6016
v  9244.2920 11089.6436 -127966.5547
v  11722.5098 10789.9238 -127966.5156
v  14200.7285 11089.6436 -127966.4922
v  16678.9473 11089.6436 -127966.4688
v  19157.1660 11389.3633 -127966.4609
v  21635.3848 11389.3633 -127966.4688
v  24113.6035 11389.3633 -127966.4766
v  26591.8203 11389.3633 -127966.5000
v  29070.0391 11389.3633 -127966.5313
v  31548.2578 11689.0840 -127966.5703
v  34026.4766 11689.0840 -127966.6172
v  36504.6953 11988.8037 -127966.6719
v  38982.9141 11988.8037 -127966.7344
v  41461.1328 12288.5234 -127966.8125
v  43939.3516 12588.2441 -127966.8984
v  46417.5703 12588.2441 -127966.9844
v  48895.7891 12887.9639 -127967.0938
v  51374.0078 13187.6836 -127967.2109
v  53852.2227 13187.6836 -127967.3203
v  56330.4453 13187.6836 -127967.4609
v  58808.6602 12588.2441 -127967.5938
v  61286.8789 11988.8037 -127967.7422
v  63765.0977 11689.0840 -127967.8984
v  66243.3125 11689.0840 -127968.0625
v  68721.5313 12288.5234 -127968.2422
v  71199.7500 12887.9639 -127968.4297
v  73677.9688 12887.9639 -127968.6250
v  76156.1875 12887.9639 -127968.8203
v  78634.4063 12887.9639 -127969.0313
v  81112.6250 12887.9639 -127969.2578
v  83590.8438 12887.9639 -127969.4922
v  86069.0625 12288.5234 -127969.7344
v  88547.2813 11689.0840 -127969.9844
v  91025.5000 11389.3633 -127970.2422
v  93503.7188 11389.3633 -127970.5078
v  95981.9375 11389.3633 -127970.7813
v  98460.1563 11089.6436 -127971.0625
v  100938.3750 10789.9238 -127971.3594
v  103416.5938 10490.2031 -127971.6719
v  105894.8125 10190.4834 -127971.9844
v  108373.0234 10190.4834 -127972.3125
v  110851.2500 10190.4834 -127972.6328
v  113329.4688 10490.2031 -127972.9766
v  115807.6875 10490.2031 -127973.3281
v  118285.8984 10490.2031 -127973.6875
v  120764.1250 10490.2031 -127974.0625
v  123242.3438 10490.2031 -127974.4297
v  125720.5547 10789.9238 -127974.8281
v  128198.7734 11089.6436 -127975.2188
v  130677.0000 11089.6436 -127975.6172
v  133155.2188 11089.6436 -127976.0391
v  135633.4375 10789.9238 -127976.4609
v  138111.6563 10789.9238 -127976.8906
v  140589.8750 10490.2031 -127977.3359
v  143068.0938 10490.2031 -127977.7891
v  145546.3125 10190.4834 -127978.2500
v  148024.5313 10190.4834 -127978.7188
v  150502.7500 10190.4834 -127979.1953
v  152980.9688 10490.2031 -127979.6875
v  155459.1875 10789.9238 -127980.1875
v  157937.3906 11089.6436 -127980.6875
v  160415.6094 11389.3633 -127981.2031
v  -117145.6250 11089.6436 -124140.3828
v  -119623.8594 11089.6436 -124140.8906
v  -114667.3906 11389.3633 -124139.8750
v  -112189.1719 11089.6436 -124139.3828
v  -109710.9375 10789.9238 -124138.8984
v  -107232.7031 10789.9238 -124138.4219
v  -104754.4688 10789.9238 -124137.9609
v  -102276.2422 11089.6436 -124137.5000
v  -99798.0078 11089.6436 -124137.0469
v  -97319.7734 11089.6436 -124136.6094
v  -94841.5469 11089.6436 -124136.1875
v  -92363.3125 10789.9238 -124135.7578
v  -89885.0703 10789.9238 -124135.3516
v  -87406.8438 11089.6436 -124134.9531
v  -84928.6094 11389.3633 -124134.5547
v  -82450.3750 11089.6436 -124134.1719
v  -79972.1484 10789.9238 -124133.7969
v  -77493.9141 10490.2031 -124133.4375
v  -75015.6797 9890.7627 -124133.0781
v  -72537.4531 9591.0430 -124132.7266
v  -70059.2188 9291.3232 -124132.3906
v  -67580.9766 8991.6025 -124132.0625
v  -65102.7500 8392.1621 -124131.7422
v  -62624.5156 7792.7227 -124131.4297
v  -60146.2813 7193.2822 -124131.1328
v  -57668.0547 5994.4019 -124130.8359
v  -55189.8203 4795.5215 -124130.5547
v  -52711.5859 4196.0811 -124130.2813
v  -50233.3594 3596.6411 -124130.0156
v  -47755.1172 3596.6411 -124129.7578
v  -45276.8867 3896.3613 -124129.5156
v  -42798.6563 3896.3613 -124129.2813
v  -40320.4219 4495.8013 -124129.0469
v  -37842.1914 5394.9619 -124128.8359
v  -35363.9609 5994.4019 -124128.6172
v  -32885.7227 7193.2822 -124128.4141
v  -30407.4922 7792.7227 -124128.2266
v  -27929.2617 8092.4424 -124128.0469
v  -25451.0273 8092.4424 -124127.8672
v  -22972.7930 8092.4424 -124127.7109
v  -20494.5625 8392.1621 -124127.5547
v  -18016.3281 8991.6025 -124127.4063
v  -15538.0977 8991.6025 -124127.2734
v  -13059.8633 8991.6025 -124127.1484
v  -10581.6309 9291.3232 -124127.0313
v  -8103.3984 9591.0430 -124126.9219
v  -5625.1660 9890.7627 -124126.8281
v  -3146.9336 9890.7627 -124126.7344
v  -668.6992 10190.4834 -124126.6484
v  1809.5313 10490.2031 -124126.5781
v  4287.7646 10490.2031 -124126.5156
v  6765.9971 10789.9238 -124126.4609
v  9244.2295 10789.9238 -124126.4141
v  11722.4629 10789.9238 -124126.3828
v  14200.6953 10789.9238 -124126.3516
v  16678.9277 10789.9238 -124126.3359
v  19157.1602 11089.6436 -124126.3281
v  21635.3945 11089.6436 -124126.3281
v  24113.6270 11089.6436 -124126.3438
v  26591.8594 11089.6436 -124126.3594
v  29070.0918 11089.6436 -124126.3906
v  31548.3242 11389.3633 -124126.4297
v  34026.5547 11389.3633 -124126.4766
v  36504.7891 11689.0840 -124126.5391
v  38983.0234 11689.0840 -124126.6016
v  41461.2578 11689.0840 -124126.6719
v  43939.4883 11988.8037 -124126.7656
v  46417.7188 11988.8037 -124126.8516
v  48895.9531 11988.8037 -124126.9531
v  51374.1875 12288.5234 -124127.0703
v  53852.4180 12588.2441 -124127.1875
v  56330.6523 12588.2441 -124127.3203
v  58808.8867 12588.2441 -124127.4609
v  61287.1172 12288.5234 -124127.6016
v  63765.3477 11988.8037 -124127.7656
v  66243.5781 12288.5234 -124127.9297
v  68721.8125 12588.2441 -124128.1016
v  71200.0469 12588.2441 -124128.2969
v  73678.2813 12887.9639 -124128.4844
v  76156.5156 12887.9639 -124128.6875
v  78634.7500 12887.9639 -124128.8984
v  81112.9766 12588.2441 -124129.1250
v  83591.2109 12588.2441 -124129.3594
v  86069.4453 12588.2441 -124129.6016
v  88547.6719 12288.5234 -124129.8438
v  91025.9063 11988.8037 -124130.1094
v  93504.1484 11988.8037 -124130.3750
v  95982.3750 11389.3633 -124130.6484
v  98460.6094 11389.3633 -124130.9297
v  100938.8359 11089.6436 -124131.2266
v  103417.0703 10490.2031 -124131.5313
v  105895.3047 10190.4834 -124131.8516
v  108373.5313 10490.2031 -124132.1719
v  110851.7656 10789.9238 -124132.5000
v  113330.0078 10789.9238 -124132.8438
v  115808.2344 10789.9238 -124133.1953
v  118286.4688 10490.2031 -124133.5547
v  120764.7031 10190.4834 -124133.9219
v  123242.9297 9890.7627 -124134.2969
v  125721.1641 10190.4834 -124134.6875
v  128199.3984 10490.2031 -124135.0781
v  130677.6250 10789.9238 -124135.4844
v  133155.8750 10789.9238 -124135.9063
v  135634.0938 10789.9238 -124136.3281
v  138112.3281 10789.9238 -124136.7578
v  140590.5625 10490.2031 -124137.2031
v  143068.7969 10490.2031 -124137.6484
v  145547.0313 10490.2031 -124138.1094
v  148025.2500 10190.4834 -124138.5781
v  150503.5000 10490.2031 -124139.0547
v  152981.7188 10490.2031 -124139.5547
v  155459.9531 10490.2031 -124140.0469
v  157938.1875 10789.9238 -124140.5547
v  160416.4219 10789.9238 -124141.0703
v  -117146.4219 10789.9238 -120300.2422
v  -119624.6719 11089.6436 -120300.7578
v  -114668.1719 10789.9238 -120299.7422
v  -112189.9219 10789.9238 -120299.2500
v  -109711.6797 10789.9238 -120298.7656
v  -107233.4297 11089.6436 -120298.2891
v  -104755.1875 11089.6436 -120297.8203
v  -102276.9453 11089.6436 -120297.3672
v  -99798.6953 11089.6436 -120296.9141
v  -97320.4531 11089.6436 -120296.4766
v  -94842.2031 11089.6436 -120296.0469
v  -92363.9531 11089.6436 -120295.6250
v  -89885.7109 11089.6436 -120295.2109
v  -87407.4609 11089.6436 -120294.8125
v  -84929.2188 11089.6436 -120294.4219
v  -82450.9688 11089.6436 -120294.0391
v  -79972.7188 10789.9238 -120293.6563
v  -77494.4766 10490.2031 -120293.2969
v  -75016.2266 10490.2031 -120292.9375
v  -72537.9844 10190.4834 -120292.5859
v  -70059.7344 9890.7627 -120292.2578
v  -67581.4844 9591.0430 -120291.9219
v  -65103.2422 8991.6025 -120291.6016
v  -62624.9922 8092.4424 -120291.2891
v  -60146.7500 7193.2822 -120291.0000
v  -57668.5000 6294.1221 -120290.7031
v  -55190.2500 5095.2417 -120290.4219
v  -52712.0078 3896.3613 -120290.1484
v  -50233.7578 3596.6411 -120289.8828
v  -47755.5156 3296.9209 -120289.6250
v  -45277.2656 3296.9209 -120289.3750
v  -42799.0156 3596.6411 -120289.1406
v  -40320.7695 3296.9209 -120288.9141
v  -37842.5195 3896.3613 -120288.6953
v  -35364.2734 4795.5215 -120288.4844
v  -32886.0273 5694.6816 -120288.2813
v  -30407.7813 6294.1221 -120288.0938
v  -27929.5352 6593.8418 -120287.9141
v  -25451.2852 6893.5620 -120287.7344
v  -22973.0391 6893.5620 -120287.5703
v  -20494.7930 7792.7227 -120287.4219
v  -18016.5469 8092.4424 -120287.2734
v  -15538.2969 8392.1621 -120287.1406
v  -13060.0508 8392.1621 -120287.0078
v  -10581.8066 8392.1621 -120286.8984
v  -8103.5605 8691.8828 -120286.7813
v  -5625.3125 9291.3232 -120286.6875
v  -3147.0664 9591.0430 -120286.5938
v  -668.8184 9890.7627 -120286.5156
v  1809.4277 9890.7627 -120286.4453
v  4287.6748 10490.2031 -120286.3828
v  6765.9219 10490.2031 -120286.3281
v  9244.1680 10490.2031 -120286.2813
v  11722.4150 10789.9238 -120286.2422
v  14200.6621 10789.9238 -120286.2188
v  16678.9102 10789.9238 -120286.2031
v  19157.1563 10789.9238 -120286.1953
v  21635.4023 10789.9238 -120286.1953
v  24113.6504 10789.9238 -120286.2031
v  26591.8984 10789.9238 -120286.2266
v  29070.1445 10789.9238 -120286.2578
v  31548.3906 11089.6436 -120286.2969
v  34026.6367 11389.3633 -120286.3438
v  36504.8828 11689.0840 -120286.4063
v  38983.1328 11689.0840 -120286.4609
v  41461.3789 11689.0840 -120286.5391
v  43939.6250 11689.0840 -120286.6250
v  46417.8711 11689.0840 -120286.7188
v  48896.1172 11689.0840 -120286.8203
v  51374.3672 11988.8037 -120286.9375
v  53852.6133 11988.8037 -120287.0547
v  56330.8633 12288.5234 -120287.1875
v  58809.1094 12288.5234 -120287.3203
v  61287.3555 12288.5234 -120287.4688
v  63765.6016 12288.5234 -120287.6328
v  66243.8438 12288.5234 -120287.7969
v  68722.0938 12288.5234 -120287.9688
v  71200.3438 12588.2441 -120288.1563
v  73678.5938 12588.2441 -120288.3516
v  76156.8359 12588.2441 -120288.5547
v  78635.0781 12288.5234 -120288.7656
v  81113.3281 12288.5234 -120288.9922
v  83591.5781 12588.2441 -120289.2188
v  86069.8203 12588.2441 -120289.4609
v  88548.0703 12588.2441 -120289.7109
v  91026.3125 12588.2441 -120289.9688
v  93504.5625 12288.5234 -120290.2344
v  95982.8047 11689.0840 -120290.5156
v  98461.0547 11689.0840 -120290.7969
v  100939.3047 11089.6436 -120291.0938
v  103417.5469 11389.3633 -120291.3984
v  105895.7969 11389.3633 -120291.7109
v  108374.0391 11389.3633 -120292.0391
v  110852.2891 11389.3633 -120292.3672
v  113330.5391 11089.6436 -120292.7109
v  115808.7813 10490.2031 -120293.0625
v  118287.0313 10490.2031 -120293.4141
v  120765.2813 10190.4834 -120293.7891
v  123243.5234 9890.7627 -120294.1641
v  125721.7734 9890.7627 -120294.5547
v  128200.0156 10190.4834 -120294.9453
v  130678.2656 10490.2031 -120295.3516
v  133156.5156 10789.9238 -120295.7656
v  135634.7500 10789.9238 -120296.1875
v  138113.0000 10490.2031 -120296.6250
v  140591.2500 10490.2031 -120297.0703
v  143069.5000 10490.2031 -120297.5156
v  145547.7500 10490.2031 -120297.9766
v  148026.0000 10490.2031 -120298.4453
v  150504.2500 10490.2031 -120298.9219
v  152982.5000 10490.2031 -120299.4141
v  155460.7344 10490.2031 -120299.9141
v  157938.9844 10789.9238 -120300.4219
v  160417.2344 10490.2031 -120300.9375
v  -117147.2031 11089.6436 -116460.1094
v  -119625.4688 11389.3633 -116460.6172
v  -114668.9375 11089.6436 -116459.6016
v  -112190.6875 11089.6436 -116459.1094
v  -109712.4219 11089.6436 -116458.6250
v  -107234.1563 11389.3633 -116458.1563
v  -104755.9063 11089.6436 -116457.6875
v  -102277.6406 11089.6436 -116457.2344
v  -99799.3828 11089.6436 -116456.7813
v  -97321.1172 11389.3633 -116456.3438
v  -94842.8594 11389.3633 -116455.9141
v  -92364.6016 11389.3633 -116455.4844
v  -89886.3359 11089.6436 -116455.0781
v  -87408.0781 11089.6436 -116454.6797
v  -84929.8125 11089.6436 -116454.2813
v  -82451.5547 11089.6436 -116453.9063
v  -79973.2891 10789.9238 -116453.5234
v  -77495.0313 10789.9238 -116453.1641
v  -75016.7734 10789.9238 -116452.8047
v  -72538.5156 10789.9238 -116452.4531
v  -70060.2500 10789.9238 -116452.1172
v  -67581.9844 10190.4834 -116451.7891
v  -65103.7266 9591.0430 -116451.4688
v  -62625.4609 8392.1621 -116451.1563
v  -60147.2031 7493.0024 -116450.8594
v  -57668.9375 6893.5620 -116450.5703
v  -55190.6875 6593.8418 -116450.2813
v  -52712.4219 5994.4019 -116450.0078
v  -50234.1641 5694.6816 -116449.7422
v  -47755.8984 5394.9619 -116449.4922
v  -45277.6367 5095.2417 -116449.2422
v  -42799.3750 4495.8013 -116449.0078
v  -40321.1172 3896.3613 -116448.7813
v  -37842.8555 3596.6411 -116448.5625
v  -35364.5938 3596.6411 -116448.3438
v  -32886.3320 4196.0811 -116448.1484
v  -30408.0703 4495.8013 -116447.9609
v  -27929.8086 4495.8013 -116447.7813
v  -25451.5469 5095.2417 -116447.6016
v  -22973.2852 5994.4019 -116447.4375
v  -20495.0273 6593.8418 -116447.2891
v  -18016.7656 7193.2822 -116447.1406
v  -15538.5039 7193.2822 -116447.0078
v  -13060.2422 7193.2822 -116446.8750
v  -10581.9805 7493.0024 -116446.7578
v  -8103.7207 7792.7227 -116446.6484
v  -5625.4590 8092.4424 -116446.5547
v  -3147.1992 8691.8828 -116446.4609
v  -668.9375 8691.8828 -116446.3750
v  1809.3242 9291.3232 -116446.3125
v  4287.5850 9890.7627 -116446.2500
v  6765.8457 10490.2031 -116446.1875
v  9244.1064 10789.9238 -116446.1484
v  11722.3682 10789.9238 -116446.1094
v  14200.6289 10789.9238 -116446.0859
v  16678.8906 10789.9238 -116446.0625
v  19157.1523 10789.9238 -116446.0547
v  21635.4121 10789.9238 -116446.0625
v  24113.6738 10789.9238 -116446.0703
v  26591.9355 10789.9238 -116446.0938
v  29070.1953 10789.9238 -116446.1172
v  31548.4570 10789.9238 -116446.1563
v  34026.7188 11089.6436 -116446.2109
v  36504.9766 11389.3633 -116446.2656
v  38983.2422 11689.0840 -116446.3281
v  41461.5000 11689.0840 -116446.4063
v  43939.7656 11689.0840 -116446.4922
v  46418.0234 11689.0840 -116446.5781
v  48896.2852 11689.0840 -116446.6875
v  51374.5469 11988.8037 -116446.7969
v  53852.8086 11988.8037 -116446.9141
v  56331.0703 11988.8037 -116447.0469
v  58809.3281 11689.0840 -116447.1875
v  61287.5898 11689.0840 -116447.3281
v  63765.8516 11389.3633 -116447.4922
v  66244.1094 11689.0840 -116447.6563
v  68722.3750 11689.0840 -116447.8359
v  71200.6406 11988.8037 -116448.0234
v  73678.8984 12288.5234 -116448.2109
v  76157.1563 12288.5234 -116448.4141
v  78635.4219 12588.2441 -116448.6250
v  81113.6797 12588.2441 -116448.8516
v  83591.9375 12588.2441 -116449.0859
v  86070.2031 12588.2441 -116449.3281
v  88548.4609 12288.5234 -116449.5781
v  91026.7266 11988.8037 -116449.8359
v  93504.9844 11689.0840 -116450.1016
v  95983.2500 11988.8037 -116450.3828
v  98461.5078 11988.8037 -116450.6563
v  100939.7734 11988.8037 -116450.9531
v  103418.0234 11988.8037 -116451.2578
v  105896.2891 11988.8037 -116451.5781
v  108374.5469 11988.8037 -116451.8984
v  110852.8125 11689.0840 -116452.2266
v  113331.0781 10789.9238 -116452.5703
v  115809.3359 10490.2031 -116452.9219
v  118287.6016 10190.4834 -116453.2813
v  120765.8594 10190.4834 -116453.6563
v  123244.1172 10190.4834 -116454.0234
v  125722.3750 9890.7627 -116454.4141
v  128200.6406 9890.7627 -116454.8125
v  130678.8984 10190.4834 -116455.2188
v  133157.1563 10490.2031 -116455.6328
v  135635.4375 10490.2031 -116456.0547
v  138113.6875 10490.2031 -116456.4922
v  140591.9531 10190.4834 -116456.9297
v  143070.2031 10190.4834 -116457.3828
v  145548.4688 10190.4834 -116457.8359
v  148026.7188 10190.4834 -116458.3047
v  150505.0000 10190.4834 -116458.7891
v  152983.2500 10490.2031 -116459.2813
v  155461.5156 10490.2031 -116459.7813
v  157939.7813 10789.9238 -116460.2813
v  160418.0469 10490.2031 -116460.7969
v  -117148.0000 11389.3633 -112619.9688
v  -119626.2656 11689.0840 -112620.4844
v  -114669.7188 11689.0840 -112619.4688
v  -112191.4375 11389.3633 -112618.9766
v  -109713.1797 11389.3633 -112618.4922
v  -107234.8984 11389.3633 -112618.0156
v  -104756.6250 11089.6436 -112617.5547
v  -102278.3438 11089.6436 -112617.0938
v  -99800.0703 11389.3633 -112616.6406
v  -97321.7891 11389.3633 -112616.2031
v  -94843.5234 11389.3633 -112615.7813
v  -92365.2422 11389.3633 -112615.3516
v  -89886.9688 11389.3633 -112614.9453
v  -87408.6875 11389.3633 -112614.5469
v  -84930.4219 11089.6436 -112614.1484
v  -82452.1406 11089.6436 -112613.7656
v  -79973.8672 10789.9238 -112613.3906
v  -77495.5859 10789.9238 -112613.0234
v  -75017.3203 10789.9238 -112612.6641
v  -72539.0391 10789.9238 -112612.3203
v  -70060.7656 10789.9238 -112611.9844
v  -67582.4844 10190.4834 -112611.6563
v  -65104.2188 9291.3232 -112611.3281
v  -62625.9375 8392.1621 -112611.0234
v  -60147.6641 7792.7227 -112610.7266
v  -57669.3906 7792.7227 -112610.4297
v  -55191.1172 7792.7227 -112610.1484
v  -52712.8438 7792.7227 -112609.8750
v  -50234.5625 7792.7227 -112609.6094
v  -47756.2891 7792.7227 -112609.3516
v  -45278.0156 7193.2822 -112609.1094
v  -42799.7383 6294.1221 -112608.8672
v  -40321.4609 5394.9619 -112608.6406
v  -37843.1836 4795.5215 -112608.4219
v  -35364.9102 4196.0811 -112608.2109
v  -32886.6328 3596.6411 -112608.0078
v  -30408.3594 3296.9209 -112607.8203
v  -27930.0820 3596.6411 -112607.6406
v  -25451.8086 3896.3613 -112607.4609
v  -22973.5313 4495.8013 -112607.3047
v  -20495.2578 5394.9619 -112607.1484
v  -18016.9805 5994.4019 -112607.0000
v  -15538.7070 5994.4019 -112606.8672
v  -13060.4297 6294.1221 -112606.7344
v  -10582.1582 6294.1221 -112606.6250
v  -8103.8828 6593.8418 -112606.5156
v  -5625.6074 7493.0024 -112606.4219
v  -3147.3320 7792.7227 -112606.3281
v  -669.0566 8092.4424 -112606.2422
v  1809.2188 8691.8828 -112606.1719
v  4287.4941 9591.0430 -112606.1094
v  6765.7695 10190.4834 -112606.0547
v  9244.0449 10490.2031 -112606.0078
v  11722.3203 10490.2031 -112605.9766
v  14200.5957 10789.9238 -112605.9453
v  16678.8711 11089.6436 -112605.9297
v  19157.1465 11389.3633 -112605.9219
v  21635.4219 11389.3633 -112605.9219
v  24113.6973 11089.6436 -112605.9375
v  26591.9727 11089.6436 -112605.9531
v  29070.2480 10789.9238 -112605.9844
v  31548.5234 10789.9238 -112606.0234
v  34026.8008 11089.6436 -112606.0703
v  36505.0742 11389.3633 -112606.1328
v  38983.3516 11389.3633 -112606.1875
v  41461.6250 11389.3633 -112606.2656
v  43939.8984 11389.3633 -112606.3516
v  46418.1758 11389.3633 -112606.4453
v  48896.4531 11389.3633 -112606.5469
v  51374.7266 11689.0840 -112606.6641
v  53853.0000 11689.0840 -112606.7813
v  56331.2773 11389.3633 -112606.9141
v  58809.5508 11089.6436 -112607.0469
v  61287.8281 11089.6436 -112607.1953
v  63766.1016 11089.6436 -112607.3594
v  66244.3750 11389.3633 -112607.5234
v  68722.6563 11389.3633 -112607.7031
v  71200.9297 11089.6436 -112607.8828
v  73679.2031 11389.3633 -112608.0781
v  76157.4844 11689.0840 -112608.2813
v  78635.7500 11988.8037 -112608.4922
v  81114.0313 12288.5234 -112608.7188
v  83592.3125 12288.5234 -112608.9531
v  86070.5781 12288.5234 -112609.1875
v  88548.8594 11988.8037 -112609.4375
v  91027.1328 11689.0840 -112609.6953
v  93505.4141 11689.0840 -112609.9688
v  95983.6797 11988.8037 -112610.2422
v  98461.9609 12588.2441 -112610.5234
v  100940.2344 12588.2441 -112610.8203
v  103418.5156 12288.5234 -112611.1250
v  105896.7813 11689.0840 -112611.4375
v  108375.0625 11389.3633 -112611.7656
v  110853.3359 11089.6436 -112612.0938
v  113331.6094 11089.6436 -112612.4375
v  115809.8828 10789.9238 -112612.7891
v  118288.1563 10490.2031 -112613.1484
v  120766.4375 10490.2031 -112613.5156
v  123244.7109 10190.4834 -112613.8906
v  125722.9844 10190.4834 -112614.2813
v  128201.2578 10190.4834 -112614.6719
v  130679.5391 10190.4834 -112615.0781
v  133157.8125 10190.4834 -112615.5000
v  135636.0938 10190.4834 -112615.9141
v  138114.3594 10190.4834 -112616.3516
v  140592.6406 9890.7627 -112616.7969
v  143070.9063 9890.7627 -112617.2422
v  145549.1875 9890.7627 -112617.7031
v  148027.4688 9890.7627 -112618.1719
v  150505.7344 9890.7627 -112618.6484
v  152984.0156 10190.4834 -112619.1484
v  155462.2813 10190.4834 -112619.6406
v  157940.5625 10490.2031 -112620.1484
v  160418.8438 10490.2031 -112620.6641
v  -117148.7813 11389.3633 -108779.8359
v  -119627.0781 11389.3633 -108780.3516
v  -114670.4844 11389.3633 -108779.3359
v  -112192.2031 11389.3633 -108778.8438
v  -109713.9219 11389.3633 -108778.3594
v  -107235.6250 11089.6436 -108777.8828
v  -104757.3359 11089.6436 -108777.4141
v  -102279.0469 11089.6436 -108776.9609
v  -99800.7578 11389.3633 -108776.5078
v  -97322.4688 11389.3633 -108776.0703
v  -94844.1719 11389.3633 -108775.6406
v  -92365.8906 11389.3633 -108775.2188
v  -89887.5938 11389.3633 -108774.8047
v  -87409.3125 11089.6436 -108774.4063
v  -84931.0234 11089.6436 -108774.0078
v  -82452.7266 11089.6436 -108773.6328
v  -79974.4453 10789.9238 -108773.2500
v  -77496.1484 11089.6436 -108772.8906
v  -75017.8594 11089.6436 -108772.5313
v  -72539.5703 11089.6436 -108772.1797
v  -70061.2813 10789.9238 -108771.8516
v  -67583.0000 10190.4834 -108771.5156
v  -65104.7031 9291.3232 -108771.1953
v  -62626.4141 8991.6025 -108770.8828
v  -60148.1250 8691.8828 -108770.5859
v  -57669.8359 8691.8828 -108770.2969
v  -55191.5391 8691.8828 -108770.0156
v  -52713.2578 8691.8828 -108769.7344
v  -50234.9609 8691.8828 -108769.4688
v  -47756.6797 8691.8828 -108769.2188
v  -45278.3867 8392.1621 -108768.9688
v  -42800.0977 7493.0024 -108768.7344
v  -40321.8047 6893.5620 -108768.5078
v  -37843.5195 5994.4019 -108768.2891
v  -35365.2305 5394.9619 -108768.0781
v  -32886.9414 4196.0811 -108767.8750
v  -30408.6484 3896.3613 -108767.6875
v  -27930.3594 3596.6411 -108767.5078
v  -25452.0703 3596.6411 -108767.3281
v  -22973.7813 3596.6411 -108767.1641
v  -20495.4883 3896.3613 -108767.0156
v  -18017.2031 4196.0811 -108766.8672
v  -15538.9141 4795.5215 -108766.7344
v  -13060.6211 5095.2417 -108766.6016
v  -10582.3320 5394.9619 -108766.4922
v  -8104.0430 5694.6816 -108766.3750
v  -5625.7520 6893.5620 -108766.2813
v  -3147.4648 7493.0024 -108766.1875
v  -669.1738 8092.4424 -108766.1094
v  1809.1152 8691.8828 -108766.0391
v  4287.4043 9591.0430 -108765.9766
v  6765.6943 9890.7627 -108765.9219
v  9243.9834 10190.4834 -108765.8750
v  11722.2734 10490.2031 -108765.8359
v  14200.5625 10789.9238 -108765.8125
v  16678.8535 11089.6436 -108765.7969
v  19157.1426 11389.3633 -108765.7891
v  21635.4316 11389.3633 -108765.7891
v  24113.7207 11389.3633 -108765.7969
v  26592.0117 11089.6436 -108765.8203
v  29070.3008 11089.6436 -108765.8516
v  31548.5898 11089.6436 -108765.8906
v  34026.8789 11089.6436 -108765.9375
v  36505.1680 11089.6436 -108765.9922
v  38983.4609 11089.6436 -108766.0547
v  41461.7500 11089.6436 -108766.1328
v  43940.0391 11089.6436 -108766.2188
v  46418.3281 11089.6436 -108766.3047
v  48896.6172 11089.6436 -108766.4141
v  51374.9063 11089.6436 -108766.5313
v  53853.1953 11089.6436 -108766.6484
v  56331.4883 11089.6436 -108766.7813
v  58809.7773 10789.9238 -108766.9141
v  61288.0625 10789.9238 -108767.0625
v  63766.3516 10789.9238 -108767.2188
v  66244.6406 11089.6436 -108767.3828
v  68722.9375 11089.6436 -108767.5703
v  71201.2188 10789.9238 -108767.7500
v  73679.5156 10789.9238 -108767.9453
v  76157.8047 10789.9238 -108768.1484
v  78636.0938 10789.9238 -108768.3594
v  81114.3750 11389.3633 -108768.5859
v  83592.6719 11689.0840 -108768.8125
v  86070.9609 11689.0840 -108769.0547
v  88549.2500 11689.0840 -108769.3047
v  91027.5391 11689.0840 -108769.5625
v  93505.8281 11988.8037 -108769.8281
v  95984.1172 11988.8037 -108770.1094
v  98462.4141 12288.5234 -108770.3906
v  100940.6953 12288.5234 -108770.6875
v  103418.9922 12288.5234 -108770.9922
v  105897.2734 11689.0840 -108771.3047
v  108375.5703 11389.3633 -108771.6328
v  110853.8594 11089.6436 -108771.9609
v  113332.1406 10789.9238 -108772.3047
v  115810.4375 10789.9238 -108772.6563
v  118288.7266 10789.9238 -108773.0078
v  120767.0156 10490.2031 -108773.3828
v  123245.3047 10490.2031 -108773.7578
v  125723.5938 10190.4834 -108774.1484
v  128201.8828 10190.4834 -108774.5391
v  130680.1719 10190.4834 -108774.9453
v  133158.4688 10190.4834 -108775.3594
v  135636.7500 9890.7627 -108775.7813
v  138115.0469 10190.4834 -108776.2188
v  140593.3281 10190.4834 -108776.6563
v  143071.6250 10190.4834 -108777.1094
v  145549.9063 10190.4834 -108777.5703
v  148028.1875 9890.7627 -108778.0391
v  150506.5000 9890.7627 -108778.5156
v  152984.7813 10190.4834 -108779.0078
v  155463.0625 10190.4834 -108779.5078
v  157941.3594 10190.4834 -108780.0156
v  160419.6406 10190.4834 -108780.5313
v  -117149.5781 11089.6436 -104939.7031
v  -119627.8750 11389.3633 -104940.2109
v  -114671.2656 11089.6436 -104939.1953
v  -112192.9531 11389.3633 -104938.7031
v  -109714.6641 11389.3633 -104938.2188
v  -107236.3594 11089.6436 -104937.7422
v  -104758.0469 11089.6436 -104937.2813
v  -102279.7500 11089.6436 -104936.8281
v  -99801.4453 11089.6436 -104936.3672
v  -97323.1406 11089.6436 -104935.9297
v  -94844.8359 11389.3633 -104935.5078
v  -92366.5313 11389.3633 -104935.0781
v  -89888.2266 11089.6436 -104934.6719
v  -87409.9297 11089.6436 -104934.2734
v  -84931.6172 10789.9238 -104933.8750
v  -82453.3203 10789.9238 -104933.4922
v  -79975.0078 10789.9238 -104933.1172
v  -77496.7109 10789.9238 -104932.7578
v  -75018.4063 11089.6436 -104932.3984
v  -72540.1016 11089.6436 -104932.0469
v  -70061.7969 11089.6436 -104931.7109
v  -67583.5000 10190.4834 -104931.3828
v  -65105.1875 9890.7627 -104931.0625
v  -62626.8906 9291.3232 -104930.7500
v  -60148.5781 9291.3232 -104930.4531
v  -57670.2813 9291.3232 -104930.1563
v  -55191.9766 8991.6025 -104929.8750
v  -52713.6719 8991.6025 -104929.6016
v  -50235.3672 8991.6025 -104929.3359
v  -47757.0625 8691.8828 -104929.0781
v  -45278.7578 8392.1621 -104928.8359
v  -42800.4570 8092.4424 -104928.6016
v  -40322.1563 7792.7227 -104928.3750
v  -37843.8516 7193.2822 -104928.1563
v  -35365.5469 6294.1221 -104927.9453
v  -32887.2422 5694.6816 -104927.7422
v  -30408.9414 5095.2417 -104927.5469
v  -27930.6367 4495.8013 -104927.3672
v  -25452.3320 4196.0811 -104927.1953
v  -22974.0273 3596.6411 -104927.0313
v  -20495.7266 3296.9209 -104926.8828
v  -18017.4219 3296.9209 -104926.7266
v  -15539.1172 3596.6411 -104926.5938
v  -13060.8125 3896.3613 -104926.4688
v  -10582.5078 4196.0811 -104926.3516
v  -8104.2051 4795.5215 -104926.2422
v  -5625.9004 5694.6816 -104926.1484
v  -3147.5977 6893.5620 -104926.0547
v  -669.2930 7792.7227 -104925.9688
v  1809.0117 8991.6025 -104925.9063
v  4287.3145 9591.0430 -104925.8359
v  6765.6182 10190.4834 -104925.7813
v  9243.9219 10490.2031 -104925.7344
v  11722.2256 10490.2031 -104925.7031
v  14200.5303 10789.9238 -104925.6719
v  16678.8340 11089.6436 -104925.6563
v  19157.1367 11089.6436 -104925.6484
v  21635.4414 11089.6436 -104925.6484
v  24113.7461 11089.6436 -104925.6641
v  26592.0488 11089.6436 -104925.6797
v  29070.3535 11089.6436 -104925.7109
v  31548.6563 11089.6436 -104925.7500
v  34026.9609 11089.6436 -104925.8047
v  36505.2656 11089.6436 -104925.8594
v  38983.5664 11089.6436 -104925.9219
v  41461.8711 11089.6436 -104926.0000
v  43940.1719 11089.6436 -104926.0859
v  46418.4766 11089.6436 -104926.1719
v  48896.7813 11089.6436 -104926.2813
v  51375.0859 11089.6436 -104926.3906
v  53853.3906 10789.9238 -104926.5078
v  56331.6953 10789.9238 -104926.6406
v  58810.0000 10490.2031 -104926.7813
v  61288.3047 10490.2031 -104926.9219
v  63766.6055 10490.2031 -104927.0859
v  66244.9063 11089.6436 -104927.2500
v  68723.2188 11089.6436 -104927.4297
v  71201.5156 11089.6436 -104927.6172
v  73679.8203 10789.9238 -104927.8047
v  76158.1250 10490.2031 -104928.0078
v  78636.4297 10490.2031 -104928.2188
v  81114.7344 10789.9238 -104928.4531
v  83593.0313 11089.6436 -104928.6797
v  86071.3359 11389.3633 -104928.9219
v  88549.6406 11389.3633 -104929.1719
v  91027.9453 11389.3633 -104929.4297
v  93506.2500 11389.3633 -104929.6953
v  95984.5547 11689.0840 -104929.9766
v  98462.8594 11689.0840 -104930.2500
v  100941.1563 11988.8037 -104930.5469
v  103419.4688 11988.8037 -104930.8516
v  105897.7656 11689.0840 -104931.1719
v  108376.0781 11689.0840 -104931.4922
v  110854.3750 11389.3633 -104931.8203
v  113332.6797 11089.6436 -104932.1641
v  115810.9844 11089.6436 -104932.5156
v  118289.2891 10789.9238 -104932.8750
v  120767.5859 10789.9238 -104933.2422
v  123245.8984 10490.2031 -104933.6172
v  125724.1953 10490.2031 -104934.0078
v  128202.5078 10490.2031 -104934.4063
v  130680.8047 10190.4834 -104934.8125
v  133159.1094 10190.4834 -104935.2266
v  135637.4219 10190.4834 -104935.6484
v  138115.7188 10190.4834 -104936.0859
v  140594.0313 10190.4834 -104936.5234
v  143072.3281 10190.4834 -104936.9766
v  145550.6250 10190.4834 -104937.4297
v  148028.9375 10190.4834 -104937.8984
v  150507.2344 10190.4834 -104938.3828
v  152985.5469 9890.7627 -104938.8750
v  155463.8438 9890.7627 -104939.3672
v  157942.1563 9890.7627 -104939.8750
v  160420.4531 9591.0430 -104940.3906
v  -117150.3594 11389.3633 -101099.5625
v  -119628.6875 11389.3633 -101100.0781
v  -114672.0313 11389.3633 -101099.0625
v  -112193.7188 11689.0840 -101098.5703
v  -109715.4063 11689.0840 -101098.0859
v  -107237.0859 11389.3633 -101097.6094
v  -104758.7656 11389.3633 -101097.1484
v  -102280.4453 11389.3633 -101096.6875
v  -99802.1328 11389.3633 -101096.2344
v  -97323.8125 11389.3633 -101095.7969
v  -94845.4922 11389.3633 -101095.3672
v  -92367.1797 11389.3633 -101094.9453
v  -89888.8594 11389.3633 -101094.5391
v  -87410.5391 11089.6436 -101094.1406
v  -84932.2266 10789.9238 -101093.7422
v  -82453.9063 10789.9238 -101093.3594
v  -79975.5859 10490.2031 -101092.9844
v  -77497.2734 10789.9238 -101092.6172
v  -75018.9531 10789.9238 -101092.2578
v  -72540.6328 10789.9238 -101091.9141
v  -70062.3203 10789.9238 -101091.5781
v  -67584.0000 10490.2031 -101091.2500
v  -65105.6797 10190.4834 -101090.9219
v  -62627.3594 9890.7627 -101090.6094
v  -60149.0469 9291.3232 -101090.3203
v  -57670.7266 8991.6025 -101090.0234
v  -55192.4063 8991.6025 -101089.7422
v  -52714.0938 8691.8828 -101089.4688
v  -50235.7656 8691.8828 -101089.2031
v  -47757.4531 8392.1621 -101088.9453
v  -45279.1367 8092.4424 -101088.7031
v  -42800.8203 7792.7227 -101088.4609
v  -40322.5000 7493.0024 -101088.2344
v  -37844.1797 7193.2822 -101088.0156
v  -35365.8633 6893.5620 -101087.8047
v  -32887.5469 6294.1221 -101087.6016
v  -30409.2266 5994.4019 -101087.4141
v  -27930.9102 5694.6816 -101087.2344
v  -25452.5898 5095.2417 -101087.0547
v  -22974.2734 4196.0811 -101086.8984
v  -20495.9570 3596.6411 -101086.7422
v  -18017.6367 3296.9209 -101086.5938
v  -15539.3164 3296.9209 -101086.4609
v  -13061.0039 3296.9209 -101086.3281
v  -10582.6836 3296.9209 -101086.2188
v  -8104.3652 3896.3613 -101086.1094
v  -5626.0488 4795.5215 -101086.0078
v  -3147.7285 5994.4019 -101085.9141
v  -669.4102 7193.2822 -101085.8359
v  1808.9063 8691.8828 -101085.7656
v  4287.2246 9890.7627 -101085.7031
v  6765.5430 10490.2031 -101085.6484
v  9243.8604 10789.9238 -101085.6016
v  11722.1787 11089.6436 -101085.5625
v  14200.4971 11089.6436 -101085.5391
v  16678.8145 11089.6436 -101085.5234
v  19157.1328 11089.6436 -101085.5156
v  21635.4512 11089.6436 -101085.5156
v  24113.7695 10789.9238 -101085.5234
v  26592.0859 10789.9238 -101085.5469
v  29070.4063 10789.9238 -101085.5781
v  31548.7227 10789.9238 -101085.6172
v  34027.0391 11089.6436 -101085.6641
v  36505.3594 11089.6436 -101085.7266
v  38983.6797 11089.6436 -101085.7813
v  41461.9922 11089.6436 -101085.8594
v  43940.3125 11089.6436 -101085.9453
v  46418.6328 11089.6436 -101086.0391
v  48896.9492 11089.6436 -101086.1406
v  51375.2656 11089.6436 -101086.2578
v  53853.5859 10789.9238 -101086.3750
v  56331.9023 10789.9238 -101086.5078
v  58810.2227 10789.9238 -101086.6406
v  61288.5391 10789.9238 -101086.7891
v  63766.8555 11089.6436 -101086.9531
v  66245.1719 11089.6436 -101087.1172
v  68723.5000 11389.3633 -101087.2969
v  71201.8125 11389.3633 -101087.4766
v  73680.1250 11089.6436 -101087.6719
v  76158.4531 10789.9238 -101087.8750
v  78636.7656 10789.9238 -101088.0859
v  81115.0781 11089.6436 -101088.3125
v  83593.4063 11389.3633 -101088.5469
v  86071.7188 11389.3633 -101088.7813
v  88550.0391 11389.3633 -101089.0313
v  91028.3516 11089.6436 -101089.2891
v  93506.6797 10789.9238 -101089.5625
v  95984.9922 10789.9238 -101089.8359
v  98463.3047 11089.6436 -101090.1172
v  100941.6328 11389.3633 -101090.4141
v  103419.9453 11689.0840 -101090.7188
v  105898.2656 11689.0840 -101091.0313
v  108376.5859 11689.0840 -101091.3594
v  110854.8984 11988.8037 -101091.6875
v  113333.2188 11988.8037 -101092.0313
v  115811.5313 11689.0840 -101092.3828
v  118289.8516 11389.3633 -101092.7344
v  120768.1719 11089.6436 -101093.1094
v  123246.4844 11089.6436 -101093.4844
v  125724.8125 10490.2031 -101093.8750
v  128203.1250 10490.2031 -101094.2656
v  130681.4375 10190.4834 -101094.6797
v  133159.7656 10190.4834 -101095.0859
v  135638.0781 10190.4834 -101095.5078
v  138116.3906 10190.4834 -101095.9453
v  140594.7188 10190.4834 -101096.3906
v  143073.0313 10190.4834 -101096.8359
v  145551.3438 10190.4834 -101097.2969
v  148029.6719 10190.4834 -101097.7656
v  150508.0000 10190.4834 -101098.2422
v  152986.2969 10190.4834 -101098.7422
v  155464.6250 9890.7627 -101099.2344
v  157942.9531 9591.0430 -101099.7422
v  160421.2500 9591.0430 -101100.2578
v  -117151.1406 11689.0840 -97259.4297
v  -119629.4688 11689.0840 -97259.9453
v  -114672.8125 11689.0840 -97258.9297
v  -112194.4844 11689.0840 -97258.4297
v  -109716.1484 11689.0840 -97257.9453
v  -107237.8125 11389.3633 -97257.4766
v  -104759.4844 11389.3633 -97257.0078
v  -102281.1484 11389.3633 -97256.5547
v  -99802.8203 11389.3633 -97256.1016
v  -97324.4922 11689.0840 -97255.6641
v  -94846.1563 11689.0840 -97255.2344
v  -92367.8203 11689.0840 -97254.8125
v  -89889.4922 11389.3633 -97254.3984
v  -87411.1563 11389.3633 -97254.0000
v  -84932.8203 11089.6436 -97253.6016
v  -82454.4922 10789.9238 -97253.2266
v  -79976.1641 10490.2031 -97252.8438
v  -77497.8281 10190.4834 -97252.4844
v  -75019.4922 10190.4834 -97252.1250
v  -72541.1641 10190.4834 -97251.7734
v  -70062.8359 10190.4834 -97251.4453
v  -67584.5000 10190.4834 -97251.1094
v  -65106.1641 10190.4834 -97250.7891
v  -62627.8359 9890.7627 -97250.4766
v  -60149.5078 9291.3232 -97250.1797
v  -57671.1719 8691.8828 -97249.8906
v  -55192.8359 8392.1621 -97249.6016
v  -52714.5078 8092.4424 -97249.3281
v  -50236.1797 8092.4424 -97249.0625
v  -47757.8359 7792.7227 -97248.8125
v  -45279.5078 7193.2822 -97248.5625
v  -42801.1797 7193.2822 -97248.3281
v  -40322.8438 7193.2822 -97248.1016
v  -37844.5156 6893.5620 -97247.8828
v  -35366.1797 6593.8418 -97247.6719
v  -32887.8516 6294.1221 -97247.4688
v  -30409.5156 5994.4019 -97247.2813
v  -27931.1875 5694.6816 -97247.1016
v  -25452.8516 5095.2417 -97246.9219
v  -22974.5195 4495.8013 -97246.7578
v  -20496.1875 4196.0811 -97246.6094
v  -18017.8555 3896.3613 -97246.4609
v  -15539.5234 3596.6411 -97246.3281
v  -13061.1914 3596.6411 -97246.1953
v  -10582.8594 3596.6411 -97246.0781
v  -8104.5273 3596.6411 -97245.9688
v  -5626.1934 4196.0811 -97245.8750
v  -3147.8613 5394.9619 -97245.7813
v  -669.5293 6893.5620 -97245.6953
v  1808.8027 8092.4424 -97245.6328
v  4287.1348 9591.0430 -97245.5703
v  6765.4668 10789.9238 -97245.5156
v  9243.7988 11089.6436 -97245.4688
v  11722.1309 11089.6436 -97245.4297
v  14200.4639 11089.6436 -97245.4063
v  16678.7969 11089.6436 -97245.3828
v  19157.1289 11089.6436 -97245.3828
v  21635.4609 11089.6436 -97245.3828
v  24113.7930 10789.9238 -97245.3906
v  26592.1250 10789.9238 -97245.4141
v  29070.4570 10789.9238 -97245.4453
v  31548.7891 11089.6436 -97245.4844
v  34027.1211 11089.6436 -97245.5313
v  36505.4531 11389.3633 -97245.5859
v  38983.7852 11089.6436 -97245.6484
v  41462.1172 11089.6436 -97245.7266
v  43940.4531 10789.9238 -97245.8125
v  46418.7813 10789.9238 -97245.8984
v  48897.1172 11089.6436 -97246.0078
v  51375.4453 11089.6436 -97246.1250
v  53853.7773 11089.6436 -97246.2344
v  56332.1133 11089.6436 -97246.3750
v  58810.4414 11089.6436 -97246.5078
v  61288.7773 11389.3633 -97246.6563
v  63767.1055 11389.3633 -97246.8125
v  66245.4375 11389.3633 -97246.9766
v  68723.7656 11689.0840 -97247.1641
v  71202.1094 11389.3633 -97247.3438
v  73680.4375 11389.3633 -97247.5391
v  76158.7656 11089.6436 -97247.7344
v  78637.1016 11089.6436 -97247.9531
v  81115.4375 11389.3633 -97248.1797
v  83593.7656 11689.0840 -97248.4063
v  86072.0938 11689.0840 -97248.6484
v  88550.4297 11689.0840 -97248.8984
v  91028.7656 11089.6436 -97249.1563
v  93507.0938 10490.2031 -97249.4219
v  95985.4297 10490.2031 -97249.7031
v  98463.7578 10789.9238 -97249.9844
v  100942.0938 11389.3633 -97250.2734
v  103420.4219 11389.3633 -97250.5859
v  105898.7578 11389.3633 -97250.8984
v  108377.0938 11389.3633 -97251.2266
v  110855.4219 11689.0840 -97251.5469
v  113333.7500 11988.8037 -97251.8906
v  115812.0859 12288.5234 -97252.2500
v  118290.4219 11988.8037 -97252.6016
v  120768.7500 11988.8037 -97252.9766
v  123247.0781 11689.0840 -97253.3516
v  125725.4141 11389.3633 -97253.7422
v  128203.7500 10789.9238 -97254.1328
v  130682.0781 10789.9238 -97254.5391
v  133160.4063 10490.2031 -97254.9531
v  135638.7500 10190.4834 -97255.3750
v  138117.0781 10190.4834 -97255.8125
v  140595.4063 9890.7627 -97256.2500
v  143073.7344 9890.7627 -97256.7031
v  145552.0781 10190.4834 -97257.1641
v  148030.4063 10490.2031 -97257.6328
v  150508.7344 10490.2031 -97258.1094
v  152987.0781 10490.2031 -97258.6016
v  155465.3906 10190.4834 -97259.1016
v  157943.7344 9890.7627 -97259.6094
v  160422.0781 9291.3232 -97260.1250
v  -117151.9375 11689.0840 -93419.2969
v  -119630.2813 11988.8037 -93419.8047
v  -114673.5781 11689.0840 -93418.7891
v  -112195.2500 11689.0840 -93418.2969
v  -109716.8906 11389.3633 -93417.8125
v  -107238.5391 11389.3633 -93417.3359
v  -104760.2031 11389.3633 -93416.8750
v  -102281.8594 11389.3633 -93416.4141
v  -99803.5000 11689.0840 -93415.9609
v  -97325.1563 11689.0840 -93415.5234
v  -94846.8125 11689.0840 -93415.1016
v  -92368.4688 11689.0840 -93414.6719
v  -89890.1250 11389.3633 -93414.2656
v  -87411.7734 11389.3633 -93413.8672
v  -84933.4297 11089.6436 -93413.4688
v  -82455.0859 10789.9238 -93413.0859
v  -79976.7344 10490.2031 -93412.7109
v  -77498.3828 10190.4834 -93412.3516
v  -75020.0391 9890.7627 -93411.9922
v  -72541.6953 9890.7627 -93411.6406
v  -70063.3516 9890.7627 -93411.3047
v  -67585.0078 9890.7627 -93410.9766
v  -65106.6563 9591.0430 -93410.6563
v  -62628.3047 9291.3232 -93410.3438
v  -60149.9609 8691.8828 -93410.0469
v  -57671.6172 8392.1621 -93409.7500
v  -55193.2734 8092.4424 -93409.4688
v  -52714.9219 7792.7227 -93409.1953
v  -50236.5781 7493.0024 -93408.9297
v  -47758.2344 6893.5620 -93408.6719
v  -45279.8867 6593.8418 -93408.4297
v  -42801.5391 6593.8418 -93408.1953
v  -40323.1953 6593.8418 -93407.9609
v  -37844.8438 6593.8418 -93407.7500
v  -35366.5000 6294.1221 -93407.5391
v  -32888.1523 5994.4019 -93407.3359
v  -30409.8047 5994.4019 -93407.1406
v  -27931.4570 5394.9619 -93406.9609
v  -25453.1133 5095.2417 -93406.7813
v  -22974.7695 4795.5215 -93406.6250
v  -20496.4180 4795.5215 -93406.4766
v  -18018.0742 4795.5215 -93406.3203
v  -15539.7266 4795.5215 -93406.1875
v  -13061.3828 4495.8013 -93406.0625
v  -10583.0352 4495.8013 -93405.9453
v  -8104.6875 4495.8013 -93405.8359
v  -5626.3418 5095.2417 -93405.7422
v  -3147.9941 5994.4019 -93405.6484
v  -669.6484 7493.0024 -93405.5625
v  1808.6973 8691.8828 -93405.5000
v  4287.0449 9890.7627 -93405.4297
v  6765.3906 10490.2031 -93405.3750
v  9243.7373 10789.9238 -93405.3281
v  11722.0840 10789.9238 -93405.2969
v  14200.4307 11089.6436 -93405.2656
v  16678.7773 11089.6436 -93405.2500
v  19157.1230 11089.6436 -93405.2500
v  21635.4688 11089.6436 -93405.2500
v  24113.8164 11089.6436 -93405.2578
v  26592.1621 11089.6436 -93405.2734
v  29070.5098 11089.6436 -93405.3047
v  31548.8555 11089.6436 -93405.3438
v  34027.2031 11389.3633 -93405.3906
v  36505.5469 11389.3633 -93405.4531
v  38983.8945 11089.6436 -93405.5156
v  41462.2422 11089.6436 -93405.5859
v  43940.5859 11089.6436 -93405.6797
v  46418.9375 11089.6436 -93405.7656
v  48897.2813 11089.6436 -93405.8672
v  51375.6250 11089.6436 -93405.9844
v  53853.9766 11389.3633 -93406.1016
v  56332.3203 11389.3633 -93406.2344
v  58810.6680 11389.3633 -93406.3750
v  61289.0117 11389.3633 -93406.5234
v  63767.3594 11389.3633 -93406.6797
v  66245.7031 11389.3633 -93406.8438
v  68724.0469 11389.3633 -93407.0234
v  71202.3984 11389.3633 -93407.2109
v  73680.7500 11089.6436 -93407.3984
v  76159.0938 11089.6436 -93407.6016
v  78637.4375 11389.3633 -93407.8125
v  81115.7813 11389.3633 -93408.0391
v  83594.1250 11689.0840 -93408.2734
v  86072.4844 11689.0840 -93408.5156
v  88550.8281 11389.3633 -93408.7578
v  91029.1719 10789.9238 -93409.0234
v  93507.5156 10490.2031 -93409.2891
v  95985.8594 10490.2031 -93409.5625
v  98464.2109 10789.9238 -93409.8438
v  100942.5547 11089.6436 -93410.1406
v  103420.8984 11089.6436 -93410.4453
v  105899.2500 11089.6436 -93410.7656
v  108377.6016 10789.9238 -93411.0859
v  110855.9453 11089.6436 -93411.4141
v  113334.2891 11389.3633 -93411.7578
v  115812.6328 11988.8037 -93412.1094
v  118290.9766 11988.8037 -93412.4688
v  120769.3281 11988.8037 -93412.8359
v  123247.6797 11988.8037 -93413.2109
v  125726.0234 11988.8037 -93413.6016
v  128204.3672 11689.0840 -93413.9922
v  130682.7109 11089.6436 -93414.4063
v  133161.0625 10789.9238 -93414.8203
v  135639.4063 10490.2031 -93415.2422
v  138117.7500 10190.4834 -93415.6797
v  140596.0938 10190.4834 -93416.1172
v  143074.4531 10190.4834 -93416.5703
v  145552.7969 10490.2031 -93417.0234
v  148031.1406 10789.9238 -93417.4922
v  150509.4688 10789.9238 -93417.9766
v  152987.8281 10490.2031 -93418.4688
v  155466.1875 9890.7627 -93418.9609
v  157944.5156 9591.0430 -93419.4688
v  160422.8750 9291.3232 -93419.9844
v  -117152.7188 11988.8037 -89579.1563
v  -119631.0781 11988.8037 -89579.6719
v  -114674.3594 11689.0840 -89578.6563
v  -112196.0000 11689.0840 -89578.1641
v  -109717.6328 11389.3633 -89577.6797
v  -107239.2813 11389.3633 -89577.2031
v  -104760.9141 11389.3633 -89576.7344
v  -102282.5547 11389.3633 -89576.2813
v  -99804.1953 11689.0840 -89575.8281
v  -97325.8359 11689.0840 -89575.3906
v  -94847.4688 11689.0840 -89574.9609
v  -92369.1094 11389.3633 -89574.5391
v  -89890.7500 11089.6436 -89574.1328
v  -87412.3906 11089.6436 -89573.7266
v  -84934.0313 10789.9238 -89573.3359
v  -82455.6719 10789.9238 -89572.9531
v  -79977.3047 10490.2031 -89572.5703
v  -77498.9453 10190.4834 -89572.2109
v  -75020.5859 9890.7627 -89571.8516
v  -72542.2266 9591.0430 -89571.5000
v  -70063.8672 9291.3232 -89571.1719
v  -67585.5078 8991.6025 -89570.8359
v  -65107.1406 8991.6025 -89570.5156
v  -62628.7813 8691.8828 -89570.2031
v  -60150.4219 8392.1621 -89569.9141
v  -57672.0625 8092.4424 -89569.6172
v  -55193.7031 8092.4424 -89569.3359
v  -52715.3438 8392.1621 -89569.0625
v  -50236.9844 8092.4424 -89568.7969
v  -47758.6172 7792.7227 -89568.5391
v  -45280.2578 7193.2822 -89568.2891
v  -42801.8984 7193.2822 -89568.0547
v  -40323.5391 7193.2822 -89567.8281
v  -37845.1758 7193.2822 -89567.6094
v  -35366.8164 6893.5620 -89567.4063
v  -32888.4570 6593.8418 -89567.1953
v  -30410.0977 6294.1221 -89567.0078
v  -27931.7344 5394.9619 -89566.8281
v  -25453.3750 4795.5215 -89566.6484
v  -22975.0156 4795.5215 -89566.4922
v  -20496.6523 5394.9619 -89566.3359
v  -18018.2930 5694.6816 -89566.1875
v  -15539.9336 5694.6816 -89566.0547
v  -13061.5703 5394.9619 -89565.9219
v  -10583.2090 5095.2417 -89565.8125
v  -8104.8477 5095.2417 -89565.6953
v  -5626.4883 5394.9619 -89565.6016
v  -3148.1270 6593.8418 -89565.5078
v  -669.7676 7792.7227 -89565.4297
v  1808.5938 8691.8828 -89565.3594
v  4286.9541 9591.0430 -89565.2969
v  6765.3154 10490.2031 -89565.2422
v  9243.6758 10490.2031 -89565.1953
v  11722.0361 10789.9238 -89565.1563
v  14200.3975 10789.9238 -89565.1328
v  16678.7578 11089.6436 -89565.1172
v  19157.1191 11089.6436 -89565.1172
v  21635.4785 11089.6436 -89565.1172
v  24113.8398 11089.6436 -89565.1172
v  26592.1992 11089.6436 -89565.1406
v  29070.5625 11089.6436 -89565.1719
v  31548.9219 11089.6436 -89565.2109
v  34027.2813 11089.6436 -89565.2578
v  36505.6445 11089.6436 -89565.3203
v  38984.0078 11089.6436 -89565.3750
v  41462.3672 11089.6436 -89565.4531
v  43940.7266 11089.6436 -89565.5391
v  46419.0859 11389.3633 -89565.6328
v  48897.4453 11389.3633 -89565.7344
v  51375.8086 11389.3633 -89565.8516
v  53854.1680 11389.3633 -89565.9688
v  56332.5273 11389.3633 -89566.1016
v  58810.8906 11389.3633 -89566.2344
v  61289.2500 11389.3633 -89566.3906
v  63767.6094 11389.3633 -89566.5469
v  66245.9688 11389.3633 -89566.7109
v  68724.3281 11389.3633 -89566.8906
v  71202.6875 11389.3633 -89567.0703
v  73681.0547 11389.3633 -89567.2656
v  76159.4141 11389.3633 -89567.4688
v  78637.7734 11389.3633 -89567.6797
v  81116.1406 11389.3633 -89567.9063
v  83594.5000 11089.6436 -89568.1406
v  86072.8594 11089.6436 -89568.3750
v  88551.2188 11089.6436 -89568.6250
v  91029.5781 10789.9238 -89568.8828
v  93507.9453 10789.9238 -89569.1563
v  95986.3047 10789.9238 -89569.4297
v  98464.6641 10789.9238 -89569.7109
v  100943.0234 10789.9238 -89570.0078
v  103421.3828 10789.9238 -89570.3125
v  105899.7422 10490.2031 -89570.6250
v  108378.1094 10490.2031 -89570.9531
v  110856.4688 10789.9238 -89571.2813
v  113334.8281 11089.6436 -89571.6250
v  115813.1875 11089.6436 -89571.9766
v  118291.5469 11389.3633 -89572.3281
v  120769.9063 11389.3633 -89572.7031
v  123248.2656 11689.0840 -89573.0781
v  125726.6328 11689.0840 -89573.4688
v  128204.9922 11689.0840 -89573.8594
v  130683.3516 11389.3633 -89574.2734
v  133161.7188 10789.9238 -89574.6797
v  135640.0625 10190.4834 -89575.1016
v  138118.4375 10190.4834 -89575.5391
v  140596.7969 9890.7627 -89575.9844
v  143075.1563 9890.7627 -89576.4297
v  145553.5156 10190.4834 -89576.8906
v  148031.8750 10490.2031 -89577.3594
v  150510.2344 10490.2031 -89577.8359
v  152988.5938 9890.7627 -89578.3281
v  155466.9531 9591.0430 -89578.8281
v  157945.3125 9291.3232 -89579.3359
v  160423.6719 8991.6025 -89579.8516
v  -117153.5000 12288.5234 -85739.0234
v  -119631.8750 12288.5234 -85739.5391
v  -114675.1250 11988.8037 -85738.5234
v  -112196.7656 11689.0840 -85738.0234
v  -109718.3750 11689.0840 -85737.5391
v  -107240.0078 11389.3633 -85737.0703
v  -104761.6328 11389.3633 -85736.6016
v  -102283.2578 11389.3633 -85736.1484
v  -99804.8828 11389.3633 -85735.6953
v  -97326.5078 11689.0840 -85735.2578
v  -94848.1328 11689.0840 -85734.8281
v  -92369.7578 11389.3633 -85734.3984
v  -89891.3828 11089.6436 -85733.9922
v  -87413.0000 10789.9238 -85733.5938
v  -84934.6250 10490.2031 -85733.1953
v  -82456.2578 10490.2031 -85732.8203
v  -79977.8828 10190.4834 -85732.4375
v  -77499.5078 9890.7627 -85732.0781
v  -75021.1328 9591.0430 -85731.7188
v  -72542.7578 9291.3232 -85731.3672
v  -70064.3828 8991.6025 -85731.0313
v  -67586.0078 8691.8828 -85730.7031
v  -65107.6328 8691.8828 -85730.3828
v  -62629.2578 8691.8828 -85730.0703
v  -60150.8828 8691.8828 -85729.7734
v  -57672.5078 8991.6025 -85729.4844
v  -55194.1328 8991.6025 -85729.1953
v  -52715.7578 9291.3232 -85728.9219
v  -50237.3828 8991.6025 -85728.6563
v  -47759.0078 8691.8828 -85728.4063
v  -45280.6328 8392.1621 -85728.1563
v  -42802.2578 8392.1621 -85727.9219
v  -40323.8828 8392.1621 -85727.6953
v  -37845.5078 8691.8828 -85727.4766
v  -35367.1367 8392.1621 -85727.2656
v  -32888.7578 7493.0024 -85727.0625
v  -30410.3828 6593.8418 -85726.8750
v  -27932.0078 5694.6816 -85726.6953
v  -25453.6367 5095.2417 -85726.5156
v  -22975.2617 4795.5215 -85726.3516
v  -20496.8828 5394.9619 -85726.2031
v  -18018.5078 5994.4019 -85726.0547
v  -15540.1328 6593.8418 -85725.9219
v  -13061.7617 5994.4019 -85725.7891
v  -10583.3848 5394.9619 -85725.6719
v  -8105.0098 5394.9619 -85725.5625
v  -5626.6367 5694.6816 -85725.4688
v  -3148.2598 6893.5620 -85725.3750
v  -669.8867 8392.1621 -85725.2891
v  1808.4902 9591.0430 -85725.2266
v  4286.8643 10190.4834 -85725.1641
v  6765.2393 10490.2031 -85725.1016
v  9243.6143 10490.2031 -85725.0625
v  11721.9893 10490.2031 -85725.0234
v  14200.3643 10789.9238 -85725.0000
v  16678.7383 10789.9238 -85724.9844
v  19157.1133 11089.6436 -85724.9766
v  21635.4883 11089.6436 -85724.9844
v  24113.8633 10789.9238 -85724.9844
v  26592.2383 10789.9238 -85725.0078
v  29070.6133 11089.6436 -85725.0313
v  31548.9883 11089.6436 -85725.0703
v  34027.3633 11089.6436 -85725.1250
v  36505.7383 11089.6436 -85725.1797
v  38984.1133 11089.6436 -85725.2422
v  41462.4883 11389.3633 -85725.3203
v  43940.8633 11389.3633 -85725.4063
v  46419.2383 11389.3633 -85725.4922
v  48897.6094 11389.3633 -85725.6016
v  51375.9883 11389.3633 -85725.7109
v  53854.3633 11389.3633 -85725.8281
v  56332.7383 11089.6436 -85725.9688
v  58811.1133 11089.6436 -85726.1016
v  61289.4844 11089.6436 -85726.2500
v  63767.8594 11089.6436 -85726.4063
v  66246.2344 11089.6436 -85726.5703
v  68724.6094 11089.6436 -85726.7500
v  71202.9844 11389.3633 -85726.9375
v  73681.3594 11389.3633 -85727.1328
v  76159.7344 11689.0840 -85727.3281
v  78638.1094 11988.8037 -85727.5391
v  81116.4844 11689.0840 -85727.7734
v  83594.8594 11389.3633 -85728.0000
v  86073.2422 11089.6436 -85728.2422
v  88551.6094 10789.9238 -85728.4922
v  91029.9844 10789.9238 -85728.7500
v  93508.3594 10789.9238 -85729.0156
v  95986.7344 11089.6436 -85729.2969
v  98465.1094 11089.6436 -85729.5703
v  100943.4844 10789.9238 -85729.8672
v  103421.8594 10490.2031 -85730.1797
v  105900.2344 10490.2031 -85730.4922
v  108378.6172 10490.2031 -85730.8125
v  110856.9844 10490.2031 -85731.1406
v  113335.3594 10789.9238 -85731.4844
v  115813.7344 10789.9238 -85731.8438
v  118292.1094 10789.9238 -85732.1953
v  120770.4844 11089.6436 -85732.5703
v  123248.8594 11389.3633 -85732.9375
v  125727.2344 11389.3633 -85733.3281
v  128205.6094 11389.3633 -85733.7266
v  130683.9844 10789.9238 -85734.1328
v  133162.3594 10490.2031 -85734.5469
v  135640.7344 10190.4834 -85734.9688
v  138119.1094 9890.7627 -85735.4063
v  140597.4844 9591.0430 -85735.8438
v  143075.8594 9591.0430 -85736.2969
v  145554.2344 9890.7627 -85736.7578
v  148032.6094 9890.7627 -85737.2188
v  150510.9688 9890.7627 -85737.7031
v  152989.3594 9890.7627 -85738.1953
v  155467.7344 9591.0430 -85738.6953
v  157946.1094 9591.0430 -85739.1953
v  160424.4844 9591.0430 -85739.7109
v  -117154.2813 12288.5234 -81898.8906
v  -119632.6875 12288.5234 -81899.3984
v  -114675.9063 12288.5234 -81898.3828
v  -112197.5156 11988.8037 -81897.8906
v  -109719.1172 11689.0840 -81897.4063
v  -107240.7344 11689.0840 -81896.9297
v  -104762.3438 11689.0840 -81896.4688
v  -102283.9531 11689.0840 -81896.0078
v  -99805.5625 11689.0840 -81895.5547
v  -97327.1797 11689.0840 -81895.1172
v  -94848.7891 11389.3633 -81894.6953
v  -92370.3984 11389.3633 -81894.2656
v  -89892.0078 10789.9238 -81893.8594
v  -87413.6250 10490.2031 -81893.4609
v  -84935.2344 10190.4834 -81893.0625
v  -82456.8438 10190.4834 -81892.6797
v  -79978.4531 9890.7627 -81892.3047
v  -77500.0703 9890.7627 -81891.9453
v  -75021.6797 9591.0430 -81891.5859
v  -72543.2891 8991.6025 -81891.2344
v  -70064.8984 8991.6025 -81890.8984
v  -67586.5156 8991.6025 -81890.5703
v  -65108.1250 8991.6025 -81890.2500
v  -62629.7344 8991.6025 -81889.9375
v  -60151.3438 9291.3232 -81889.6406
v  -57672.9531 9591.0430 -81889.3438
v  -55194.5625 9591.0430 -81889.0625
v  -52716.1719 9591.0430 -81888.7891
v  -50237.7813 9591.0430 -81888.5234
v  -47759.3984 9291.3232 -81888.2656
v  -45281.0117 9291.3232 -81888.0234
v  -42802.6172 8991.6025 -81887.7813
v  -40324.2266 9291.3232 -81887.5547
v  -37845.8398 9591.0430 -81887.3359
v  -35367.4492 9291.3232 -81887.1328
v  -32889.0625 8392.1621 -81886.9219
v  -30410.6719 6893.5620 -81886.7344
v  -27932.2852 5394.9619 -81886.5547
v  -25453.8945 4795.5215 -81886.3750
v  -22975.5078 4495.8013 -81886.2188
v  -20497.1172 4795.5215 -81886.0625
v  -18018.7305 5694.6816 -81885.9141
v  -15540.3359 5994.4019 -81885.7813
v  -13061.9492 5694.6816 -81885.6563
v  -10583.5605 5394.9619 -81885.5391
v  -8105.1699 5694.6816 -81885.4297
v  -5626.7813 7193.2822 -81885.3359
v  -3148.3926 8392.1621 -81885.2422
v  -670.0039 9591.0430 -81885.1563
v  1808.3848 10190.4834 -81885.0859
v  4286.7744 10490.2031 -81885.0234
v  6765.1631 10490.2031 -81884.9688
v  9243.5527 10490.2031 -81884.9219
v  11721.9414 10490.2031 -81884.8906
v  14200.3311 10490.2031 -81884.8594
v  16678.7207 10789.9238 -81884.8438
v  19157.1094 10789.9238 -81884.8438
v  21635.4980 10789.9238 -81884.8438
v  24113.8867 10789.9238 -81884.8516
v  26592.2773 10789.9238 -81884.8672
v  29070.6660 10789.9238 -81884.8984
v  31549.0547 10789.9238 -81884.9375
v  34027.4453 11089.6436 -81884.9844
v  36505.8359 11089.6436 -81885.0469
v  38984.2227 11089.6436 -81885.1016
v  41462.6094 11089.6436 -81885.1797
v  43941.0000 11089.6436 -81885.2656
v  46419.3906 11089.6436 -81885.3594
v  48897.7813 11089.6436 -81885.4609
v  51376.1680 11089.6436 -81885.5781
v  53854.5547 11389.3633 -81885.6953
v  56332.9453 11389.3633 -81885.8281
v  58811.3359 11389.3633 -81885.9688
v  61289.7227 11389.3633 -81886.1172
v  63768.1133 11389.3633 -81886.2734
v  66246.5000 11089.6436 -81886.4375
v  68724.8906 11089.6436 -81886.6172
v  71203.2813 11089.6436 -81886.8047
v  73681.6719 11389.3633 -81886.9922
v  76160.0625 11689.0840 -81887.1953
v  78638.4531 11988.8037 -81887.4063
v  81116.8359 11689.0840 -81887.6328
v  83595.2266 11389.3633 -81887.8672
v  86073.6172 11089.6436 -81888.1016
v  88552.0000 11089.6436 -81888.3516
v  91030.3906 11089.6436 -81888.6094
v  93508.7813 11089.6436 -81888.8828
v  95987.1719 11089.6436 -81889.1563
v  98465.5547 10789.9238 -81889.4375
v  100943.9453 10789.9238 -81889.7344
v  103422.3359 10789.9238 -81890.0391
v  105900.7266 10490.2031 -81890.3594
v  108379.1172 10490.2031 -81890.6797
v  110857.5078 10490.2031 -81891.0078
v  113335.8984 10490.2031 -81891.3516
v  115814.2891 10490.2031 -81891.7031
v  118292.6797 10789.9238 -81892.0625
v  120771.0625 11089.6436 -81892.4297
v  123249.4531 11389.3633 -81892.8047
v  125727.8438 11389.3633 -81893.1953
v  128206.2344 11089.6436 -81893.5859
v  130684.6172 10490.2031 -81894.0000
v  133163.0000 10190.4834 -81894.4141
v  135641.4063 9890.7627 -81894.8281
v  138119.7813 9591.0430 -81895.2734
v  140598.1719 9291.3232 -81895.7109
v  143076.5625 8991.6025 -81896.1563
v  145554.9531 9591.0430 -81896.6172
v  148033.3438 9890.7627 -81897.0859
v  150511.7344 9890.7627 -81897.5703
v  152990.1250 9890.7627 -81898.0625
v  155468.5000 9890.7627 -81898.5547
v  157946.9063 9890.7627 -81899.0625
v  160425.2813 9890.7627 -81899.5781
v  -117155.0781 11988.8037 -78058.7500
v  -119633.4844 11988.8037 -78059.2656
v  -114676.6719 11988.8037 -78058.2500
v  -112198.2813 11988.8037 -78057.7578
v  -109719.8672 11988.8037 -78057.2734
v  -107241.4688 11689.0840 -78056.7969
v  -104763.0625 11689.0840 -78056.3281
v  -102284.6641 11689.0840 -78055.8750
v  -99806.2578 11689.0840 -78055.4219
v  -97327.8594 11389.3633 -78054.9844
v  -94849.4531 11389.3633 -78054.5547
v  -92371.0469 11089.6436 -78054.1328
v  -89892.6484 10490.2031 -78053.7188
v  -87414.2422 10490.2031 -78053.3203
v  -84935.8359 10190.4834 -78052.9219
v  -82457.4375 10190.4834 -78052.5469
v  -79979.0313 10190.4834 -78052.1641
v  -77500.6250 9890.7627 -78051.8047
v  -75022.2266 9591.0430 -78051.4453
v  -72543.8203 9591.0430 -78051.0938
v  -70065.4219 9291.3232 -78050.7656
v  -67587.0156 9291.3232 -78050.4297
v  -65108.6094 9591.0430 -78050.1094
v  -62630.2109 9591.0430 -78049.8047
v  -60151.8047 9591.0430 -78049.5000
v  -57673.3984 9890.7627 -78049.2109
v  -55195.0000 9890.7627 -78048.9297
v  -52716.5938 9890.7627 -78048.6484
v  -50238.1875 9890.7627 -78048.3906
v  -47759.7891 9591.0430 -78048.1328
v  -45281.3828 9291.3232 -78047.8828
v  -42802.9805 8991.6025 -78047.6484
v  -40324.5781 9291.3232 -78047.4219
v  -37846.1719 9291.3232 -78047.2031
v  -35367.7695 9291.3232 -78046.9922
v  -32889.3672 8092.4424 -78046.7891
v  -30410.9648 6294.1221 -78046.6016
v  -27932.5586 5095.2417 -78046.4219
v  -25454.1563 4196.0811 -78046.2422
v  -22975.7539 4495.8013 -78046.0781
v  -20497.3516 5095.2417 -78045.9297
v  -18018.9453 5394.9619 -78045.7813
v  -15540.5430 5394.9619 -78045.6484
v  -13062.1406 5694.6816 -78045.5156
v  -10583.7363 5994.4019 -78045.4063
v  -8105.3320 7193.2822 -78045.2891
v  -5626.9297 8392.1621 -78045.1953
v  -3148.5254 9591.0430 -78045.1016
v  -670.1230 10490.2031 -78045.0234
v  1808.2813 10490.2031 -78044.9531
v  4286.6846 10490.2031 -78044.8906
v  6765.0879 10490.2031 -78044.8359
v  9243.4912 10490.2031 -78044.7891
v  11721.8945 10490.2031 -78044.7500
v  14200.2979 10789.9238 -78044.7266
v  16678.7012 10789.9238 -78044.7109
v  19157.1035 10789.9238 -78044.7109
v  21635.5078 10789.9238 -78044.7109
v  24113.9102 10490.2031 -78044.7109
v  26592.3145 10789.9238 -78044.7344
v  29070.7188 10789.9238 -78044.7656
v  31549.1211 10789.9238 -78044.8047
v  34027.5234 10789.9238 -78044.8516
v  36505.9297 11089.6436 -78044.9063
v  38984.3281 11089.6436 -78044.9688
v  41462.7344 11089.6436 -78045.0469
v  43941.1367 11089.6436 -78045.1328
v  46419.5391 11089.6436 -78045.2188
v  48897.9453 11089.6436 -78045.3281
v  51376.3477 11089.6436 -78045.4453
v  53854.7539 11389.3633 -78045.5625
v  56333.1563 11389.3633 -78045.6953
v  58811.5586 11389.3633 -78045.8281
v  61289.9609 11389.3633 -78045.9844
v  63768.3633 11389.3633 -78046.1406
v  66246.7656 11089.6436 -78046.3047
v  68725.1719 11089.6436 -78046.4844
v  71203.5781 11089.6436 -78046.6641
v  73681.9766 11089.6436 -78046.8594
v  76160.3750 11389.3633 -78047.0625
v  78638.7813 11389.3633 -78047.2734
v  81117.1875 11389.3633 -78047.5000
v  83595.5938 11089.6436 -78047.7266
v  86074.0000 11089.6436 -78047.9688
v  88552.3984 11089.6436 -78048.2188
v  91030.8047 11089.6436 -78048.4766
v  93509.2109 11089.6436 -78048.7422
v  95987.6094 10789.9238 -78049.0234
v  98466.0156 10789.9238 -78049.3047
v  100944.4141 10789.9238 -78049.6016
v  103422.8203 10490.2031 -78049.9063
v  105901.2266 10490.2031 -78050.2188
v  108379.6250 10490.2031 -78050.5469
v  110858.0313 10190.4834 -78050.8750
v  113336.4375 10190.4834 -78051.2188
v  115814.8359 10490.2031 -78051.5703
v  118293.2422 10789.9238 -78051.9219
v  120771.6406 11089.6436 -78052.2969
v  123250.0469 11089.6436 -78052.6719
v  125728.4453 11389.3633 -78053.0625
v  128206.8438 10789.9238 -78053.4531
v  130685.2500 10490.2031 -78053.8594
v  133163.6563 10490.2031 -78054.2734
v  135642.0625 10490.2031 -78054.6953
v  138120.4688 9890.7627 -78055.1328
v  140598.8750 9591.0430 -78055.5781
v  143077.2656 9291.3232 -78056.0234
v  145555.6719 9591.0430 -78056.4844
v  148034.0781 9591.0430 -78056.9531
v  150512.4688 9890.7627 -78057.4375
v  152990.8750 9890.7627 -78057.9219
v  155469.2969 9890.7627 -78058.4219
v  157947.6875 10190.4834 -78058.9297
v  160426.0938 10190.4834 -78059.4453
v  -117155.8594 11689.0840 -74218.6172
v  -119634.2813 11389.3633 -74219.1250
v  -114677.4531 11689.0840 -74218.1094
v  -112199.0313 11689.0840 -74217.6172
v  -109720.6094 11689.0840 -74217.1328
v  -107242.1953 11689.0840 -74216.6563
v  -104763.7813 11689.0840 -74216.1953
v  -102285.3594 11689.0840 -74215.7422
v  -99806.9453 11389.3633 -74215.2813
v  -97328.5234 11389.3633 -74214.8516
v  -94850.1094 10789.9238 -74214.4219
v  -92371.6875 10490.2031 -74213.9922
v  -89893.2734 10490.2031 -74213.5859
v  -87414.8516 10490.2031 -74213.1875
v  -84936.4375 10490.2031 -74212.7891
v  -82458.0156 10190.4834 -74212.4063
v  -79979.6016 10190.4834 -74212.0313
v  -77501.1797 9890.7627 -74211.6719
v  -75022.7734 9890.7627 -74211.3125
v  -72544.3516 9890.7627 -74210.9609
v  -70065.9375 9890.7627 -74210.6250
v  -67587.5156 9890.7627 -74210.2969
v  -65109.1016 9890.7627 -74209.9766
v  -62630.6797 9890.7627 -74209.6641
v  -60152.2656 9890.7627 -74209.3672
v  -57673.8438 9890.7627 -74209.0781
v  -55195.4297 10190.4834 -74208.7891
v  -52717.0078 10190.4834 -74208.5156
v  -50238.5938 9890.7627 -74208.2500
v  -47760.1719 9591.0430 -74207.9922
v  -45281.7617 8991.6025 -74207.7500
v  -42803.3398 8691.8828 -74207.5156
v  -40324.9219 8691.8828 -74207.2891
v  -37846.5039 8691.8828 -74207.0703
v  -35368.0859 8691.8828 -74206.8594
v  -32889.6680 7792.7227 -74206.6563
v  -30411.2500 6593.8418 -74206.4609
v  -27932.8359 5095.2417 -74206.2813
v  -25454.4180 4495.8013 -74206.1094
v  -22976.0000 4196.0811 -74205.9453
v  -20497.5820 4495.8013 -74205.7969
v  -18019.1641 5394.9619 -74205.6406
v  -15540.7461 5394.9619 -74205.5156
v  -13062.3281 5694.6816 -74205.3828
v  -10583.9102 6294.1221 -74205.2656
v  -8105.4922 7193.2822 -74205.1563
v  -5627.0762 8392.1621 -74205.0625
v  -3148.6582 9890.7627 -74204.9688
v  -670.2402 10490.2031 -74204.8828
v  1808.1777 10490.2031 -74204.8203
v  4286.5947 10490.2031 -74204.7500
v  6765.0117 10190.4834 -74204.6953
v  9243.4297 10490.2031 -74204.6563
v  11721.8467 10490.2031 -74204.6172
v  14200.2646 10490.2031 -74204.5859
v  16678.6816 10490.2031 -74204.5781
v  19157.0996 10490.2031 -74204.5703
v  21635.5176 10490.2031 -74204.5703
v  24113.9355 10490.2031 -74204.5781
v  26592.3516 10490.2031 -74204.5938
v  29070.7695 10490.2031 -74204.6250
v  31549.1875 10789.9238 -74204.6641
v  34027.6055 11089.6436 -74204.7188
v  36506.0234 11089.6436 -74204.7734
v  38984.4414 11089.6436 -74204.8359
v  41462.8594 11089.6436 -74204.9141
v  43941.2734 11089.6436 -74205.0000
v  46419.6953 11089.6436 -74205.0859
v  48898.1094 11389.3633 -74205.1953
v  51376.5273 11389.3633 -74205.3047
v  53854.9453 11389.3633 -74205.4219
v  56333.3633 11389.3633 -74205.5547
v  58811.7813 11389.3633 -74205.6953
v  61290.1992 11089.6436 -74205.8438
v  63768.6172 11089.6436 -74206.0000
v  66247.0313 10789.9238 -74206.1641
v  68725.4531 10789.9238 -74206.3438
v  71203.8672 10789.9238 -74206.5313
v  73682.2813 11089.6436 -74206.7188
v  76160.7031 11089.6436 -74206.9219
v  78639.1250 11389.3633 -74207.1328
v  81117.5391 11089.6436 -74207.3672
v  83595.9531 10789.9238 -74207.5938
v  86074.3750 10789.9238 -74207.8359
v  88552.7891 10789.9238 -74208.0859
v  91031.2109 10789.9238 -74208.3438
v  93509.6250 10789.9238 -74208.6094
v  95988.0469 10789.9238 -74208.8906
v  98466.4609 10490.2031 -74209.1641
v  100944.8828 10490.2031 -74209.4609
v  103423.2969 10490.2031 -74209.7656
v  105901.7188 10490.2031 -74210.0859
v  108380.1328 10190.4834 -74210.4063
v  110858.5469 10490.2031 -74210.7344
v  113336.9609 10490.2031 -74211.0781
v  115815.3828 10789.9238 -74211.4297
v  118293.7969 11089.6436 -74211.7891
v  120772.2188 11389.3633 -74212.1563
v  123250.6328 11389.3633 -74212.5313
v  125729.0547 11089.6436 -74212.9219
v  128207.4688 10789.9238 -74213.3203
v  130685.8906 10490.2031 -74213.7266
v  133164.3125 10190.4834 -74214.1406
v  135642.7188 10190.4834 -74214.5625
v  138121.1406 9890.7627 -74215.0000
v  140599.5625 9591.0430 -74215.4375
v  143077.9688 9591.0430 -74215.8906
v  145556.4063 9591.0430 -74216.3438
v  148034.8125 9591.0430 -74216.8125
v  150513.2344 9291.3232 -74217.3047
v  152991.6563 9291.3232 -74217.7891
v  155470.0625 9591.0430 -74218.2891
v  157948.4844 9591.0430 -74218.7891
v  160426.9063 9890.7627 -74219.3047
v  -117156.6563 11389.3633 -70378.4766
v  -119635.0781 11389.3633 -70378.9922
v  -114678.2188 11389.3633 -70377.9766
v  -112199.7969 11389.3633 -70377.4844
v  -109721.3672 11389.3633 -70377.0000
v  -107242.9219 11389.3633 -70376.5234
v  -104764.4922 11389.3633 -70376.0625
v  -102286.0625 11389.3633 -70375.6016
v  -99807.6328 11089.6436 -70375.1484
v  -97329.1953 11089.6436 -70374.7109
v  -94850.7656 10490.2031 -70374.2813
v  -92372.3359 10190.4834 -70373.8594
v  -89893.9063 10190.4834 -70373.4531
v  -87415.4766 10190.4834 -70373.0547
v  -84937.0391 10190.4834 -70372.6563
v  -82458.6094 10190.4834 -70372.2734
v  -79980.1719 10190.4834 -70371.8984
v  -77501.7422 9890.7627 -70371.5313
v  -75023.3125 9591.0430 -70371.1719
v  -72544.8828 9591.0430 -70370.8281
v  -70066.4531 9890.7627 -70370.4922
v  -67588.0156 9890.7627 -70370.1641
v  -65109.5859 9890.7627 -70369.8359
v  -62631.1563 9890.7627 -70369.5313
v  -60152.7188 9890.7627 -70369.2344
v  -57674.2891 9890.7627 -70368.9375
v  -55195.8594 10190.4834 -70368.6563
v  -52717.4297 10190.4834 -70368.3828
v  -50239.0000 10190.4834 -70368.1172
v  -47760.5625 9890.7627 -70367.8594
v  -45282.1328 9291.3232 -70367.6172
v  -42803.6992 8991.6025 -70367.3750
v  -40325.2656 8991.6025 -70367.1484
v  -37846.8359 8991.6025 -70366.9297
v  -35368.4063 8991.6025 -70366.7266
v  -32889.9727 8392.1621 -70366.5156
v  -30411.5391 6893.5620 -70366.3281
v  -27933.1055 5394.9619 -70366.1484
v  -25454.6797 4495.8013 -70365.9688
v  -22976.2461 4196.0811 -70365.8125
v  -20497.8125 3896.3613 -70365.6563
v  -18019.3789 4196.0811 -70365.5078
v  -15540.9531 4495.8013 -70365.3750
v  -13062.5195 4795.5215 -70365.2422
v  -10584.0859 5394.9619 -70365.1328
v  -8105.6543 6593.8418 -70365.0234
v  -5627.2227 8392.1621 -70364.9219
v  -3148.7910 9591.0430 -70364.8359
v  -670.3594 10190.4834 -70364.7500
v  1808.0723 10190.4834 -70364.6797
v  4286.5049 10190.4834 -70364.6172
v  6764.9365 9890.7627 -70364.5625
v  9243.3682 10190.4834 -70364.5156
v  11721.7998 10190.4834 -70364.4844
v  14200.2314 10190.4834 -70364.4531
v  16678.6641 10190.4834 -70364.4453
v  19157.0957 10190.4834 -70364.4375
v  21635.5273 10190.4834 -70364.4375
v  24113.9590 10190.4834 -70364.4453
v  26592.3906 10490.2031 -70364.4609
v  29070.8223 10490.2031 -70364.4922
v  31549.2539 10789.9238 -70364.5313
v  34027.6875 10789.9238 -70364.5781
v  36506.1172 10789.9238 -70364.6406
v  38984.5469 10789.9238 -70364.6953
v  41462.9805 10789.9238 -70364.7734
v  43941.4141 10789.9238 -70364.8594
v  46419.8438 11089.6436 -70364.9531
v  48898.2773 11089.6436 -70365.0547
v  51376.7109 11089.6436 -70365.1719
v  53855.1406 11389.3633 -70365.2891
v  56333.5703 11389.3633 -70365.4219
v  58812.0039 11389.3633 -70365.5547
v  61290.4375 11089.6436 -70365.7109
v  63768.8672 11089.6436 -70365.8672
v  66247.2969 10789.9238 -70366.0313
v  68725.7344 10789.9238 -70366.2109
v  71204.1641 10789.9238 -70366.3906
v  73682.5938 11089.6436 -70366.5859
v  76161.0234 11389.3633 -70366.7891
v  78639.4531 11389.3633 -70367.0000
v  81117.8906 11389.3633 -70367.2266
v  83596.3203 11089.6436 -70367.4609
v  86074.7578 10789.9238 -70367.6953
v  88553.1875 10490.2031 -70367.9453
v  91031.6172 10490.2031 -70368.2031
v  93510.0469 10789.9238 -70368.4766
v  95988.4766 10789.9238 -70368.7500
v  98466.9141 10789.9238 -70369.0313
v  100945.3438 10789.9238 -70369.3281
v  103423.7734 10789.9238 -70369.6328
v  105902.2109 10789.9238 -70369.9453
v  108380.6406 10490.2031 -70370.2734
v  110859.0703 10490.2031 -70370.6016
v  113337.5000 10789.9238 -70370.9453
v  115815.9297 11089.6436 -70371.2969
v  118294.3672 11389.3633 -70371.6484
v  120772.7969 11389.3633 -70372.0234
v  123251.2344 11089.6436 -70372.3984
v  125729.6641 10789.9238 -70372.7891
v  128208.0938 10490.2031 -70373.1797
v  130686.5234 10190.4834 -70373.5938
v  133164.9531 9890.7627 -70374.0000
v  135643.3906 9890.7627 -70374.4219
v  138121.8125 9591.0430 -70374.8594
v  140600.2500 9291.3232 -70375.3047
v  143078.6875 9291.3232 -70375.7500
v  145557.1250 9291.3232 -70376.2109
v  148035.5625 9291.3232 -70376.6797
v  150513.9688 9291.3232 -70377.1641
v  152992.4063 8991.6025 -70377.6563
v  155470.8438 9291.3232 -70378.1484
v  157949.2813 9291.3232 -70378.6563
v  160427.7031 9291.3232 -70379.1719
v  -117157.4375 11988.8037 -66538.3438
v  -119635.8906 11988.8037 -66538.8594
v  -114679.0000 11689.0840 -66537.8438
v  -112200.5469 11689.0840 -66537.3438
v  -109722.1094 11389.3633 -66536.8672
v  -107243.6484 11389.3633 -66536.3906
v  -104765.2109 11089.6436 -66535.9219
v  -102286.7578 11089.6436 -66535.4688
v  -99808.3125 11089.6436 -66535.0156
v  -97329.8750 10789.9238 -66534.5781
v  -94851.4297 10490.2031 -66534.1484
v  -92372.9766 10490.2031 -66533.7344
v  -89894.5313 10190.4834 -66533.3125
v  -87416.0859 10190.4834 -66532.9063
v  -84937.6484 10490.2031 -66532.5156
v  -82459.1953 10490.2031 -66532.1406
v  -79980.7500 10490.2031 -66531.7578
v  -77502.3047 10190.4834 -66531.3906
v  -75023.8594 10190.4834 -66531.0391
v  -72545.4063 9890.7627 -66530.6875
v  -70066.9688 9890.7627 -66530.3594
v  -67588.5234 9890.7627 -66530.0234
v  -65110.0703 9890.7627 -66529.7031
v  -62631.6250 10190.4834 -66529.3906
v  -60153.1797 9890.7627 -66529.0938
v  -57674.7344 10190.4834 -66528.8047
v  -55196.2891 10490.2031 -66528.5156
v  -52717.8438 10789.9238 -66528.2422
v  -50239.3984 10490.2031 -66527.9766
v  -47760.9531 10190.4834 -66527.7266
v  -45282.5039 9890.7627 -66527.4766
v  -42804.0586 9591.0430 -66527.2422
v  -40325.6133 9291.3232 -66527.0156
v  -37847.1680 9291.3232 -66526.7969
v  -35368.7227 9291.3232 -66526.5781
v  -32890.2773 8691.8828 -66526.3906
v  -30411.8320 7193.2822 -66526.1953
v  -27933.3828 5994.4019 -66526.0156
v  -25454.9375 4795.5215 -66525.8438
v  -22976.4922 4495.8013 -66525.6719
v  -20498.0430 4196.0811 -66525.5156
v  -18019.6016 4196.0811 -66525.3750
v  -15541.1523 3896.3613 -66525.2422
v  -13062.7070 4495.8013 -66525.1094
v  -10584.2637 5095.2417 -66524.9922
v  -8105.8145 6593.8418 -66524.8828
v  -5627.3691 7792.7227 -66524.7813
v  -3148.9238 8991.6025 -66524.6953
v  -670.4766 9890.7627 -66524.6094
v  1807.9688 10190.4834 -66524.5469
v  4286.4141 10190.4834 -66524.4844
v  6764.8604 9890.7627 -66524.4297
v  9243.3066 9890.7627 -66524.3828
v  11721.7520 9890.7627 -66524.3438
v  14200.1982 9890.7627 -66524.3281
v  16678.6445 9890.7627 -66524.2969
v  19157.0898 10190.4834 -66524.2969
v  21635.5352 10190.4834 -66524.2969
v  24113.9824 10190.4834 -66524.3125
v  26592.4277 10190.4834 -66524.3281
v  29070.8750 10490.2031 -66524.3594
v  31549.3203 10490.2031 -66524.3984
v  34027.7656 10490.2031 -66524.4453
v  36506.2109 10490.2031 -66524.5000
v  38984.6563 10490.2031 -66524.5625
v  41463.1055 10490.2031 -66524.6406
v  43941.5508 10789.9238 -66524.7266
v  46419.9961 10789.9238 -66524.8125
v  48898.4414 11089.6436 -66524.9219
v  51376.8906 11089.6436 -66525.0313
v  53855.3359 11089.6436 -66525.1563
v  56333.7813 11089.6436 -66525.2813
v  58812.2266 11389.3633 -66525.4219
v  61290.6719 11089.6436 -66525.5781
v  63769.1211 11089.6436 -66525.7266
v  66247.5625 11089.6436 -66525.8906
v  68726.0156 10789.9238 -66526.0781
v  71204.4531 11089.6436 -66526.2578
v  73682.9063 11089.6436 -66526.4531
v  76161.3438 11389.3633 -66526.6563
v  78639.7969 11389.3633 -66526.8750
v  81118.2344 11389.3633 -66527.0938
v  83596.6875 11089.6436 -66527.3125
v  86075.1328 10789.9238 -66527.5625
v  88553.5781 10789.9238 -66527.8125
v  91032.0234 10490.2031 -66528.0625
v  93510.4766 10789.9238 -66528.3281
v  95988.9141 10789.9238 -66528.6094
v  98467.3594 11089.6436 -66528.9063
v  100945.8047 11389.3633 -66529.2031
v  103424.2578 11389.3633 -66529.5000
v  105902.7031 11089.6436 -66529.8125
v  108381.1484 11089.6436 -66530.1406
v  110859.5859 10789.9238 -66530.4688
v  113338.0391 10789.9238 -66530.8047
v  115816.4844 11089.6436 -66531.1563
v  118294.9297 11389.3633 -66531.5156
v  120773.3750 11089.6436 -66531.8906
v  123251.8281 11089.6436 -66532.2656
v  125730.2656 10490.2031 -66532.6563
v  128208.7109 10190.4834 -66533.0469
v  130687.1641 9890.7627 -66533.4531
v  133165.6094 10190.4834 -66533.8672
v  135644.0625 9890.7627 -66534.2969
v  138122.5000 9890.7627 -66534.7188
v  140600.9375 9591.0430 -66535.1641
v  143079.3906 9291.3232 -66535.6172
v  145557.8438 9291.3232 -66536.0781
v  148036.2813 9291.3232 -66536.5469
v  150514.7188 8991.6025 -66537.0313
v  152993.1719 8991.6025 -66537.5156
v  155471.6250 8991.6025 -66538.0156
v  157950.0781 9291.3232 -66538.5156
v  160428.5156 9291.3232 -66539.0313
v  -117158.2344 12288.5234 -62698.2109
v  -119636.6875 11988.8037 -62698.7266
v  -114679.7656 12288.5234 -62697.7109
v  -112201.3125 11988.8037 -62697.2148
v  -109722.8516 11689.0840 -62696.7266
v  -107244.3906 11389.3633 -62696.2539
v  -104765.9219 11089.6436 -62695.7891
v  -102287.4688 10789.9238 -62695.3281
v  -99809.0078 10789.9238 -62694.8828
v  -97330.5469 10490.2031 -62694.4414
v  -94852.0859 10490.2031 -62694.0117
v  -92373.6172 10190.4834 -62693.5898
v  -89895.1641 10190.4834 -62693.1797
v  -87416.7031 10190.4834 -62692.7773
v  -84938.2422 10490.2031 -62692.3828
v  -82459.7813 10490.2031 -62692.0000
v  -79981.3281 10490.2031 -62691.6250
v  -77502.8672 10789.9238 -62691.2578
v  -75024.3984 11089.6436 -62690.9023
v  -72545.9375 10789.9238 -62690.5586
v  -70067.4844 10490.2031 -62690.2188
v  -67589.0234 10190.4834 -62689.8906
v  -65110.5625 10190.4834 -62689.5703
v  -62632.1016 10190.4834 -62689.2578
v  -60153.6484 10190.4834 -62688.9570
v  -57675.1797 10190.4834 -62688.6680
v  -55196.7188 10490.2031 -62688.3828
v  -52718.2578 10789.9238 -62688.1094
v  -50239.7969 10789.9238 -62687.8438
v  -47761.3438 10789.9238 -62687.5898
v  -45282.8828 10190.4834 -62687.3438
v  -42804.4180 9591.0430 -62687.1055
v  -40325.9609 9291.3232 -62686.8789
v  -37847.5000 9291.3232 -62686.6563
v  -35369.0391 8991.6025 -62686.4492
v  -32890.5781 8392.1621 -62686.2500
v  -30412.1211 7493.0024 -62686.0586
v  -27933.6602 6593.8418 -62685.8789
v  -25455.1992 5694.6816 -62685.7031
v  -22976.7383 4795.5215 -62685.5391
v  -20498.2813 4495.8013 -62685.3828
v  -18019.8164 4196.0811 -62685.2422
v  -15541.3555 4196.0811 -62685.1055
v  -13062.8984 4495.8013 -62684.9766
v  -10584.4375 5394.9619 -62684.8594
v  -8105.9766 6294.1221 -62684.7500
v  -5627.5176 7193.2822 -62684.6484
v  -3149.0566 8392.1621 -62684.5625
v  -670.5977 9591.0430 -62684.4805
v  1807.8652 10490.2031 -62684.4063
v  4286.3242 10490.2031 -62684.3477
v  6764.7842 10490.2031 -62684.2930
v  9243.2441 10190.4834 -62684.2461
v  11721.7051 9890.7627 -62684.2148
v  14200.1650 9890.7627 -62684.1875
v  16678.6250 9890.7627 -62684.1680
v  19157.0859 10190.4834 -62684.1602
v  21635.5449 10190.4834 -62684.1641
v  24114.0059 10190.4834 -62684.1719
v  26592.4668 10190.4834 -62684.1953
v  29070.9258 10490.2031 -62684.2227
v  31549.3867 10490.2031 -62684.2578
v  34027.8477 10490.2031 -62684.3086
v  36506.3047 10490.2031 -62684.3672
v  38984.7656 10490.2031 -62684.4297
v  41463.2266 10490.2031 -62684.5039
v  43941.6875 10490.2031 -62684.5898
v  46420.1484 10789.9238 -62684.6836
v  48898.6094 10789.9238 -62684.7852
v  51377.0703 11089.6436 -62684.8945
v  53855.5273 11089.6436 -62685.0156
v  56333.9883 11089.6436 -62685.1484
v  58812.4492 11089.6436 -62685.2852
v  61290.9102 11089.6436 -62685.4336
v  63769.3711 11089.6436 -62685.5938
v  66247.8281 11089.6436 -62685.7617
v  68726.2969 11089.6436 -62685.9336
v  71204.7500 11089.6436 -62686.1211
v  73683.2109 11089.6436 -62686.3164
v  76161.6719 11089.6436 -62686.5195
v  78640.1328 11089.6436 -62686.7305
v  81118.5938 11089.6436 -62686.9531
v  83597.0547 11089.6436 -62687.1836
v  86075.5156 10789.9238 -62687.4219
v  88553.9688 10789.9238 -62687.6758
v  91032.4297 10789.9238 -62687.9297
v  93510.8906 10789.9238 -62688.1992
v  95989.3516 10789.9238 -62688.4766
v  98467.8203 10789.9238 -62688.7617
v  100946.2734 11089.6436 -62689.0586
v  103424.7344 11089.6436 -62689.3633
v  105903.1953 11089.6436 -62689.6758
v  108381.6563 11089.6436 -62690.0000
v  110860.1094 11089.6436 -62690.3320
v  113338.5703 11089.6436 -62690.6719
v  115817.0313 11389.3633 -62691.0234
v  118295.5000 11389.3633 -62691.3789
v  120773.9531 11389.3633 -62691.7500
v  123252.4141 10789.9238 -62692.1289
v  125730.8750 10190.4834 -62692.5156
v  128209.3359 9890.7627 -62692.9102
v  130687.7891 9890.7627 -62693.3164
v  133166.2500 9890.7627 -62693.7305
v  135644.7188 10190.4834 -62694.1563
v  138123.1875 10190.4834 -62694.5859
v  140601.6406 9890.7627 -62695.0313
v  143080.0938 9890.7627 -62695.4805
v  145558.5625 9591.0430 -62695.9453
v  148037.0313 9591.0430 -62696.4141
v  150515.4844 9291.3232 -62696.8906
v  152993.9375 9291.3232 -62697.3789
v  155472.4063 9591.0430 -62697.8750
v  157950.8594 9591.0430 -62698.3789
v  160429.3125 9591.0430 -62698.8945
v  -117159.0156 12288.5234 -58858.0781
v  -119637.4844 12288.5234 -58858.5898
v  -114680.5469 12288.5234 -58857.5742
v  -112202.0625 11988.8037 -58857.0781
v  -109723.5938 11988.8037 -58856.5938
v  -107245.1172 11389.3633 -58856.1172
v  -104766.6406 11089.6436 -58855.6523
v  -102288.1719 10789.9238 -58855.1914
v  -99809.6953 10490.2031 -58854.7461
v  -97331.2188 10490.2031 -58854.3047
v  -94852.7500 10190.4834 -58853.8789
v  -92374.2734 9890.7627 -58853.4570
v  -89895.7891 10190.4834 -58853.0430
v  -87417.3203 10190.4834 -58852.6406
v  -84938.8438 10190.4834 -58852.2500
v  -82460.3672 10490.2031 -58851.8672
v  -79981.8906 10490.2031 -58851.4883
v  -77503.4219 10789.9238 -58851.1250
v  -75024.9453 11389.3633 -58850.7695
v  -72546.4688 11389.3633 -58850.4219
v  -70068.0000 11089.6436 -58850.0859
v  -67589.5234 10490.2031 -58849.7539
v  -65111.0469 10190.4834 -58849.4375
v  -62632.5703 10190.4834 -58849.1250
v  -60154.1016 9890.7627 -58848.8203
v  -57675.6250 9890.7627 -58848.5313
v  -55197.1484 10190.4834 -58848.2461
v  -52718.6797 10490.2031 -58847.9727
v  -50240.2031 10490.2031 -58847.7070
v  -47761.7266 10490.2031 -58847.4531
v  -45283.2539 10490.2031 -58847.2070
v  -42804.7773 10190.4834 -58846.9688
v  -40326.3047 9591.0430 -58846.7422
v  -37847.8320 9291.3232 -58846.5234
v  -35369.3555 8691.8828 -58846.3125
v  -32890.8828 8092.4424 -58846.1133
v  -30412.4063 7193.2822 -58845.9219
v  -27933.9336 6593.8418 -58845.7422
v  -25455.4609 5694.6816 -58845.5664
v  -22976.9844 4495.8013 -58845.4023
v  -20498.5117 3296.9209 -58845.2500
v  -18020.0352 3296.9209 -58845.1055
v  -15541.5625 3896.3613 -58844.9688
v  -13063.0859 4495.8013 -58844.8438
v  -10584.6133 5095.2417 -58844.7266
v  -8106.1387 5694.6816 -58844.6133
v  -5627.6621 6593.8418 -58844.5156
v  -3149.1895 8092.4424 -58844.4258
v  -670.7148 9291.3232 -58844.3438
v  1807.7598 10490.2031 -58844.2695
v  4286.2344 11089.6436 -58844.2109
v  6764.7090 10490.2031 -58844.1563
v  9243.1826 10190.4834 -58844.1094
v  11721.6572 9890.7627 -58844.0781
v  14200.1328 9890.7627 -58844.0508
v  16678.6055 9890.7627 -58844.0313
v  19157.0801 10190.4834 -58844.0234
v  21635.5547 10190.4834 -58844.0273
v  24114.0293 10190.4834 -58844.0391
v  26592.5039 10190.4834 -58844.0586
v  29070.9785 10190.4834 -58844.0898
v  31549.4531 10190.4834 -58844.1250
v  34027.9258 10190.4834 -58844.1719
v  36506.4023 10490.2031 -58844.2305
v  38984.8750 10490.2031 -58844.2969
v  41463.3516 10490.2031 -58844.3672
v  43941.8242 10490.2031 -58844.4570
v  46420.2969 10789.9238 -58844.5469
v  48898.7734 10789.9238 -58844.6484
v  51377.2500 10789.9238 -58844.7617
v  53855.7227 11089.6436 -58844.8828
v  56334.1953 11089.6436 -58845.0117
v  58812.6719 11089.6436 -58845.1523
v  61291.1445 11089.6436 -58845.3008
v  63769.6211 11089.6436 -58845.4570
v  66248.0938 11089.6436 -58845.6250
v  68726.5625 10789.9238 -58845.8008
v  71205.0469 11089.6436 -58845.9883
v  73683.5156 11089.6436 -58846.1797
v  76161.9922 11089.6436 -58846.3867
v  78640.4688 11089.6436 -58846.5977
v  81118.9453 11089.6436 -58846.8164
v  83597.4219 11089.6436 -58847.0469
v  86075.8906 10789.9238 -58847.2852
v  88554.3672 10789.9238 -58847.5391
v  91032.8438 10490.2031 -58847.7930
v  93511.3125 10490.2031 -58848.0625
v  95989.7891 10490.2031 -58848.3398
v  98468.2656 10190.4834 -58848.6289
v  100946.7344 10190.4834 -58848.9258
v  103425.2109 10490.2031 -58849.2266
v  105903.6875 10789.9238 -58849.5430
v  108382.1641 11089.6436 -58849.8633
v  110860.6328 11389.3633 -58850.1953
v  113339.1094 11389.3633 -58850.5352
v  115817.5859 11689.0840 -58850.8867
v  118296.0547 11689.0840 -58851.2461
v  120774.5313 11389.3633 -58851.6133
v  123253.0078 10789.9238 -58851.9922
v  125731.4844 10490.2031 -58852.3789
v  128209.9531 9890.7627 -58852.7734
v  130688.4297 9890.7627 -58853.1797
v  133166.9063 9890.7627 -58853.5977
v  135645.3750 10190.4834 -58854.0195
v  138123.8438 10190.4834 -58854.4531
v  140602.3281 10190.4834 -58854.8945
v  143080.8125 10190.4834 -58855.3438
v  145559.2813 10190.4834 -58855.8086
v  148037.7500 9890.7627 -58856.2773
v  150516.2188 9890.7627 -58856.7539
v  152994.7031 9890.7627 -58857.2422
v  155473.1719 9890.7627 -58857.7383
v  157951.6406 9890.7627 -58858.2461
v  160430.1250 9890.7627 -58858.7617
v  -117159.7969 11988.8037 -55017.9414
v  -119638.2969 11988.8037 -55018.4531
v  -114681.3125 11988.8037 -55017.4375
v  -112202.8281 11689.0840 -55016.9453
v  -109724.3359 11389.3633 -55016.4570
v  -107245.8438 11389.3633 -55015.9805
v  -104767.3594 10789.9238 -55015.5156
v  -102288.8672 10490.2031 -55015.0547
v  -99810.3750 10490.2031 -55014.6094
v  -97331.8906 10190.4834 -55014.1680
v  -94853.3984 10190.4834 -55013.7422
v  -92374.9141 10190.4834 -55013.3203
v  -89896.4297 10190.4834 -55012.9063
v  -87417.9375 10490.2031 -55012.5039
v  -84939.4453 10490.2031 -55012.1133
v  -82460.9609 10190.4834 -55011.7305
v  -79982.4688 10490.2031 -55011.3516
v  -77503.9766 10789.9238 -55010.9883
v  -75025.4922 11089.6436 -55010.6328
v  -72547.0000 11089.6436 -55010.2852
v  -70068.5234 11089.6436 -55009.9492
v  -67590.0313 10789.9238 -55009.6172
v  -65111.5391 10490.2031 -55009.3008
v  -62633.0547 10490.2031 -55008.9883
v  -60154.5625 10190.4834 -55008.6836
v  -57676.0703 9890.7627 -55008.3945
v  -55197.5859 9890.7627 -55008.1133
v  -52719.0938 9890.7627 -55007.8359
v  -50240.6016 10190.4834 -55007.5742
v  -47762.1172 10190.4834 -55007.3164
v  -45283.6328 10190.4834 -55007.0703
v  -42805.1406 10190.4834 -55006.8359
v  -40326.6523 9890.7627 -55006.6094
v  -37848.1641 9291.3232 -55006.3867
v  -35369.6758 8691.8828 -55006.1797
v  -32891.1836 7792.7227 -55005.9805
v  -30412.6953 7193.2822 -55005.7852
v  -27934.2109 6294.1221 -55005.6055
v  -25455.7188 5394.9619 -55005.4336
v  -22977.2305 4495.8013 -55005.2656
v  -20498.7422 3296.9209 -55005.1172
v  -18020.2539 2997.2009 -55004.9688
v  -15541.7656 3596.6411 -55004.8320
v  -13063.2773 4795.5215 -55004.7070
v  -10584.7871 4795.5215 -55004.5898
v  -8106.3008 5394.9619 -55004.4805
v  -5627.8105 6294.1221 -55004.3789
v  -3149.3203 7792.7227 -55004.2891
v  -670.8340 9291.3232 -55004.2109
v  1807.6563 10490.2031 -55004.1367
v  4286.1445 10789.9238 -55004.0742
v  6764.6328 10490.2031 -55004.0195
v  9243.1211 10190.4834 -55003.9727
v  11721.6104 9890.7627 -55003.9414
v  14200.0996 9890.7627 -55003.9141
v  16678.5879 10190.4834 -55003.8984
v  19157.0762 9890.7627 -55003.8906
v  21635.5645 9890.7627 -55003.8906
v  24114.0547 9890.7627 -55003.9023
v  26592.5430 9890.7627 -55003.9219
v  29071.0313 9890.7627 -55003.9531
v  31549.5195 9890.7627 -55003.9883
v  34028.0078 9890.7627 -55004.0352
v  36506.4961 10190.4834 -55004.0938
v  38984.9844 10190.4834 -55004.1602
v  41463.4766 10490.2031 -55004.2344
v  43941.9609 10490.2031 -55004.3203
v  46420.4531 10789.9238 -55004.4102
v  48898.9414 10789.9238 -55004.5117
v  51377.4297 10789.9238 -55004.6250
v  53855.9141 10789.9238 -55004.7461
v  56334.4063 10789.9238 -55004.8750
v  58812.8945 10789.9238 -55005.0156
v  61291.3828 11089.6436 -55005.1641
v  63769.8750 11089.6436 -55005.3242
v  66248.3594 11089.6436 -55005.4922
v  68726.8438 10789.9238 -55005.6641
v  71205.3438 10789.9238 -55005.8516
v  73683.8281 11089.6436 -55006.0430
v  76162.3125 11089.6436 -55006.2500
v  78640.8047 11389.3633 -55006.4609
v  81119.2969 11089.6436 -55006.6797
v  83597.7813 11089.6436 -55006.9102
v  86076.2734 10789.9238 -55007.1523
v  88554.7578 10789.9238 -55007.4063
v  91033.2500 10789.9238 -55007.6602
v  93511.7422 10789.9238 -55007.9258
v  95990.2188 10490.2031 -55008.2031
v  98468.7109 10490.2031 -55008.4922
v  100947.2031 10190.4834 -55008.7891
v  103425.6875 10190.4834 -55009.0898
v  105904.1797 10490.2031 -55009.4063
v  108382.6719 11089.6436 -55009.7266
v  110861.1563 11389.3633 -55010.0625
v  113339.6484 11389.3633 -55010.4023
v  115818.1406 11389.3633 -55010.7500
v  118296.6172 11389.3633 -55011.1094
v  120775.1094 11089.6436 -55011.4766
v  123253.6016 10789.9238 -55011.8594
v  125732.0859 10490.2031 -55012.2422
v  128210.5781 10190.4834 -55012.6406
v  130689.0625 9890.7627 -55013.0469
v  133167.5625 9890.7627 -55013.4609
v  135646.0469 10190.4834 -55013.8867
v  138124.5313 10190.4834 -55014.3164
v  140603.0313 10190.4834 -55014.7617
v  143081.5000 10190.4834 -55015.2109
v  145560.0000 10190.4834 -55015.6719
v  148038.5000 9890.7627 -55016.1406
v  150516.9844 9890.7627 -55016.6172
v  152995.4531 9890.7627 -55017.1055
v  155473.9531 9890.7627 -55017.6016
v  157952.4375 9890.7627 -55018.1094
v  160430.9219 9890.7627 -55018.6250
v  -117160.5938 11389.3633 -51177.8047
v  -119639.0938 11689.0840 -51178.3164
v  -114682.0938 11089.6436 -51177.3008
v  -112203.5781 11089.6436 -51176.8086
v  -109725.0781 11089.6436 -51176.3203
v  -107246.5703 10789.9238 -51175.8477
v  -104768.0703 10789.9238 -51175.3789
v  -102289.5703 10789.9238 -51174.9219
v  -99811.0703 10490.2031 -51174.4727
v  -97332.5625 10490.2031 -51174.0352
v  -94854.0547 10490.2031 -51173.6055
v  -92375.5625 10490.2031 -51173.1836
v  -89897.0547 10490.2031 -51172.7734
v  -87418.5547 10789.9238 -51172.3711
v  -84940.0469 10490.2031 -51171.9805
v  -82461.5469 10490.2031 -51171.5938
v  -79983.0469 10490.2031 -51171.2188
v  -77504.5391 10490.2031 -51170.8516
v  -75026.0391 10789.9238 -51170.4961
v  -72547.5313 10789.9238 -51170.1484
v  -70069.0313 10490.2031 -51169.8125
v  -67590.5313 10490.2031 -51169.4805
v  -65112.0234 10490.2031 -51169.1641
v  -62633.5234 10490.2031 -51168.8516
v  -60155.0234 10490.2031 -51168.5508
v  -57676.5156 10190.4834 -51168.2617
v  -55198.0156 9890.7627 -51167.9766
v  -52719.5078 9591.0430 -51167.7031
v  -50241.0156 9591.0430 -51167.4375
v  -47762.5078 9591.0430 -51167.1797
v  -45284.0039 9591.0430 -51166.9336
v  -42805.5000 9591.0430 -51166.6992
v  -40327.0000 9291.3232 -51166.4727
v  -37848.4922 8991.6025 -51166.2539
v  -35369.9922 8392.1621 -51166.0430
v  -32891.4883 7493.0024 -51165.8438
v  -30412.9883 6893.5620 -51165.6484
v  -27934.4844 5994.4019 -51165.4688
v  -25455.9805 5394.9619 -51165.2969
v  -22977.4766 4795.5215 -51165.1328
v  -20498.9766 4196.0811 -51164.9805
v  -18020.4727 4196.0811 -51164.8359
v  -15541.9688 4795.5215 -51164.6992
v  -13063.4648 4795.5215 -51164.5703
v  -10584.9648 4795.5215 -51164.4531
v  -8106.4609 4795.5215 -51164.3438
v  -5627.9590 5095.2417 -51164.2422
v  -3149.4531 6294.1221 -51164.1523
v  -670.9512 8392.1621 -51164.0742
v  1807.5508 9591.0430 -51164.0000
v  4286.0547 10190.4834 -51163.9375
v  6764.5566 10190.4834 -51163.8828
v  9243.0596 10190.4834 -51163.8398
v  11721.5625 10190.4834 -51163.8047
v  14200.0664 10190.4834 -51163.7773
v  16678.5684 10190.4834 -51163.7617
v  19157.0703 9890.7627 -51163.7539
v  21635.5742 9890.7627 -51163.7539
v  24114.0781 9890.7627 -51163.7656
v  26592.5801 9890.7627 -51163.7852
v  29071.0820 9890.7627 -51163.8164
v  31549.5859 9890.7627 -51163.8516
v  34028.0898 10190.4834 -51163.9023
v  36506.5938 10190.4834 -51163.9609
v  38985.0938 10190.4834 -51164.0234
v  41463.5977 10190.4834 -51164.0977
v  43942.1016 10190.4834 -51164.1836
v  46420.6016 10190.4834 -51164.2773
v  48899.1055 10190.4834 -51164.3789
v  51377.6094 10490.2031 -51164.4883
v  53856.1133 10490.2031 -51164.6094
v  56334.6133 10490.2031 -51164.7383
v  58813.1172 10789.9238 -51164.8789
v  61291.6172 10789.9238 -51165.0273
v  63770.1250 10789.9238 -51165.1875
v  66248.6250 10789.9238 -51165.3555
v  68727.1250 10789.9238 -51165.5273
v  71205.6328 10789.9238 -51165.7148
v  73684.1328 11089.6436 -51165.9063
v  76162.6406 11089.6436 -51166.1133
v  78641.1406 11089.6436 -51166.3242
v  81119.6406 11089.6436 -51166.5469
v  83598.1406 11089.6436 -51166.7773
v  86076.6484 11089.6436 -51167.0156
v  88555.1563 10789.9238 -51167.2695
v  91033.6484 10789.9238 -51167.5273
v  93512.1563 11089.6436 -51167.7930
v  95990.6641 11089.6436 -51168.0703
v  98469.1641 10789.9238 -51168.3555
v  100947.6719 10789.9238 -51168.6523
v  103426.1641 10490.2031 -51168.9531
v  105904.6719 10789.9238 -51169.2695
v  108383.1797 11089.6436 -51169.5898
v  110861.6797 11389.3633 -51169.9258
v  113340.1797 11689.0840 -51170.2656
v  115818.6797 11689.0840 -51170.6133
v  118297.1875 11389.3633 -51170.9727
v  120775.6953 11089.6436 -51171.3438
v  123254.1875 10789.9238 -51171.7227
v  125732.6953 10490.2031 -51172.1055
v  128211.1953 10190.4834 -51172.5039
v  130689.7031 9890.7627 -51172.9102
v  133168.2188 9890.7627 -51173.3242
v  135646.7031 9890.7627 -51173.7500
v  138125.2188 10190.4834 -51174.1797
v  140603.7188 10190.4834 -51174.6250
v  143082.2188 10190.4834 -51175.0742
v  145560.7188 9890.7627 -51175.5352
v  148039.2188 9890.7627 -51176.0039
v  150517.7188 9890.7627 -51176.4844
v  152996.2344 9890.7627 -51176.9688
v  155474.7344 9890.7627 -51177.4688
v  157953.2344 10190.4834 -51177.9727
v  160431.7344 10190.4834 -51178.4883
v  -117161.3750 11389.3633 -47337.6680
v  -119639.8906 11389.3633 -47338.1836
v  -114682.8594 11089.6436 -47337.1680
v  -112204.3438 10789.9238 -47336.6719
v  -109725.8203 10789.9238 -47336.1836
v  -107247.3047 10789.9238 -47335.7109
v  -104768.7891 10789.9238 -47335.2461
v  -102290.2734 10789.9238 -47334.7852
v  -99811.7578 10789.9238 -47334.3398
v  -97333.2344 10490.2031 -47333.8984
v  -94854.7188 10490.2031 -47333.4727
v  -92376.2031 10490.2031 -47333.0508
v  -89897.6875 10490.2031 -47332.6367
v  -87419.1641 10789.9238 -47332.2344
v  -84940.6563 10789.9238 -47331.8438
v  -82462.1328 10789.9238 -47331.4609
v  -79983.6172 10789.9238 -47331.0820
v  -77505.1016 10789.9238 -47330.7148
v  -75026.5859 10490.2031 -47330.3594
v  -72548.0625 10490.2031 -47330.0156
v  -70069.5469 10190.4834 -47329.6797
v  -67591.0313 9890.7627 -47329.3477
v  -65112.5156 10190.4834 -47329.0273
v  -62634.0000 10490.2031 -47328.7148
v  -60155.4766 10490.2031 -47328.4141
v  -57676.9688 10490.2031 -47328.1250
v  -55198.4453 9890.7627 -47327.8398
v  -52719.9297 9591.0430 -47327.5664
v  -50241.4141 9291.3232 -47327.3008
v  -47762.8984 9291.3232 -47327.0469
v  -45284.3750 9291.3232 -47326.8008
v  -42805.8594 8991.6025 -47326.5625
v  -40327.3438 8691.8828 -47326.3359
v  -37848.8281 8392.1621 -47326.1172
v  -35370.3125 8092.4424 -47325.9063
v  -32891.7930 7792.7227 -47325.7070
v  -30413.2773 7193.2822 -47325.5156
v  -27934.7578 6294.1221 -47325.3359
v  -25456.2383 5394.9619 -47325.1602
v  -22977.7227 4795.5215 -47324.9961
v  -20499.2070 4495.8013 -47324.8438
v  -18020.6914 4795.5215 -47324.6992
v  -15542.1719 5095.2417 -47324.5625
v  -13063.6563 4795.5215 -47324.4336
v  -10585.1387 4795.5215 -47324.3164
v  -8106.6230 5095.2417 -47324.2109
v  -5628.1035 5394.9619 -47324.1055
v  -3149.5859 6294.1221 -47324.0195
v  -671.0703 7493.0024 -47323.9375
v  1807.4473 8991.6025 -47323.8633
v  4285.9648 10190.4834 -47323.8047
v  6764.4814 10190.4834 -47323.7500
v  9242.9980 10190.4834 -47323.7031
v  11721.5156 10190.4834 -47323.6719
v  14200.0332 10490.2031 -47323.6445
v  16678.5488 10490.2031 -47323.6250
v  19157.0664 10190.4834 -47323.6172
v  21635.5840 10190.4834 -47323.6211
v  24114.1016 10190.4834 -47323.6289
v  26592.6172 10190.4834 -47323.6523
v  29071.1348 10190.4834 -47323.6797
v  31549.6523 10190.4834 -47323.7148
v  34028.1719 10190.4834 -47323.7656
v  36506.6875 10190.4834 -47323.8242
v  38985.2031 10190.4834 -47323.8867
v  41463.7188 10190.4834 -47323.9609
v  43942.2383 10190.4834 -47324.0469
v  46420.7539 9890.7627 -47324.1406
v  48899.2734 10190.4834 -47324.2422
v  51377.7891 10190.4834 -47324.3516
v  53856.3047 10490.2031 -47324.4727
v  56334.8203 10490.2031 -47324.6055
v  58813.3438 10490.2031 -47324.7422
v  61291.8594 10490.2031 -47324.8945
v  63770.3750 10490.2031 -47325.0508
v  66248.8906 10490.2031 -47325.2188
v  68727.4063 10490.2031 -47325.3945
v  71205.9219 10490.2031 -47325.5781
v  73684.4375 10789.9238 -47325.7734
v  76162.9609 10789.9238 -47325.9766
v  78641.4766 11089.6436 -47326.1875
v  81119.9922 11089.6436 -47326.4102
v  83598.5078 11089.6436 -47326.6406
v  86077.0313 11089.6436 -47326.8828
v  88555.5469 11089.6436 -47327.1328
v  91034.0625 11089.6436 -47327.3906
v  93512.5781 11089.6436 -47327.6563
v  95991.1016 11089.6436 -47327.9336
v  98469.6094 11089.6436 -47328.2188
v  100948.1328 10789.9238 -47328.5156
v  103426.6484 10789.9238 -47328.8203
v  105905.1641 11089.6436 -47329.1328
v  108383.6875 11389.3633 -47329.4570
v  110862.1953 11389.3633 -47329.7891
v  113340.7188 11389.3633 -47330.1289
v  115819.2344 11389.3633 -47330.4805
v  118297.7500 11389.3633 -47330.8359
v  120776.2656 11089.6436 -47331.2109
v  123254.7891 10789.9238 -47331.5859
v  125733.2969 10490.2031 -47331.9727
v  128211.8203 10190.4834 -47332.3672
v  130690.3359 10190.4834 -47332.7734
v  133168.8438 10190.4834 -47333.1875
v  135647.3750 10190.4834 -47333.6133
v  138125.8750 10190.4834 -47334.0430
v  140604.4063 10190.4834 -47334.4883
v  143082.9219 9890.7627 -47334.9375
v  145561.4375 9890.7627 -47335.4023
v  148039.9688 10190.4834 -47335.8711
v  150518.4688 10190.4834 -47336.3477
v  152996.9844 10190.4834 -47336.8359
v  155475.5000 10190.4834 -47337.3320
v  157954.0313 10190.4834 -47337.8398
v  160432.5469 10490.2031 -47338.3555
v  -117162.1563 11089.6436 -43497.5352
v  -119640.6875 11089.6436 -43498.0469
v  -114683.6406 11089.6436 -43497.0313
v  -112205.0938 11089.6436 -43496.5391
v  -109726.5625 11089.6436 -43496.0508
v  -107248.0313 10789.9238 -43495.5742
v  -104769.5000 10789.9238 -43495.1094
v  -102290.9766 10789.9238 -43494.6484
v  -99812.4375 10490.2031 -43494.2031
v  -97333.9141 10490.2031 -43493.7617
v  -94855.3750 10789.9238 -43493.3359
v  -92376.8516 10789.9238 -43492.9141
v  -89898.3125 11089.6436 -43492.5000
v  -87419.7891 11089.6436 -43492.0977
v  -84941.2500 11389.3633 -43491.7070
v  -82462.7266 11389.3633 -43491.3242
v  -79984.1875 11389.3633 -43490.9492
v  -77505.6641 11389.3633 -43490.5820
v  -75027.1250 11089.6436 -43490.2266
v  -72548.6016 10789.9238 -43489.8789
v  -70070.0625 10490.2031 -43489.5430
v  -67591.5313 10190.4834 -43489.2109
v  -65113.0000 10190.4834 -43488.8945
v  -62634.4688 9890.7627 -43488.5820
v  -60155.9375 10190.4834 -43488.2773
v  -57677.4063 9890.7627 -43487.9883
v  -55198.8828 9591.0430 -43487.7031
v  -52720.3438 9591.0430 -43487.4297
v  -50241.8203 9291.3232 -43487.1641
v  -47763.2813 9291.3232 -43486.9102
v  -45284.7539 8991.6025 -43486.6641
v  -42806.2188 8991.6025 -43486.4258
v  -40327.6875 8691.8828 -43486.1992
v  -37849.1563 8392.1621 -43485.9844
v  -35370.6250 8092.4424 -43485.7695
v  -32892.0938 8092.4424 -43485.5703
v  -30413.5625 7493.0024 -43485.3789
v  -27935.0313 6593.8418 -43485.1992
v  -25456.5000 5694.6816 -43485.0234
v  -22977.9688 5095.2417 -43484.8594
v  -20499.4375 4795.5215 -43484.7070
v  -18020.9063 4795.5215 -43484.5625
v  -15542.3750 4495.8013 -43484.4258
v  -13063.8438 4795.5215 -43484.3008
v  -10585.3145 4795.5215 -43484.1836
v  -8106.7832 4795.5215 -43484.0742
v  -5628.2520 5095.2417 -43483.9727
v  -3149.7207 5994.4019 -43483.8828
v  -671.1875 7193.2822 -43483.8008
v  1807.3438 8392.1621 -43483.7266
v  4285.8740 9591.0430 -43483.6680
v  6764.4053 10490.2031 -43483.6133
v  9242.9365 10490.2031 -43483.5664
v  11721.4678 10190.4834 -43483.5352
v  14199.9990 10490.2031 -43483.5078
v  16678.5313 10490.2031 -43483.4922
v  19157.0625 10490.2031 -43483.4844
v  21635.5938 10490.2031 -43483.4844
v  24114.1250 10190.4834 -43483.4961
v  26592.6563 10190.4834 -43483.5156
v  29071.1875 10190.4834 -43483.5469
v  31549.7188 10190.4834 -43483.5820
v  34028.2500 10190.4834 -43483.6289
v  36506.7813 10190.4834 -43483.6875
v  38985.3125 10190.4834 -43483.7539
v  41463.8438 10190.4834 -43483.8242
v  43942.3750 9890.7627 -43483.9141
v  46420.9063 9890.7627 -43484.0039
v  48899.4375 9890.7627 -43484.1055
v  51377.9688 9890.7627 -43484.2188
v  53856.5000 10190.4834 -43484.3398
v  56335.0313 10490.2031 -43484.4688
v  58813.5625 10490.2031 -43484.6094
v  61292.0938 10490.2031 -43484.7578
v  63770.6250 10490.2031 -43484.9141
v  66249.1563 10490.2031 -43485.0820
v  68727.6875 10490.2031 -43485.2578
v  71206.2188 10490.2031 -43485.4453
v  73684.7500 10490.2031 -43485.6367
v  76163.2813 10490.2031 -43485.8438
v  78641.8125 10789.9238 -43486.0547
v  81120.3438 10789.9238 -43486.2734
v  83598.8750 11089.6436 -43486.5039
v  86077.4063 11089.6436 -43486.7500
v  88555.9375 11089.6436 -43486.9961
v  91034.4688 11089.6436 -43487.2578
v  93513.0078 10789.9238 -43487.5195
v  95991.5313 10789.9238 -43487.7969
v  98470.0703 10490.2031 -43488.0859
v  100948.5938 10789.9238 -43488.3828
v  103427.1328 11089.6436 -43488.6836
v  105905.6563 11389.3633 -43489.0000
v  108384.1953 11689.0840 -43489.3203
v  110862.7188 11689.0840 -43489.6523
v  113341.2578 11389.3633 -43489.9922
v  115819.7813 11089.6436 -43490.3438
v  118298.3203 10789.9238 -43490.7031
v  120776.8438 10789.9238 -43491.0742
v  123255.3828 10490.2031 -43491.4531
v  125733.9063 10490.2031 -43491.8398
v  128212.4453 10490.2031 -43492.2305
v  130690.9688 10190.4834 -43492.6367
v  133169.5000 10190.4834 -43493.0547
v  135648.0313 10190.4834 -43493.4805
v  138126.5625 10190.4834 -43493.9102
v  140605.0938 10190.4834 -43494.3516
v  143083.6250 10190.4834 -43494.8008
v  145562.1563 10190.4834 -43495.2656
v  148040.6875 10190.4834 -43495.7344
v  150519.2188 10190.4834 -43496.2109
v  152997.7656 10190.4834 -43496.6992
v  155476.2813 10190.4834 -43497.1953
v  157954.8125 10490.2031 -43497.7031
v  160433.3438 10490.2031 -43498.2188
v  -117162.9375 11089.6436 -39657.3984
v  -119641.5000 10789.9238 -39657.9102
v  -114684.4063 11089.6436 -39656.8945
v  -112205.8594 11089.6436 -39656.4023
v  -109727.3047 11089.6436 -39655.9141
v  -107248.7734 10789.9238 -39655.4375
v  -104770.2188 10789.9238 -39654.9727
v  -102291.6719 10490.2031 -39654.5156
v  -99813.1328 10490.2031 -39654.0664
v  -97334.5859 10789.9238 -39653.6250
v  -94856.0391 11089.6436 -39653.1992
v  -92377.4922 11389.3633 -39652.7773
v  -89898.9453 11689.0840 -39652.3633
v  -87420.3984 11689.0840 -39651.9609
v  -84941.8594 11988.8037 -39651.5742
v  -82463.3125 11988.8037 -39651.1875
v  -79984.7656 11689.0840 -39650.8125
v  -77506.2188 11389.3633 -39650.4453
v  -75027.6719 11389.3633 -39650.0898
v  -72549.1328 11089.6436 -39649.7422
v  -70070.5781 10789.9238 -39649.4063
v  -67592.0391 10490.2031 -39649.0742
v  -65113.4922 9890.7627 -39648.7578
v  -62634.9453 9890.7627 -39648.4453
v  -60156.4063 9890.7627 -39648.1406
v  -57677.8516 9890.7627 -39647.8516
v  -55199.3125 9890.7627 -39647.5703
v  -52720.7578 9591.0430 -39647.2930
v  -50242.2188 9291.3232 -39647.0313
v  -47763.6797 9291.3232 -39646.7734
v  -45285.1250 9291.3232 -39646.5273
v  -42806.5820 9291.3232 -39646.2930
v  -40328.0352 8991.6025 -39646.0664
v  -37849.4922 8991.6025 -39645.8477
v  -35370.9453 8691.8828 -39645.6367
v  -32892.3984 8092.4424 -39645.4375
v  -30413.8555 7792.7227 -39645.2422
v  -27935.3086 6893.5620 -39645.0625
v  -25456.7617 5994.4019 -39644.8906
v  -22978.2148 5394.9619 -39644.7227
v  -20499.6719 4795.5215 -39644.5742
v  -18021.1289 4196.0811 -39644.4258
v  -15542.5820 3896.3613 -39644.2891
v  -13064.0352 3596.6411 -39644.1641
v  -10585.4883 4196.0811 -39644.0469
v  -8106.9453 4495.8013 -39643.9375
v  -5628.3984 4795.5215 -39643.8359
v  -3149.8535 5394.9619 -39643.7461
v  -671.3066 5994.4019 -39643.6680
v  1807.2383 7493.0024 -39643.5938
v  4285.7832 8691.8828 -39643.5313
v  6764.3301 10190.4834 -39643.4766
v  9242.8750 10789.9238 -39643.4336
v  11721.4209 10789.9238 -39643.3984
v  14199.9658 10490.2031 -39643.3711
v  16678.5117 10490.2031 -39643.3555
v  19157.0566 10490.2031 -39643.3477
v  21635.6035 10190.4834 -39643.3477
v  24114.1484 10190.4834 -39643.3594
v  26592.6934 10190.4834 -39643.3789
v  29071.2383 10190.4834 -39643.4102
v  31549.7852 10190.4834 -39643.4453
v  34028.3320 10490.2031 -39643.4961
v  36506.8750 10190.4834 -39643.5508
v  38985.4219 10190.4834 -39643.6172
v  41463.9688 10190.4834 -39643.6914
v  43942.5156 10190.4834 -39643.7773
v  46421.0547 9890.7627 -39643.8672
v  48899.6016 9890.7627 -39643.9688
v  51378.1484 10190.4834 -39644.0820
v  53856.6953 10490.2031 -39644.2031
v  56335.2383 10490.2031 -39644.3320
v  58813.7852 10490.2031 -39644.4727
v  61292.3320 10190.4834 -39644.6211
v  63770.8789 10190.4834 -39644.7813
v  66249.4219 10490.2031 -39644.9492
v  68727.9688 10490.2031 -39645.1211
v  71206.5156 10490.2031 -39645.3086
v  73685.0625 10490.2031 -39645.5000
v  76163.6094 10490.2031 -39645.7070
v  78642.1563 10490.2031 -39645.9180
v  81120.6953 10789.9238 -39646.1367
v  83599.2500 11089.6436 -39646.3672
v  86077.7891 11089.6436 -39646.6133
v  88556.3281 11089.6436 -39646.8633
v  91034.8828 10789.9238 -39647.1211
v  93513.4219 10789.9238 -39647.3828
v  95991.9688 10490.2031 -39647.6602
v  98470.5156 10490.2031 -39647.9492
v  100949.0547 10789.9238 -39648.2461
v  103427.6094 11389.3633 -39648.5469
v  105906.1484 11988.8037 -39648.8633
v  108384.7031 12288.5234 -39649.1836
v  110863.2422 11988.8037 -39649.5195
v  113341.7891 11389.3633 -39649.8594
v  115820.3359 10789.9238 -39650.2070
v  118298.8750 10490.2031 -39650.5664
v  120777.4297 10190.4834 -39650.9375
v  123255.9688 10190.4834 -39651.3164
v  125734.5156 10190.4834 -39651.7031
v  128213.0625 10190.4834 -39652.0977
v  130691.6094 10190.4834 -39652.5039
v  133170.1563 10190.4834 -39652.9180
v  135648.6875 10190.4834 -39653.3438
v  138127.2500 10190.4834 -39653.7734
v  140605.7813 10190.4834 -39654.2188
v  143084.3438 10490.2031 -39654.6680
v  145562.8750 10490.2031 -39655.1289
v  148041.4219 10490.2031 -39655.5977
v  150519.9688 10190.4834 -39656.0742
v  152998.5156 10190.4834 -39656.5625
v  155477.0625 10490.2031 -39657.0586
v  157955.6094 10490.2031 -39657.5664
v  160434.1563 10490.2031 -39658.0820
v  -117163.7344 11089.6436 -35817.2617
v  -119642.2969 11089.6436 -35817.7734
v  -114685.1875 11089.6436 -35816.7578
v  -112206.6094 10789.9238 -35816.2656
v  -109728.0469 10789.9238 -35815.7773
v  -107249.5000 10789.9238 -35815.3047
v  -104770.9375 10789.9238 -35814.8359
v  -102292.3750 10789.9238 -35814.3789
v  -99813.8203 10789.9238 -35813.9336
v  -97335.2578 11089.6436 -35813.4922
v  -94856.6953 11389.3633 -35813.0625
v  -92378.1406 11689.0840 -35812.6406
v  -89899.5781 11689.0840 -35812.2305
v  -87421.0156 11689.0840 -35811.8281
v  -84942.4609 11389.3633 -35811.4375
v  -82463.8984 11389.3633 -35811.0547
v  -79985.3359 11089.6436 -35810.6797
v  -77506.7813 11089.6436 -35810.3086
v  -75028.2188 11389.3633 -35809.9531
v  -72549.6641 11389.3633 -35809.6094
v  -70071.0938 11089.6436 -35809.2695
v  -67592.5391 10490.2031 -35808.9414
v  -65113.9844 10190.4834 -35808.6211
v  -62635.4141 10190.4834 -35808.3086
v  -60156.8594 10190.4834 -35808.0078
v  -57678.2969 10190.4834 -35807.7188
v  -55199.7422 10190.4834 -35807.4336
v  -52721.1797 9890.7627 -35807.1602
v  -50242.6172 9291.3232 -35806.8945
v  -47764.0625 9291.3232 -35806.6367
v  -45285.5039 9291.3232 -35806.3945
v  -42806.9414 9291.3232 -35806.1563
v  -40328.3828 8991.6025 -35805.9297
v  -37849.8242 8691.8828 -35805.7109
v  -35371.2617 8691.8828 -35805.5000
v  -32892.7031 8092.4424 -35805.3008
v  -30414.1445 7792.7227 -35805.1055
v  -27935.5820 6893.5620 -35804.9258
v  -25457.0234 6593.8418 -35804.7539
v  -22978.4648 5694.6816 -35804.5898
v  -20499.9063 4795.5215 -35804.4375
v  -18021.3438 3896.3613 -35804.2930
v  -15542.7852 3596.6411 -35804.1563
v  -13064.2227 3896.3613 -35804.0273
v  -10585.6641 5095.2417 -35803.9102
v  -8107.1055 5095.2417 -35803.8008
v  -5628.5449 5095.2417 -35803.6992
v  -3149.9863 5394.9619 -35803.6094
v  -671.4258 5694.6816 -35803.5313
v  1807.1348 5994.4019 -35803.4570
v  4285.6934 7193.2822 -35803.3945
v  6764.2539 8691.8828 -35803.3398
v  9242.8135 9591.0430 -35803.3008
v  11721.3730 10190.4834 -35803.2617
v  14199.9326 10490.2031 -35803.2344
v  16678.4922 10190.4834 -35803.2188
v  19157.0527 10190.4834 -35803.2109
v  21635.6113 10190.4834 -35803.2109
v  24114.1719 9890.7627 -35803.2227
v  26592.7305 9890.7627 -35803.2461
v  29071.2910 10190.4834 -35803.2734
v  31549.8516 10190.4834 -35803.3086
v  34028.4102 10190.4834 -35803.3594
v  36506.9688 10190.4834 -35803.4180
v  38985.5313 10190.4834 -35803.4805
v  41464.0898 9890.7627 -35803.5547
v  43942.6484 9890.7627 -35803.6406
v  46421.2109 9890.7627 -35803.7344
v  48899.7734 10190.4834 -35803.8359
v  51378.3281 10190.4834 -35803.9453
v  53856.8906 10490.2031 -35804.0664
v  56335.4492 10490.2031 -35804.1953
v  58814.0078 10190.4834 -35804.3359
v  61292.5703 10190.4834 -35804.4844
v  63771.1289 10190.4834 -35804.6445
v  66249.6875 10490.2031 -35804.8125
v  68728.2500 10490.2031 -35804.9844
v  71206.8125 10789.9238 -35805.1719
v  73685.3672 10789.9238 -35805.3633
v  76163.9297 10789.9238 -35805.5703
v  78642.4844 10789.9238 -35805.7813
v  81121.0469 10789.9238 -35806.0039
v  83599.6094 11089.6436 -35806.2344
v  86078.1641 11089.6436 -35806.4766
v  88556.7266 11089.6436 -35806.7266
v  91035.2891 10789.9238 -35806.9844
v  93513.8438 10789.9238 -35807.2500
v  95992.4063 10789.9238 -35807.5273
v  98470.9609 10789.9238 -35807.8125
v  100949.5234 11089.6436 -35808.1094
v  103428.0859 11689.0840 -35808.4102
v  105906.6406 11988.8037 -35808.7266
v  108385.2031 12288.5234 -35809.0469
v  110863.7656 11988.8037 -35809.3828
v  113342.3203 11389.3633 -35809.7227
v  115820.8828 10490.2031 -35810.0703
v  118299.4453 10190.4834 -35810.4297
v  120778.0078 9890.7627 -35810.8047
v  123256.5625 9890.7627 -35811.1797
v  125735.1172 9890.7627 -35811.5664
v  128213.6875 10190.4834 -35811.9609
v  130692.2422 10190.4834 -35812.3672
v  133170.7969 10190.4834 -35812.7813
v  135649.3594 10190.4834 -35813.2070
v  138127.9219 10490.2031 -35813.6367
v  140606.4844 10490.2031 -35814.0820
v  143085.0313 10490.2031 -35814.5313
v  145563.5938 10490.2031 -35814.9922
v  148042.1563 10789.9238 -35815.4609
v  150520.7188 10789.9238 -35815.9414
v  152999.2813 10789.9238 -35816.4297
v  155477.8438 10789.9238 -35816.9258
v  157956.3906 10490.2031 -35817.4297
v  160434.9531 10190.4834 -35817.9453
v  -117164.5156 12288.5234 -31977.1270
v  -119643.0938 12588.2441 -31977.6387
v  -114685.9531 11689.0840 -31976.6211
v  -112207.3750 11689.0840 -31976.1289
v  -109728.7891 11089.6436 -31975.6445
v  -107250.2266 11089.6436 -31975.1680
v  -104771.6563 11089.6436 -31974.7031
v  -102293.0781 10789.9238 -31974.2441
v  -99814.5000 10789.9238 -31973.7969
v  -97335.9297 11089.6436 -31973.3574
v  -94857.3594 11389.3633 -31972.9277
v  -92378.7813 11389.3633 -31972.5059
v  -89900.2109 11389.3633 -31972.0957
v  -87421.6406 11089.6436 -31971.6934
v  -84943.0547 11089.6436 -31971.2988
v  -82464.4844 11089.6436 -31970.9160
v  -79985.9141 11089.6436 -31970.5410
v  -77507.3359 11089.6436 -31970.1758
v  -75028.7656 11089.6436 -31969.8184
v  -72550.1953 11389.3633 -31969.4727
v  -70071.6094 11389.3633 -31969.1328
v  -67593.0391 11089.6436 -31968.8047
v  -65114.4688 10789.9238 -31968.4844
v  -62635.8906 10490.2031 -31968.1738
v  -60157.3203 10490.2031 -31967.8730
v  -57678.7500 10490.2031 -31967.5820
v  -55200.1719 10490.2031 -31967.2969
v  -52721.5938 10190.4834 -31967.0234
v  -50243.0234 10190.4834 -31966.7598
v  -47764.4453 9890.7627 -31966.5059
v  -45285.8750 9890.7627 -31966.2578
v  -42807.3047 9890.7627 -31966.0195
v  -40328.7266 9591.0430 -31965.7930
v  -37850.1523 9291.3232 -31965.5742
v  -35371.5820 9291.3232 -31965.3633
v  -32893.0039 8691.8828 -31965.1641
v  -30414.4297 8092.4424 -31964.9727
v  -27935.8594 7792.7227 -31964.7891
v  -25457.2852 7493.0024 -31964.6172
v  -22978.7109 7493.0024 -31964.4551
v  -20500.1367 6593.8418 -31964.2988
v  -18021.5625 5694.6816 -31964.1543
v  -15542.9883 4495.8013 -31964.0195
v  -13064.4141 4196.0811 -31963.8926
v  -10585.8398 4495.8013 -31963.7734
v  -8107.2656 5095.2417 -31963.6641
v  -5628.6914 5394.9619 -31963.5664
v  -3150.1191 5095.2417 -31963.4746
v  -671.5449 4795.5215 -31963.3926
v  1807.0313 4795.5215 -31963.3223
v  4285.6035 5694.6816 -31963.2598
v  6764.1777 6593.8418 -31963.2051
v  9242.7520 7792.7227 -31963.1621
v  11721.3262 8991.6025 -31963.1270
v  14199.8994 9591.0430 -31963.0996
v  16678.4746 9890.7627 -31963.0840
v  19157.0469 9890.7627 -31963.0762
v  21635.6211 9890.7627 -31963.0762
v  24114.1953 9890.7627 -31963.0879
v  26592.7695 9591.0430 -31963.1094
v  29071.3438 9591.0430 -31963.1367
v  31549.9180 9591.0430 -31963.1758
v  34028.4922 9890.7627 -31963.2227
v  36507.0664 9890.7627 -31963.2793
v  38985.6406 9890.7627 -31963.3457
v  41464.2109 9890.7627 -31963.4199
v  43942.7891 9890.7627 -31963.5059
v  46421.3594 9890.7627 -31963.5977
v  48899.9375 9890.7627 -31963.7012
v  51378.5078 10190.4834 -31963.8125
v  53857.0820 10490.2031 -31963.9336
v  56335.6563 10490.2031 -31964.0625
v  58814.2344 10190.4834 -31964.2031
v  61292.8047 10190.4834 -31964.3496
v  63771.3789 10190.4834 -31964.5078
v  66249.9531 10490.2031 -31964.6738
v  68728.5313 10490.2031 -31964.8516
v  71207.1016 10789.9238 -31965.0371
v  73685.6719 10789.9238 -31965.2305
v  76164.2500 10789.9238 -31965.4336
v  78642.8281 10789.9238 -31965.6465
v  81121.3906 10789.9238 -31965.8691
v  83599.9688 11089.6436 -31966.0996
v  86078.5469 11089.6436 -31966.3398
v  88557.1172 11089.6436 -31966.5879
v  91035.6875 11089.6436 -31966.8477
v  93514.2656 11089.6436 -31967.1152
v  95992.8438 11089.6436 -31967.3926
v  98471.4141 11389.3633 -31967.6777
v  100949.9922 11689.0840 -31967.9727
v  103428.5625 11988.8037 -31968.2773
v  105907.1328 11988.8037 -31968.5918
v  108385.7109 11689.0840 -31968.9141
v  110864.2891 11089.6436 -31969.2441
v  113342.8594 10789.9238 -31969.5859
v  115821.4375 10190.4834 -31969.9375
v  118300.0078 9890.7627 -31970.2969
v  120778.5781 9890.7627 -31970.6660
v  123257.1563 10190.4834 -31971.0430
v  125735.7266 9890.7627 -31971.4297
v  128214.3047 9890.7627 -31971.8262
v  130692.8828 10190.4834 -31972.2305
v  133171.4531 10190.4834 -31972.6465
v  135650.0313 10490.2031 -31973.0703
v  138128.5938 10490.2031 -31973.5039
v  140607.1719 10490.2031 -31973.9453
v  143085.7500 10789.9238 -31974.3965
v  145564.3125 10789.9238 -31974.8574
v  148042.8906 10789.9238 -31975.3262
v  150521.4688 10789.9238 -31975.8047
v  153000.0469 11089.6436 -31976.2949
v  155478.6094 10789.9238 -31976.7910
v  157957.2031 10490.2031 -31977.2969
v  160435.7656 10190.4834 -31977.8125
v  -117165.3125 14086.8447 -28136.9922
v  -119643.9063 13787.1240 -28137.5039
v  -114686.7344 14086.8447 -28136.4863
v  -112208.1250 13787.1240 -28135.9922
v  -109729.5547 13187.6836 -28135.5078
v  -107250.9531 12588.2441 -28135.0313
v  -104772.3672 11689.0840 -28134.5664
v  -102293.7813 11089.6436 -28134.1094
v  -99815.1875 10789.9238 -28133.6602
v  -97336.6016 11089.6436 -28133.2207
v  -94858.0156 11389.3633 -28132.7930
v  -92379.4297 11389.3633 -28132.3711
v  -89900.8359 11389.3633 -28131.9590
v  -87422.2500 11389.3633 -28131.5566
v  -84943.6641 11089.6436 -28131.1641
v  -82465.0781 11089.6436 -28130.7793
v  -79986.4844 11089.6436 -28130.4043
v  -77507.8984 11089.6436 -28130.0391
v  -75029.3125 11089.6436 -28129.6816
v  -72550.7266 11089.6436 -28129.3359
v  -70072.1328 11389.3633 -28128.9980
v  -67593.5469 11089.6436 -28128.6680
v  -65114.9609 10789.9238 -28128.3477
v  -62636.3750 10789.9238 -28128.0391
v  -60157.7813 11089.6436 -28127.7363
v  -57679.1953 11089.6436 -28127.4453
v  -55200.6016 11089.6436 -28127.1621
v  -52722.0078 11089.6436 -28126.8867
v  -50243.4219 10789.9238 -28126.6250
v  -47764.8359 10789.9238 -28126.3691
v  -45286.2461 10789.9238 -28126.1211
v  -42807.6641 10490.2031 -28125.8848
v  -40329.0742 10190.4834 -28125.6582
v  -37850.4883 9890.7627 -28125.4375
v  -35371.8984 9890.7627 -28125.2285
v  -32893.3086 9591.0430 -28125.0293
v  -30414.7188 8991.6025 -28124.8379
v  -27936.1328 8392.1621 -28124.6543
v  -25457.5430 8392.1621 -28124.4824
v  -22978.9570 8092.4424 -28124.3184
v  -20500.3672 7493.0024 -28124.1641
v  -18021.7813 6593.8418 -28124.0176
v  -15543.1914 5694.6816 -28123.8828
v  -13064.6055 4795.5215 -28123.7559
v  -10586.0156 4196.0811 -28123.6367
v  -8107.4277 4495.8013 -28123.5293
v  -5628.8398 4795.5215 -28123.4297
v  -3150.2520 4795.5215 -28123.3398
v  -671.6641 4495.8013 -28123.2578
v  1806.9258 4196.0811 -28123.1875
v  4285.5137 4495.8013 -28123.1250
v  6764.1025 5394.9619 -28123.0703
v  9242.6904 6593.8418 -28123.0254
v  11721.2783 7792.7227 -28122.9922
v  14199.8662 8991.6025 -28122.9648
v  16678.4551 8991.6025 -28122.9473
v  19157.0430 9291.3232 -28122.9395
v  21635.6309 9591.0430 -28122.9414
v  24114.2188 9591.0430 -28122.9531
v  26592.8086 9591.0430 -28122.9727
v  29071.3965 9591.0430 -28123.0000
v  31549.9844 9591.0430 -28123.0410
v  34028.5703 9890.7627 -28123.0879
v  36507.1602 9890.7627 -28123.1426
v  38985.7500 10190.4834 -28123.2090
v  41464.3359 10190.4834 -28123.2852
v  43942.9219 9890.7627 -28123.3691
v  46421.5156 9890.7627 -28123.4609
v  48900.1016 10190.4834 -28123.5645
v  51378.6875 10190.4834 -28123.6758
v  53857.2773 10490.2031 -28123.7969
v  56335.8633 10490.2031 -28123.9277
v  58814.4570 10490.2031 -28124.0664
v  61293.0430 10190.4834 -28124.2148
v  63771.6328 10190.4834 -28124.3730
v  66250.2188 10490.2031 -28124.5391
v  68728.8125 10789.9238 -28124.7168
v  71207.3906 10789.9238 -28124.9004
v  73685.9844 10789.9238 -28125.0957
v  76164.5703 10789.9238 -28125.2969
v  78643.1563 10789.9238 -28125.5098
v  81121.7500 11089.6436 -28125.7324
v  83600.3359 11089.6436 -28125.9629
v  86078.9219 11089.6436 -28126.2031
v  88557.5156 11389.3633 -28126.4531
v  91036.1016 11389.3633 -28126.7109
v  93514.6875 11389.3633 -28126.9785
v  95993.2734 11689.0840 -28127.2578
v  98471.8672 11988.8037 -28127.5410
v  100950.4531 12288.5234 -28127.8359
v  103429.0391 12288.5234 -28128.1426
v  105907.6250 11988.8037 -28128.4551
v  108386.2188 11389.3633 -28128.7793
v  110864.8047 10490.2031 -28129.1094
v  113343.3906 10190.4834 -28129.4512
v  115821.9766 9890.7627 -28129.8027
v  118300.5703 10190.4834 -28130.1621
v  120779.1563 10490.2031 -28130.5293
v  123257.7422 10190.4834 -28130.9063
v  125736.3359 10190.4834 -28131.2949
v  128214.9297 10190.4834 -28131.6914
v  130693.5156 10190.4834 -28132.0977
v  133172.0938 10190.4834 -28132.5117
v  135650.6875 10490.2031 -28132.9336
v  138129.2813 10490.2031 -28133.3691
v  140607.8750 10789.9238 -28133.8105
v  143086.4531 10789.9238 -28134.2598
v  145565.0469 10789.9238 -28134.7207
v  148043.6250 10789.9238 -28135.1914
v  150522.2188 10789.9238 -28135.6699
v  153000.8125 10789.9238 -28136.1582
v  155479.3906 10789.9238 -28136.6543
v  157957.9844 10490.2031 -28137.1621
v  160436.5625 10490.2031 -28137.6777
v  -117166.0938 14986.0049 -24296.8555
v  -119644.6875 14686.2842 -24297.3672
v  -114687.5000 14986.0049 -24296.3516
v  -112208.8906 14986.0049 -24295.8574
v  -109730.2969 14686.2842 -24295.3730
v  -107251.6797 13787.1240 -24294.8965
v  -104773.0781 12887.9639 -24294.4316
v  -102294.4844 11988.8037 -24293.9727
v  -99815.8828 11389.3633 -24293.5254
v  -97337.2813 11389.3633 -24293.0859
v  -94858.6719 11389.3633 -24292.6563
v  -92380.0703 11389.3633 -24292.2344
v  -89901.4688 11389.3633 -24291.8242
v  -87422.8672 11389.3633 -24291.4219
v  -84944.2656 11389.3633 -24291.0273
v  -82465.6563 11389.3633 -24290.6445
v  -79987.0547 11089.6436 -24290.2695
v  -77508.4609 10789.9238 -24289.9043
v  -75029.8594 10789.9238 -24289.5469
v  -72551.2500 10789.9238 -24289.2012
v  -70072.6484 10789.9238 -24288.8613
v  -67594.0469 10490.2031 -24288.5332
v  -65115.4453 10490.2031 -24288.2129
v  -62636.8438 10490.2031 -24287.9023
v  -60158.2344 11089.6436 -24287.6016
v  -57679.6328 11389.3633 -24287.3105
v  -55201.0313 11689.0840 -24287.0254
v  -52722.4297 11389.3633 -24286.7520
v  -50243.8359 11089.6436 -24286.4883
v  -47765.2266 11089.6436 -24286.2344
v  -45286.6250 11089.6436 -24285.9863
v  -42808.0234 11089.6436 -24285.7480
v  -40329.4219 10490.2031 -24285.5215
v  -37850.8164 10190.4834 -24285.3027
v  -35372.2148 9890.7627 -24285.0918
v  -32893.6133 9890.7627 -24284.8926
v  -30415.0117 9591.0430 -24284.7012
v  -27936.4102 8991.6025 -24284.5195
v  -25457.8047 8991.6025 -24284.3457
v  -22979.2031 8392.1621 -24284.1836
v  -20500.5977 7792.7227 -24284.0273
v  -18022.0000 7193.2822 -24283.8828
v  -15543.3945 6294.1221 -24283.7480
v  -13064.7930 5694.6816 -24283.6211
v  -10586.1914 5095.2417 -24283.5020
v  -8107.5879 4795.5215 -24283.3926
v  -5628.9863 4795.5215 -24283.2949
v  -3150.3848 5095.2417 -24283.2031
v  -671.7813 5095.2417 -24283.1211
v  1806.8223 4795.5215 -24283.0527
v  4285.4238 4495.8013 -24282.9883
v  6764.0264 5095.2417 -24282.9336
v  9242.6289 5694.6816 -24282.8906
v  11721.2314 6593.8418 -24282.8555
v  14199.8330 7493.0024 -24282.8281
v  16678.4355 8092.4424 -24282.8125
v  19157.0391 8392.1621 -24282.8047
v  21635.6406 8691.8828 -24282.8047
v  24114.2422 8991.6025 -24282.8164
v  26592.8457 9291.3232 -24282.8379
v  29071.4492 9591.0430 -24282.8652
v  31550.0508 9890.7627 -24282.9043
v  34028.6523 9890.7627 -24282.9512
v  36507.2578 10190.4834 -24283.0078
v  38985.8594 10190.4834 -24283.0742
v  41464.4609 10190.4834 -24283.1484
v  43943.0625 10190.4834 -24283.2344
v  46421.6641 9890.7627 -24283.3262
v  48900.2656 10190.4834 -24283.4297
v  51378.8711 10190.4834 -24283.5410
v  53857.4727 10190.4834 -24283.6621
v  56336.0781 10190.4834 -24283.7910
v  58814.6758 10190.4834 -24283.9316
v  61293.2773 10190.4834 -24284.0781
v  63771.8828 10490.2031 -24284.2363
v  66250.4844 10490.2031 -24284.4023
v  68729.0938 10789.9238 -24284.5801
v  71207.6875 10789.9238 -24284.7656
v  73686.2969 10490.2031 -24284.9590
v  76164.8906 10490.2031 -24285.1621
v  78643.5000 10789.9238 -24285.3750
v  81122.1016 11089.6436 -24285.5977
v  83600.7031 11389.3633 -24285.8281
v  86079.3047 11389.3633 -24286.0684
v  88557.9063 11389.3633 -24286.3164
v  91036.5078 11389.3633 -24286.5762
v  93515.1094 11689.0840 -24286.8438
v  95993.7188 11689.0840 -24287.1211
v  98472.3203 11988.8037 -24287.4063
v  100950.9219 12288.5234 -24287.7012
v  103429.5156 12288.5234 -24288.0059
v  105908.1172 11689.0840 -24288.3203
v  108386.7266 11089.6436 -24288.6426
v  110865.3281 10490.2031 -24288.9727
v  113343.9297 10190.4834 -24289.3145
v  115822.5313 10190.4834 -24289.6660
v  118301.1328 10190.4834 -24290.0254
v  120779.7422 10490.2031 -24290.3945
v  123258.3438 10490.2031 -24290.7715
v  125736.9453 10490.2031 -24291.1582
v  128215.5391 10490.2031 -24291.5547
v  130694.1484 10190.4834 -24291.9609
v  133172.7500 10190.4834 -24292.3750
v  135651.3438 10190.4834 -24292.7988
v  138129.9531 10190.4834 -24293.2324
v  140608.5625 10490.2031 -24293.6738
v  143087.1563 10789.9238 -24294.1250
v  145565.7656 10789.9238 -24294.5859
v  148044.3594 10789.9238 -24295.0547
v  150522.9688 10490.2031 -24295.5332
v  153001.5625 10490.2031 -24296.0234
v  155480.1719 10789.9238 -24296.5195
v  157958.7656 10789.9238 -24297.0254
v  160437.3750 10490.2031 -24297.5410
v  -117166.8906 15585.4453 -20456.7207
v  -119645.5000 15585.4453 -20457.2324
v  -114688.2656 15585.4453 -20456.2168
v  -112209.6406 15585.4453 -20455.7207
v  -109731.0391 15285.7246 -20455.2363
v  -107252.4141 14986.0049 -20454.7598
v  -104773.7969 14086.8447 -20454.2949
v  -102295.1797 13487.4043 -20453.8379
v  -99816.5625 12588.2441 -20453.3887
v  -97337.9531 11988.8037 -20452.9512
v  -94859.3359 11988.8037 -20452.5215
v  -92380.7188 11988.8037 -20452.0996
v  -89902.0938 11988.8037 -20451.6895
v  -87423.4766 11988.8037 -20451.2852
v  -84944.8672 11988.8037 -20450.8926
v  -82466.2500 11689.0840 -20450.5078
v  -79987.6328 11389.3633 -20450.1328
v  -77509.0156 11089.6436 -20449.7676
v  -75030.4063 10789.9238 -20449.4102
v  -72551.7813 10490.2031 -20449.0645
v  -70073.1641 10190.4834 -20448.7266
v  -67594.5469 9890.7627 -20448.3965
v  -65115.9297 9591.0430 -20448.0762
v  -62637.3203 10190.4834 -20447.7676
v  -60158.7031 10490.2031 -20447.4668
v  -57680.0781 11089.6436 -20447.1738
v  -55201.4609 11389.3633 -20446.8906
v  -52722.8516 11389.3633 -20446.6172
v  -50244.2344 11389.3633 -20446.3535
v  -47765.6172 11389.3633 -20446.0977
v  -45286.9961 11389.3633 -20445.8496
v  -42808.3828 11389.3633 -20445.6133
v  -40329.7656 10789.9238 -20445.3867
v  -37851.1523 10190.4834 -20445.1660
v  -35372.5313 9890.7627 -20444.9570
v  -32893.9180 9591.0430 -20444.7578
v  -30415.3008 9591.0430 -20444.5664
v  -27936.6797 9291.3232 -20444.3848
v  -25458.0664 9291.3232 -20444.2109
v  -22979.4492 8991.6025 -20444.0469
v  -20500.8320 8691.8828 -20443.8926
v  -18022.2148 7792.7227 -20443.7480
v  -15543.6016 7193.2822 -20443.6113
v  -13064.9844 6593.8418 -20443.4844
v  -10586.3652 5994.4019 -20443.3672
v  -8107.7500 5994.4019 -20443.2578
v  -5629.1328 5994.4019 -20443.1582
v  -3150.5176 5994.4019 -20443.0684
v  -671.9004 5694.6816 -20442.9863
v  1806.7188 5394.9619 -20442.9160
v  4285.3330 4795.5215 -20442.8535
v  6763.9512 4795.5215 -20442.7988
v  9242.5674 5095.2417 -20442.7539
v  11721.1836 5394.9619 -20442.7207
v  14199.7998 6294.1221 -20442.6934
v  16678.4180 6893.5620 -20442.6758
v  19157.0332 8092.4424 -20442.6680
v  21635.6504 8691.8828 -20442.6699
v  24114.2656 8991.6025 -20442.6816
v  26592.8828 9291.3232 -20442.7012
v  29071.5000 9591.0430 -20442.7305
v  31550.1172 9890.7627 -20442.7695
v  34028.7344 10190.4834 -20442.8164
v  36507.3516 10190.4834 -20442.8711
v  38985.9688 10490.2031 -20442.9375
v  41464.5820 10490.2031 -20443.0137
v  43943.2031 10190.4834 -20443.0977
v  46421.8164 10190.4834 -20443.1895
v  48900.4336 10190.4834 -20443.2949
v  51379.0508 10190.4834 -20443.4043
v  53857.6680 10190.4834 -20443.5254
v  56336.2852 9890.7627 -20443.6563
v  58814.8984 10190.4834 -20443.7949
v  61293.5195 10190.4834 -20443.9434
v  63772.1328 10490.2031 -20444.1016
v  66250.7500 10490.2031 -20444.2676
v  68729.3594 10789.9238 -20444.4453
v  71207.9844 10789.9238 -20444.6289
v  73686.5938 10789.9238 -20444.8242
v  76165.2188 10789.9238 -20445.0254
v  78643.8359 10789.9238 -20445.2383
v  81122.4531 11089.6436 -20445.4609
v  83601.0625 11389.3633 -20445.6914
v  86079.6797 11389.3633 -20445.9316
v  88558.2969 11389.3633 -20446.1816
v  91036.9219 11689.0840 -20446.4395
v  93515.5313 11689.0840 -20446.7070
v  95994.1484 11689.0840 -20446.9863
v  98472.7656 11988.8037 -20447.2715
v  100951.3828 11988.8037 -20447.5664
v  103430.0000 11689.0840 -20447.8711
v  105908.6172 11089.6436 -20448.1836
v  108387.2344 11089.6436 -20448.5078
v  110865.8516 10789.9238 -20448.8379
v  113344.4688 10789.9238 -20449.1797
v  115823.0781 10490.2031 -20449.5313
v  118301.6953 10490.2031 -20449.8906
v  120780.3125 10490.2031 -20450.2578
v  123258.9375 10490.2031 -20450.6367
v  125737.5547 10490.2031 -20451.0234
v  128216.1641 10490.2031 -20451.4199
v  130694.7813 10490.2031 -20451.8262
v  133173.4063 10490.2031 -20452.2402
v  135652.0156 10190.4834 -20452.6621
v  138130.6250 10490.2031 -20453.0977
v  140609.2500 10490.2031 -20453.5391
v  143087.8750 10789.9238 -20453.9902
v  145566.4844 10789.9238 -20454.4492
v  148045.0938 10789.9238 -20454.9199
v  150523.7188 10490.2031 -20455.3984
v  153002.3438 10490.2031 -20455.8867
v  155480.9531 10490.2031 -20456.3828
v  157959.5625 10789.9238 -20456.8906
v  160438.1875 10490.2031 -20457.4063
v  -117167.6719 15585.4453 -16616.5820
v  -119646.2969 15585.4453 -16617.0957
v  -114689.0313 15585.4453 -16616.0801
v  -112210.4063 15885.1650 -16615.5859
v  -109731.7813 15585.4453 -16615.1016
v  -107253.1406 15585.4453 -16614.6250
v  -104774.5156 14986.0049 -16614.1602
v  -102295.8828 14386.5645 -16613.7012
v  -99817.2500 13787.1240 -16613.2539
v  -97338.6172 13187.6836 -16612.8145
v  -94859.9922 12588.2441 -16612.3828
v  -92381.3594 12288.5234 -16611.9648
v  -89902.7266 11988.8037 -16611.5508
v  -87424.1016 12288.5234 -16611.1484
v  -84945.4688 12288.5234 -16610.7578
v  -82466.8359 12288.5234 -16610.3730
v  -79988.2109 11689.0840 -16609.9980
v  -77509.5781 11389.3633 -16609.6328
v  -75030.9375 11089.6436 -16609.2773
v  -72552.3125 10789.9238 -16608.9297
v  -70073.6797 10490.2031 -16608.5898
v  -67595.0469 9890.7627 -16608.2617
v  -65116.4219 10190.4834 -16607.9414
v  -62637.7891 10490.2031 -16607.6328
v  -60159.1641 10789.9238 -16607.3301
v  -57680.5313 11089.6436 -16607.0391
v  -55201.8984 11089.6436 -16606.7539
v  -52723.2734 11089.6436 -16606.4805
v  -50244.6328 11089.6436 -16606.2168
v  -47766.0000 11389.3633 -16605.9609
v  -45287.3789 11389.3633 -16605.7148
v  -42808.7422 11389.3633 -16605.4766
v  -40330.1133 10789.9238 -16605.2500
v  -37851.4805 10190.4834 -16605.0313
v  -35372.8516 9890.7627 -16604.8203
v  -32894.2227 9890.7627 -16604.6211
v  -30415.5859 9591.0430 -16604.4297
v  -27936.9570 9591.0430 -16604.2480
v  -25458.3281 9291.3232 -16604.0742
v  -22979.6953 9291.3232 -16603.9121
v  -20501.0664 8691.8828 -16603.7578
v  -18022.4336 8092.4424 -16603.6113
v  -15543.8008 7493.0024 -16603.4766
v  -13065.1719 6893.5620 -16603.3477
v  -10586.5430 6593.8418 -16603.2305
v  -8107.9102 6294.1221 -16603.1211
v  -5629.2793 5994.4019 -16603.0234
v  -3150.6504 5694.6816 -16602.9336
v  -672.0176 5694.6816 -16602.8516
v  1806.6113 5694.6816 -16602.7793
v  4285.2432 5394.9619 -16602.7168
v  6763.8740 4795.5215 -16602.6641
v  9242.5059 4795.5215 -16602.6191
v  11721.1357 4795.5215 -16602.5820
v  14199.7676 5394.9619 -16602.5586
v  16678.3984 6593.8418 -16602.5410
v  19157.0293 7792.7227 -16602.5332
v  21635.6602 8392.1621 -16602.5352
v  24114.2910 8991.6025 -16602.5469
v  26592.9219 9591.0430 -16602.5664
v  29071.5527 9890.7627 -16602.5938
v  31550.1836 9890.7627 -16602.6328
v  34028.8125 9890.7627 -16602.6797
v  36507.4453 10190.4834 -16602.7383
v  38986.0781 10190.4834 -16602.8027
v  41464.7031 10190.4834 -16602.8789
v  43943.3359 10190.4834 -16602.9609
v  46421.9688 10190.4834 -16603.0547
v  48900.5977 10190.4834 -16603.1563
v  51379.2305 10190.4834 -16603.2695
v  53857.8594 10190.4834 -16603.3906
v  56336.4922 10190.4834 -16603.5195
v  58815.1250 10190.4834 -16603.6602
v  61293.7539 10190.4834 -16603.8086
v  63772.3867 10490.2031 -16603.9648
v  66251.0156 10490.2031 -16604.1328
v  68729.6406 10789.9238 -16604.3086
v  71208.2734 10789.9238 -16604.4922
v  73686.9063 10789.9238 -16604.6875
v  76165.5391 11089.6436 -16604.8906
v  78644.1719 11089.6436 -16605.1035
v  81122.7969 11089.6436 -16605.3242
v  83601.4375 11389.3633 -16605.5566
v  86080.0625 11089.6436 -16605.7969
v  88558.6953 11389.3633 -16606.0469
v  91037.3203 11689.0840 -16606.3047
v  93515.9531 11988.8037 -16606.5723
v  95994.5859 12288.5234 -16606.8477
v  98473.2109 12288.5234 -16607.1348
v  100951.8438 11988.8037 -16607.4297
v  103430.4766 11389.3633 -16607.7344
v  105909.1094 11089.6436 -16608.0488
v  108387.7422 11089.6436 -16608.3711
v  110866.3750 11089.6436 -16608.7031
v  113345.0000 11089.6436 -16609.0430
v  115823.6328 10789.9238 -16609.3945
v  118302.2656 10789.9238 -16609.7539
v  120780.8906 10490.2031 -16610.1211
v  123259.5234 10490.2031 -16610.5000
v  125738.1563 10490.2031 -16610.8867
v  128216.7813 10490.2031 -16611.2852
v  130695.4219 10490.2031 -16611.6895
v  133174.0625 10490.2031 -16612.1035
v  135652.6875 10490.2031 -16612.5273
v  138131.3125 10490.2031 -16612.9609
v  140609.9375 10789.9238 -16613.4023
v  143088.5625 10789.9238 -16613.8535
v  145567.2031 10789.9238 -16614.3145
v  148045.8281 10789.9238 -16614.7852
v  150524.4688 10490.2031 -16615.2617
v  153003.0938 10490.2031 -16615.7500
v  155481.7188 10490.2031 -16616.2480
v  157960.3594 10490.2031 -16616.7539
v  160438.9844 10490.2031 -16617.2695
v  -117168.4531 15585.4453 -12776.4473
v  -119647.0938 15285.7246 -12776.9600
v  -114689.7969 15585.4453 -12775.9443
v  -112211.1563 15585.4453 -12775.4512
v  -109732.5234 15585.4453 -12774.9658
v  -107253.8828 15585.4453 -12774.4902
v  -104775.2344 15285.7246 -12774.0234
v  -102296.5859 14986.0049 -12773.5664
v  -99817.9453 14086.8447 -12773.1172
v  -97339.2969 13787.1240 -12772.6787
v  -94860.6563 12887.9639 -12772.2480
v  -92382.0078 12288.5234 -12771.8281
v  -89903.3672 12288.5234 -12771.4170
v  -87424.7109 12588.2441 -12771.0146
v  -84946.0625 12887.9639 -12770.6211
v  -82467.4219 12588.2441 -12770.2373
v  -79988.7734 11988.8037 -12769.8623
v  -77510.1328 11689.0840 -12769.4971
v  -75031.4844 11089.6436 -12769.1406
v  -72552.8438 10789.9238 -12768.7930
v  -70074.1953 10490.2031 -12768.4551
v  -67595.5547 10490.2031 -12768.1260
v  -65116.9063 10789.9238 -12767.8066
v  -62638.2656 11089.6436 -12767.4961
v  -60159.6172 11089.6436 -12767.1943
v  -57680.9766 11089.6436 -12766.9023
v  -55202.3281 10789.9238 -12766.6191
v  -52723.6875 10789.9238 -12766.3457
v  -50245.0391 10789.9238 -12766.0811
v  -47766.3984 11089.6436 -12765.8252
v  -45287.7500 11089.6436 -12765.5791
v  -42809.1055 11089.6436 -12765.3418
v  -40330.4570 10789.9238 -12765.1143
v  -37851.8125 10490.2031 -12764.8955
v  -35373.1680 10190.4834 -12764.6855
v  -32894.5234 9890.7627 -12764.4854
v  -30415.8789 9591.0430 -12764.2939
v  -27937.2344 9591.0430 -12764.1123
v  -25458.5859 9591.0430 -12763.9404
v  -22979.9414 9591.0430 -12763.7764
v  -20501.2969 9291.3232 -12763.6221
v  -18022.6523 8691.8828 -12763.4756
v  -15544.0078 8092.4424 -12763.3398
v  -13065.3633 7193.2822 -12763.2129
v  -10586.7168 6593.8418 -12763.0947
v  -8108.0723 5994.4019 -12762.9873
v  -5629.4277 5694.6816 -12762.8877
v  -3150.7813 5394.9619 -12762.7969
v  -672.1367 5095.2417 -12762.7158
v  1806.5078 5095.2417 -12762.6436
v  4285.1533 5095.2417 -12762.5811
v  6763.7979 4795.5215 -12762.5273
v  9242.4443 4495.8013 -12762.4834
v  11721.0889 4495.8013 -12762.4482
v  14199.7344 5394.9619 -12762.4219
v  16678.3789 6294.1221 -12762.4053
v  19157.0234 7493.0024 -12762.3975
v  21635.6699 8392.1621 -12762.3994
v  24114.3145 8691.8828 -12762.4102
v  26592.9590 9591.0430 -12762.4297
v  29071.6055 10190.4834 -12762.4590
v  31550.2500 10190.4834 -12762.4971
v  34028.8945 9890.7627 -12762.5439
v  36507.5391 9890.7627 -12762.6016
v  38986.1836 9890.7627 -12762.6670
v  41464.8281 10190.4834 -12762.7422
v  43943.4766 10190.4834 -12762.8262
v  46422.1211 10190.4834 -12762.9199
v  48900.7656 10190.4834 -12763.0215
v  51379.4102 10190.4834 -12763.1338
v  53858.0586 10490.2031 -12763.2549
v  56336.7031 10490.2031 -12763.3848
v  58815.3477 10190.4834 -12763.5244
v  61293.9922 10490.2031 -12763.6719
v  63772.6367 10490.2031 -12763.8301
v  66251.2813 10490.2031 -12763.9971
v  68729.9219 10490.2031 -12764.1719
v  71208.5703 10490.2031 -12764.3574
v  73687.2188 10789.9238 -12764.5518
v  76165.8594 11089.6436 -12764.7549
v  78644.5000 11089.6436 -12764.9678
v  81123.1484 11089.6436 -12765.1895
v  83601.7969 11089.6436 -12765.4209
v  86080.4375 11089.6436 -12765.6602
v  88559.0859 11089.6436 -12765.9102
v  91037.7266 11689.0840 -12766.1680
v  93516.3750 11988.8037 -12766.4365
v  95995.0156 12288.5234 -12766.7129
v  98473.6719 12288.5234 -12766.9990
v  100952.3125 11988.8037 -12767.2949
v  103430.9609 11689.0840 -12767.5996
v  105909.6016 11389.3633 -12767.9131
v  108388.2500 11089.6436 -12768.2354
v  110866.8984 11089.6436 -12768.5674
v  113345.5391 11089.6436 -12768.9082
v  115824.1875 10789.9238 -12769.2588
v  118302.8281 10789.9238 -12769.6182
v  120781.4766 10490.2031 -12769.9863
v  123260.1172 10490.2031 -12770.3652
v  125738.7656 10490.2031 -12770.7520
v  128217.4063 10490.2031 -12771.1484
v  130696.0547 10490.2031 -12771.5537
v  133174.6875 10789.9238 -12771.9678
v  135653.3438 10789.9238 -12772.3916
v  138131.9844 10789.9238 -12772.8242
v  140610.6250 10789.9238 -12773.2666
v  143089.2813 10789.9238 -12773.7178
v  145567.9219 10789.9238 -12774.1787
v  148046.5625 10789.9238 -12774.6484
v  150525.2188 10789.9238 -12775.1270
v  153003.8594 10490.2031 -12775.6152
v  155482.5156 10490.2031 -12776.1123
v  157961.1563 10190.4834 -12776.6182
v  160439.7969 10190.4834 -12777.1348
v  -117169.2500 15285.7246 -8936.3125
v  -119647.9063 15285.7246 -8936.8242
v  -114690.5781 15585.4453 -8935.8086
v  -112211.9219 15585.4453 -8935.3145
v  -109733.2656 15585.4453 -8934.8301
v  -107254.6094 15585.4453 -8934.3535
v  -104775.9453 15285.7246 -8933.8877
v  -102297.2891 14686.2842 -8933.4297
v  -99818.6250 14386.5645 -8932.9824
v  -97339.9688 14086.8447 -8932.5430
v  -94861.3125 13487.4043 -8932.1133
v  -92382.6484 13187.6836 -8931.6924
v  -89903.9922 12887.9639 -8931.2813
v  -87425.3281 12887.9639 -8930.8789
v  -84946.6719 12887.9639 -8930.4854
v  -82468.0078 12588.2441 -8930.1016
v  -79989.3516 11988.8037 -8929.7266
v  -77510.6953 11689.0840 -8929.3613
v  -75032.0313 11389.3633 -8929.0049
v  -72553.3750 11089.6436 -8928.6582
v  -70074.7109 11089.6436 -8928.3193
v  -67596.0547 11089.6436 -8927.9902
v  -65117.3984 11389.3633 -8927.6709
v  -62638.7344 11689.0840 -8927.3604
v  -60160.0781 11389.3633 -8927.0586
v  -57681.4141 11089.6436 -8926.7676
v  -55202.7578 10789.9238 -8926.4844
v  -52724.1016 10789.9238 -8926.2100
v  -50245.4375 10789.9238 -8925.9453
v  -47766.7813 11089.6436 -8925.6895
v  -45288.1211 10789.9238 -8925.4434
v  -42809.4648 10789.9238 -8925.2070
v  -40330.8047 10789.9238 -8924.9785
v  -37852.1445 10789.9238 -8924.7598
v  -35373.4883 10490.2031 -8924.5508
v  -32894.8281 10190.4834 -8924.3496
v  -30416.1680 9591.0430 -8924.1582
v  -27937.5078 9591.0430 -8923.9766
v  -25458.8477 9591.0430 -8923.8037
v  -22980.1875 9591.0430 -8923.6406
v  -20501.5313 9591.0430 -8923.4863
v  -18022.8711 8991.6025 -8923.3398
v  -15544.2109 8392.1621 -8923.2041
v  -13065.5508 7493.0024 -8923.0771
v  -10586.8926 6593.8418 -8922.9590
v  -8108.2324 5994.4019 -8922.8516
v  -5629.5723 5994.4019 -8922.7520
v  -3150.9141 5394.9619 -8922.6611
v  -672.2539 4795.5215 -8922.5801
v  1806.4023 4196.0811 -8922.5078
v  4285.0635 4196.0811 -8922.4453
v  6763.7227 4196.0811 -8922.3926
v  9242.3828 4196.0811 -8922.3477
v  11721.0410 4196.0811 -8922.3125
v  14199.7012 4795.5215 -8922.2871
v  16678.3594 5994.4019 -8922.2695
v  19157.0195 6893.5620 -8922.2617
v  21635.6797 7792.7227 -8922.2637
v  24114.3379 8991.6025 -8922.2734
v  26592.9961 10190.4834 -8922.2939
v  29071.6563 10490.2031 -8922.3232
v  31550.3164 10789.9238 -8922.3613
v  34028.9766 10490.2031 -8922.4092
v  36507.6328 10190.4834 -8922.4648
v  38986.2969 10190.4834 -8922.5313
v  41464.9531 10190.4834 -8922.6055
v  43943.6094 10190.4834 -8922.6904
v  46422.2734 10490.2031 -8922.7832
v  48900.9297 10490.2031 -8922.8867
v  51379.5898 10490.2031 -8922.9980
v  53858.2500 10490.2031 -8923.1191
v  56336.9102 10789.9238 -8923.2490
v  58815.5664 10789.9238 -8923.3877
v  61294.2266 10789.9238 -8923.5371
v  63772.8867 10789.9238 -8923.6934
v  66251.5469 10789.9238 -8923.8613
v  68730.2031 10490.2031 -8924.0371
v  71208.8672 10490.2031 -8924.2217
v  73687.5234 10490.2031 -8924.4160
v  76166.1875 10490.2031 -8924.6191
v  78644.8438 10490.2031 -8924.8320
v  81123.5000 10789.9238 -8925.0547
v  83602.1641 10789.9238 -8925.2852
v  86080.8203 11089.6436 -8925.5254
v  88559.4844 11389.3633 -8925.7744
v  91038.1406 11689.0840 -8926.0332
v  93516.7969 11689.0840 -8926.3008
v  95995.4609 11689.0840 -8926.5781
v  98474.1172 11389.3633 -8926.8633
v  100952.7813 11389.3633 -8927.1582
v  103431.4375 11389.3633 -8927.4629
v  105910.0938 11389.3633 -8927.7773
v  108388.7578 11389.3633 -8928.0996
v  110867.4141 11389.3633 -8928.4316
v  113346.0781 11389.3633 -8928.7734
v  115824.7344 11089.6436 -8929.1230
v  118303.3984 10789.9238 -8929.4824
v  120782.0547 10490.2031 -8929.8516
v  123260.7109 10490.2031 -8930.2285
v  125739.3750 10490.2031 -8930.6162
v  128218.0313 10490.2031 -8931.0127
v  130696.6953 10789.9238 -8931.4180
v  133175.3438 10789.9238 -8931.8320
v  135654.0000 10789.9238 -8932.2559
v  138132.6563 10789.9238 -8932.6895
v  140611.3125 10789.9238 -8933.1309
v  143089.9844 10789.9238 -8933.5820
v  145568.6406 10789.9238 -8934.0430
v  148047.2969 10789.9238 -8934.5127
v  150525.9531 10789.9238 -8934.9922
v  153004.6250 10789.9238 -8935.4795
v  155483.2813 10490.2031 -8935.9766
v  157961.9375 10190.4834 -8936.4824
v  160440.5938 10190.4834 -8936.9980
v  -117170.0156 15285.7246 -5096.1768
v  -119648.7031 15285.7246 -5096.6890
v  -114691.3438 15285.7246 -5095.6733
v  -112212.6719 15285.7246 -5095.1792
v  -109734.0078 15585.4453 -5094.6943
v  -107255.3359 15585.4453 -5094.2188
v  -104776.6641 15585.4453 -5093.7520
v  -102297.9844 14986.0049 -5093.2944
v  -99819.3125 14686.2842 -5092.8462
v  -97340.6406 14686.2842 -5092.4072
v  -94861.9609 14386.5645 -5091.9775
v  -92383.2891 14086.8447 -5091.5566
v  -89904.6250 13487.4043 -5091.1455
v  -87425.9531 13487.4043 -5090.7432
v  -84947.2734 13487.4043 -5090.3496
v  -82468.6016 13487.4043 -5089.9658
v  -79989.9297 12887.9639 -5089.5913
v  -77511.2500 12887.9639 -5089.2256
v  -75032.5781 12887.9639 -5088.8691
v  -72553.9063 12588.2441 -5088.5215
v  -70075.2344 12288.5234 -5088.1836
v  -67596.5547 11689.0840 -5087.8550
v  -65117.8828 11389.3633 -5087.5352
v  -62639.2109 11389.3633 -5087.2246
v  -60160.5313 11389.3633 -5086.9233
v  -57681.8594 11389.3633 -5086.6309
v  -55203.1953 11389.3633 -5086.3486
v  -52724.5234 11689.0840 -5086.0742
v  -50245.8438 11389.3633 -5085.8096
v  -47767.1719 11389.3633 -5085.5542
v  -45288.5000 10789.9238 -5085.3076
v  -42809.8242 10490.2031 -5085.0708
v  -40331.1484 10490.2031 -5084.8428
v  -37852.4766 10789.9238 -5084.6240
v  -35373.8008 10490.2031 -5084.4150
v  -32895.1289 10190.4834 -5084.2144
v  -30416.4570 9890.7627 -5084.0234
v  -27937.7852 9890.7627 -5083.8408
v  -25459.1094 9591.0430 -5083.6680
v  -22980.4336 9591.0430 -5083.5044
v  -20501.7617 9591.0430 -5083.3501
v  -18023.0859 9291.3232 -5083.2051
v  -15544.4141 8392.1621 -5083.0684
v  -13065.7422 7792.7227 -5082.9414
v  -10587.0664 7193.2822 -5082.8242
v  -8108.3945 6593.8418 -5082.7148
v  -5629.7207 5994.4019 -5082.6157
v  -3151.0469 5694.6816 -5082.5254
v  -672.3750 5095.2417 -5082.4443
v  1806.2988 4495.8013 -5082.3726
v  4284.9736 4196.0811 -5082.3096
v  6763.6465 4196.0811 -5082.2563
v  9242.3213 4196.0811 -5082.2119
v  11720.9941 4495.8013 -5082.1768
v  14199.6680 4795.5215 -5082.1504
v  16678.3418 5394.9619 -5082.1338
v  19157.0156 6294.1221 -5082.1260
v  21635.6875 7493.0024 -5082.1279
v  24114.3613 8691.8828 -5082.1387
v  26593.0352 9890.7627 -5082.1582
v  29071.7090 10789.9238 -5082.1875
v  31550.3828 10789.9238 -5082.2256
v  34029.0547 10490.2031 -5082.2734
v  36507.7266 10490.2031 -5082.3301
v  38986.4023 10490.2031 -5082.3955
v  41465.0781 10490.2031 -5082.4707
v  43943.7500 10490.2031 -5082.5547
v  46422.4219 10490.2031 -5082.6484
v  48901.0977 10490.2031 -5082.7510
v  51379.7695 10789.9238 -5082.8623
v  53858.4453 10789.9238 -5082.9834
v  56337.1172 10789.9238 -5083.1133
v  58815.7891 10789.9238 -5083.2524
v  61294.4648 11089.6436 -5083.4009
v  63773.1367 11089.6436 -5083.5586
v  66251.8125 11089.6436 -5083.7251
v  68730.4844 10789.9238 -5083.9009
v  71209.1563 10490.2031 -5084.0859
v  73687.8281 10490.2031 -5084.2803
v  76166.5000 10190.4834 -5084.4839
v  78645.1797 10190.4834 -5084.6963
v  81123.8516 10490.2031 -5084.9180
v  83602.5313 10789.9238 -5085.1494
v  86081.1953 11089.6436 -5085.3896
v  88559.8750 11389.3633 -5085.6387
v  91038.5469 11689.0840 -5085.8975
v  93517.2188 11389.3633 -5086.1650
v  95995.8906 11089.6436 -5086.4424
v  98474.5703 10789.9238 -5086.7285
v  100953.2422 10789.9238 -5087.0234
v  103431.9141 10789.9238 -5087.3276
v  105910.5938 11089.6436 -5087.6416
v  108389.2656 11089.6436 -5087.9639
v  110867.9375 11089.6436 -5088.2959
v  113346.6094 11089.6436 -5088.6377
v  115825.2813 11089.6436 -5088.9878
v  118303.9531 10789.9238 -5089.3467
v  120782.6250 10789.9238 -5089.7158
v  123261.2969 10490.2031 -5090.0938
v  125739.9766 10789.9238 -5090.4805
v  128218.6484 10789.9238 -5090.8770
v  130697.3203 10789.9238 -5091.2822
v  133176.0000 10789.9238 -5091.6968
v  135654.6719 10789.9238 -5092.1206
v  138133.3438 10789.9238 -5092.5537
v  140612.0156 10789.9238 -5092.9956
v  143090.6875 10789.9238 -5093.4473
v  145569.3750 10789.9238 -5093.9072
v  148048.0469 10789.9238 -5094.3770
v  150526.7188 10789.9238 -5094.8560
v  153005.3906 10789.9238 -5095.3438
v  155484.0625 10490.2031 -5095.8408
v  157962.7344 10490.2031 -5096.3472
v  160441.4063 10190.4834 -5096.8628
v  -117170.8125 15285.7246 -1256.0409
v  -119649.5000 15285.7246 -1256.5533
v  -114692.1250 15285.7246 -1255.5376
v  -112213.4375 15285.7246 -1255.0435
v  -109734.7500 15585.4453 -1254.5586
v  -107256.0625 15885.1650 -1254.0829
v  -104777.3750 15585.4453 -1253.6163
v  -102298.6875 15285.7246 -1253.1589
v  -99820.0078 15285.7246 -1252.7107
v  -97341.3203 14986.0049 -1252.2717
v  -94862.6250 14986.0049 -1251.8418
v  -92383.9375 14686.2842 -1251.4211
v  -89905.2500 14386.5645 -1251.0096
v  -87426.5625 14386.5645 -1250.6074
v  -84947.8750 14386.5645 -1250.2142
v  -82469.1875 14086.8447 -1249.8303
v  -79990.5000 14086.8447 -1249.4556
v  -77511.8125 13787.1240 -1249.0898
v  -75033.1250 13787.1240 -1248.7334
v  -72554.4375 13787.1240 -1248.3862
v  -70075.7500 12887.9639 -1248.0481
v  -67597.0625 11988.8037 -1247.7192
v  -65118.3672 11089.6436 -1247.3995
v  -62639.6797 10789.9238 -1247.0891
v  -60161.0000 11089.6436 -1246.7877
v  -57682.3125 11689.0840 -1246.4955
v  -55203.6250 11988.8037 -1246.2125
v  -52724.9375 11988.8037 -1245.9387
v  -50246.2500 11988.8037 -1245.6741
v  -47767.5547 11389.3633 -1245.4187
v  -45288.8711 10789.9238 -1245.1724
v  -42810.1836 10190.4834 -1244.9353
v  -40331.4961 10190.4834 -1244.7073
v  -37852.8086 10490.2031 -1244.4885
v  -35374.1211 10789.9238 -1244.2791
v  -32895.4336 10490.2031 -1244.0786
v  -30416.7422 10190.4834 -1243.8875
v  -27938.0586 10190.4834 -1243.7053
v  -25459.3711 10190.4834 -1243.5325
v  -22980.6797 10190.4834 -1243.3689
v  -20501.9922 10190.4834 -1243.2144
v  -18023.3086 9591.0430 -1243.0691
v  -15544.6211 8991.6025 -1242.9329
v  -13065.9297 8392.1621 -1242.8059
v  -10587.2441 7792.7227 -1242.6882
v  -8108.5547 7193.2822 -1242.5796
v  -5629.8691 6593.8418 -1242.4802
v  -3151.1797 5994.4019 -1242.3899
v  -672.4922 5394.9619 -1242.3088
v  1806.1953 4795.5215 -1242.2369
v  4284.8838 4495.8013 -1242.1742
v  6763.5703 4795.5215 -1242.1207
v  9242.2588 4795.5215 -1242.0764
v  11720.9463 4795.5215 -1242.0411
v  14199.6348 5394.9619 -1242.0151
v  16678.3223 5394.9619 -1241.9983
v  19157.0098 5994.4019 -1241.9907
v  21635.6973 6593.8418 -1241.9922
v  24114.3867 7792.7227 -1242.0029
v  26593.0742 9291.3232 -1242.0229
v  29071.7617 10190.4834 -1242.0520
v  31550.4492 10789.9238 -1242.0902
v  34029.1367 10490.2031 -1242.1377
v  36507.8242 10190.4834 -1242.1942
v  38986.5117 10190.4834 -1242.2600
v  41465.2031 10490.2031 -1242.3350
v  43943.8867 10190.4834 -1242.4192
v  46422.5781 10490.2031 -1242.5125
v  48901.2656 10490.2031 -1242.6150
v  51379.9531 10789.9238 -1242.7267
v  53858.6367 10789.9238 -1242.8475
v  56337.3281 10789.9238 -1242.9775
v  58816.0156 11089.6436 -1243.1167
v  61294.6992 11089.6436 -1243.2651
v  63773.3906 11089.6436 -1243.4227
v  66252.0781 10789.9238 -1243.5895
v  68730.7656 10490.2031 -1243.7654
v  71209.4531 10190.4834 -1243.9504
v  73688.1406 10190.4834 -1244.1448
v  76166.8281 10190.4834 -1244.3483
v  78645.5156 10190.4834 -1244.5609
v  81124.2031 10490.2031 -1244.7827
v  83602.8906 10789.9238 -1245.0137
v  86081.5781 11089.6436 -1245.2539
v  88560.2656 11389.3633 -1245.5033
v  91038.9609 11089.6436 -1245.7617
v  93517.6406 10789.9238 -1246.0295
v  95996.3281 10490.2031 -1246.3064
v  98475.0156 10190.4834 -1246.5925
v  100953.7031 10490.2031 -1246.8877
v  103432.3906 10789.9238 -1247.1921
v  105911.0859 10789.9238 -1247.5057
v  108389.7734 10789.9238 -1247.8285
v  110868.4609 10789.9238 -1248.1604
v  113347.1406 10789.9238 -1248.5016
v  115825.8281 10789.9238 -1248.8519
v  118304.5156 10490.2031 -1249.2114
v  120783.2109 10490.2031 -1249.5801
v  123261.8984 10490.2031 -1249.9580
v  125740.5859 10490.2031 -1250.3450
v  128219.2734 10490.2031 -1250.7412
v  130697.9609 10490.2031 -1251.1466
v  133176.6406 10490.2031 -1251.5612
v  135655.3281 10490.2031 -1251.9849
v  138134.0313 10789.9238 -1252.4178
v  140612.7188 10789.9238 -1252.8600
v  143091.4063 10789.9238 -1253.3113
v  145570.0938 10789.9238 -1253.7717
v  148048.7813 10789.9238 -1254.2413
v  150527.4688 10789.9238 -1254.7202
v  153006.1406 10490.2031 -1255.2081
v  155484.8281 10490.2031 -1255.7053
v  157963.5156 10490.2031 -1256.2117
v  160442.2188 10190.4834 -1256.7272
v  -117171.5938 15585.4453 2584.0947
v  -119650.2969 15585.4453 2583.5820
v  -114692.8906 15585.4453 2584.5977
v  -112214.1875 15585.4453 2585.0918
v  -109735.4922 15885.1650 2585.5771
v  -107256.7891 15885.1650 2586.0527
v  -104778.0938 15585.4453 2586.5195
v  -102299.3906 15285.7246 2586.9771
v  -99820.6875 14986.0049 2587.4253
v  -97341.9844 14986.0049 2587.8638
v  -94863.2813 14686.2842 2588.2939
v  -92384.5781 14686.2842 2588.7148
v  -89905.8828 14386.5645 2589.1260
v  -87427.1797 14386.5645 2589.5283
v  -84948.4766 14386.5645 2589.9214
v  -82469.7734 14086.8447 2590.3052
v  -79991.0703 13787.1240 2590.6802
v  -77512.3750 13787.1240 2591.0459
v  -75033.6719 13787.1240 2591.4023
v  -72554.9688 13787.1240 2591.7495
v  -70076.2656 13487.4043 2592.0874
v  -67597.5625 12887.9639 2592.4165
v  -65118.8594 11988.8037 2592.7363
v  -62640.1641 11689.0840 2593.0464
v  -60161.4609 11988.8037 2593.3477
v  -57682.7578 12288.5234 2593.6401
v  -55204.0547 12288.5234 2593.9233
v  -52725.3516 12288.5234 2594.1973
v  -50246.6563 11689.0840 2594.4614
v  -47767.9531 11089.6436 2594.7168
v  -45289.2500 10490.2031 2594.9634
v  -42810.5430 10190.4834 2595.2007
v  -40331.8438 10190.4834 2595.4282
v  -37853.1406 10490.2031 2595.6475
v  -35374.4375 10789.9238 2595.8564
v  -32895.7383 10789.9238 2596.0571
v  -30417.0352 10490.2031 2596.2485
v  -27938.3320 10490.2031 2596.4302
v  -25459.6328 10490.2031 2596.6035
v  -22980.9297 10789.9238 2596.7666
v  -20502.2266 10789.9238 2596.9214
v  -18023.5234 9890.7627 2597.0664
v  -15544.8203 8991.6025 2597.2026
v  -13066.1211 8392.1621 2597.3296
v  -10587.4180 8092.4424 2597.4473
v  -8108.7168 7193.2822 2597.5562
v  -5630.0137 6593.8418 2597.6553
v  -3151.3125 5694.6816 2597.7461
v  -672.6113 5095.2417 2597.8271
v  1806.0898 4495.8013 2597.8989
v  4284.7930 4495.8013 2597.9614
v  6763.4951 4196.0811 2598.0151
v  9242.1973 4495.8013 2598.0596
v  11720.8994 4795.5215 2598.0947
v  14199.6016 4795.5215 2598.1206
v  16678.3027 5095.2417 2598.1372
v  19157.0059 5394.9619 2598.1450
v  21635.7070 5994.4019 2598.1436
v  24114.4102 6893.5620 2598.1323
v  26593.1113 8092.4424 2598.1128
v  29071.8125 9591.0430 2598.0835
v  31550.5156 10190.4834 2598.0454
v  34029.2188 10190.4834 2597.9980
v  36507.9180 9890.7627 2597.9414
v  38986.6211 10190.4834 2597.8760
v  41465.3242 10190.4834 2597.8008
v  43944.0234 10190.4834 2597.7168
v  46422.7266 10490.2031 2597.6230
v  48901.4297 10490.2031 2597.5210
v  51380.1328 10789.9238 2597.4092
v  53858.8320 10490.2031 2597.2881
v  56337.5352 10789.9238 2597.1582
v  58816.2383 11089.6436 2597.0186
v  61294.9375 11089.6436 2596.8706
v  63773.6406 10789.9238 2596.7129
v  66252.3438 10190.4834 2596.5464
v  68731.0469 9890.7627 2596.3701
v  71209.7500 9890.7627 2596.1851
v  73688.4531 9890.7627 2595.9907
v  76167.1484 10190.4834 2595.7876
v  78645.8516 10190.4834 2595.5747
v  81124.5469 10490.2031 2595.3530
v  83603.2500 10789.9238 2595.1221
v  86081.9531 11089.6436 2594.8818
v  88560.6563 11089.6436 2594.6323
v  91039.3594 11089.6436 2594.3740
v  93518.0625 10789.9238 2594.1064
v  95996.7656 10490.2031 2593.8291
v  98475.4609 10190.4834 2593.5435
v  100954.1719 10490.2031 2593.2476
v  103432.8750 10789.9238 2592.9438
v  105911.5781 11089.6436 2592.6299
v  108390.2813 10789.9238 2592.3071
v  110868.9844 10789.9238 2591.9751
v  113347.6797 10490.2031 2591.6343
v  115826.3828 10490.2031 2591.2837
v  118305.0859 10490.2031 2590.9243
v  120783.7891 10490.2031 2590.5557
v  123262.4922 10490.2031 2590.1777
v  125741.1875 10490.2031 2589.7905
v  128219.8906 10490.2031 2589.3945
v  130698.5938 10490.2031 2588.9888
v  133177.2969 10789.9238 2588.5742
v  135656.0000 10789.9238 2588.1509
v  138134.7031 10789.9238 2587.7178
v  140613.4063 10789.9238 2587.2759
v  143092.0938 10789.9238 2586.8242
v  145570.8125 10490.2031 2586.3638
v  148049.5156 10490.2031 2585.8945
v  150528.2188 10490.2031 2585.4155
v  153006.9219 10490.2031 2584.9277
v  155485.6250 10490.2031 2584.4302
v  157964.3281 10190.4834 2583.9243
v  160443.0156 10190.4834 2583.4082
v  -117172.3906 15885.1650 6424.2305
v  -119651.1094 15885.1650 6423.7178
v  -114693.6719 15885.1650 6424.7334
v  -112214.9531 15885.1650 6425.2275
v  -109736.2344 15885.1650 6425.7129
v  -107257.5156 15585.4453 6426.1885
v  -104778.8125 15585.4453 6426.6548
v  -102300.0938 15285.7246 6427.1123
v  -99821.3750 14986.0049 6427.5605
v  -97342.6563 14686.2842 6427.9995
v  -94863.9453 14386.5645 6428.4297
v  -92385.2266 14386.5645 6428.8501
v  -89906.5078 14086.8447 6429.2622
v  -87427.7891 14086.8447 6429.6636
v  -84949.0859 13787.1240 6430.0571
v  -82470.3672 13487.4043 6430.4404
v  -79991.6484 13487.4043 6430.8159
v  -77512.9297 13487.4043 6431.1816
v  -75034.2188 13487.4043 6431.5376
v  -72555.5000 13787.1240 6431.8857
v  -70076.7813 13487.4043 6432.2227
v  -67598.0625 13487.4043 6432.5518
v  -65119.3516 13187.6836 6432.8721
v  -62640.6328 13487.4043 6433.1826
v  -60161.9141 13187.6836 6433.4839
v  -57683.2031 13187.6836 6433.7759
v  -55204.4844 12588.2441 6434.0591
v  -52725.7734 12288.5234 6434.3330
v  -50247.0547 11988.8037 6434.5972
v  -47768.3359 11389.3633 6434.8530
v  -45289.6211 10789.9238 6435.0996
v  -42810.9023 10490.2031 6435.3364
v  -40332.1875 10190.4834 6435.5635
v  -37853.4688 10190.4834 6435.7827
v  -35374.7578 10490.2031 6435.9917
v  -32896.0391 10490.2031 6436.1929
v  -30417.3242 10490.2031 6436.3843
v  -27938.6055 10490.2031 6436.5659
v  -25459.8906 10490.2031 6436.7383
v  -22981.1758 10490.2031 6436.9023
v  -20502.4609 10190.4834 6437.0566
v  -18023.7422 9591.0430 6437.2017
v  -15545.0273 8691.8828 6437.3384
v  -13066.3086 8092.4424 6437.4653
v  -10587.5938 7792.7227 6437.5825
v  -8108.8770 7193.2822 6437.6919
v  -5630.1621 6593.8418 6437.7910
v  -3151.4453 5694.6816 6437.8813
v  -672.7285 5095.2417 6437.9624
v  1805.9863 4795.5215 6438.0347
v  4284.7031 4196.0811 6438.0972
v  6763.4189 3896.3613 6438.1504
v  9242.1357 3896.3613 6438.1948
v  11720.8516 3896.3613 6438.2300
v  14199.5684 3896.3613 6438.2563
v  16678.2852 4495.8013 6438.2734
v  19157.0000 5394.9619 6438.2808
v  21635.7168 6294.1221 6438.2793
v  24114.4336 7193.2822 6438.2686
v  26593.1484 8392.1621 6438.2490
v  29071.8652 9291.3232 6438.2192
v  31550.5820 9890.7627 6438.1816
v  34029.2969 9890.7627 6438.1343
v  36508.0156 9890.7627 6438.0771
v  38986.7305 9890.7627 6438.0107
v  41465.4453 10190.4834 6437.9360
v  43944.1641 10490.2031 6437.8516
v  46422.8789 10789.9238 6437.7588
v  48901.5938 10490.2031 6437.6567
v  51380.3125 10490.2031 6437.5449
v  53859.0273 10490.2031 6437.4233
v  56337.7422 10490.2031 6437.2939
v  58816.4609 10490.2031 6437.1543
v  61295.1758 10789.9238 6437.0068
v  63773.8906 10190.4834 6436.8486
v  66252.6094 9890.7627 6436.6816
v  68731.3281 9591.0430 6436.5063
v  71210.0469 9591.0430 6436.3208
v  73688.7578 9890.7627 6436.1265
v  76167.4688 10190.4834 6435.9229
v  78646.1875 10490.2031 6435.7104
v  81124.9063 10789.9238 6435.4888
v  83603.6172 11089.6436 6435.2578
v  86082.3359 11089.6436 6435.0181
v  88561.0547 11089.6436 6434.7676
v  91039.7656 10789.9238 6434.5093
v  93518.4844 10789.9238 6434.2417
v  95997.2031 10490.2031 6433.9653
v  98475.9219 10490.2031 6433.6792
v  100954.6328 10490.2031 6433.3833
v  103433.3516 10490.2031 6433.0796
v  105912.0703 10789.9238 6432.7656
v  108390.7891 10789.9238 6432.4429
v  110869.4922 10789.9238 6432.1108
v  113348.2109 10490.2031 6431.7700
v  115826.9297 10490.2031 6431.4194
v  118305.6484 10490.2031 6431.0601
v  120784.3672 10490.2031 6430.6909
v  123263.0781 10789.9238 6430.3135
v  125741.7969 10789.9238 6429.9263
v  128220.5156 10789.9238 6429.5303
v  130699.2344 10789.9238 6429.1245
v  133177.9375 10789.9238 6428.7100
v  135656.6563 10789.9238 6428.2866
v  138135.3750 10789.9238 6427.8535
v  140614.0938 10789.9238 6427.4116
v  143092.8125 10490.2031 6426.9600
v  145571.5313 10490.2031 6426.4995
v  148050.2500 10190.4834 6426.0303
v  150528.9688 10190.4834 6425.5513
v  153007.6719 10190.4834 6425.0635
v  155486.3906 10190.4834 6424.5659
v  157965.1094 10190.4834 6424.0596
v  160443.8281 10190.4834 6423.5439
v  -117173.1719 15885.1650 10264.3652
v  -119651.9063 15885.1650 10263.8535
v  -114694.4375 15885.1650 10264.8701
v  -112215.7188 15885.1650 10265.3633
v  -109736.9766 15585.4453 10265.8486
v  -107258.2656 15285.7246 10266.3242
v  -104779.5234 15285.7246 10266.7900
v  -102300.7891 14986.0049 10267.2480
v  -99822.0625 14686.2842 10267.6963
v  -97343.3359 14386.5645 10268.1357
v  -94864.6016 14086.8447 10268.5645
v  -92385.8672 13787.1240 10268.9854
v  -89907.1484 13787.1240 10269.3975
v  -87428.4141 13787.1240 10269.7998
v  -84949.6797 13487.4043 10270.1924
v  -82470.9531 13487.4043 10270.5762
v  -79992.2188 13187.6836 10270.9512
v  -77513.4922 13187.6836 10271.3174
v  -75034.7578 13487.4043 10271.6738
v  -72556.0313 13487.4043 10272.0205
v  -70077.2969 13487.4043 10272.3584
v  -67598.5625 13487.4043 10272.6875
v  -65119.8438 13787.1240 10273.0078
v  -62641.1094 13787.1240 10273.3184
v  -60162.3750 14086.8447 10273.6191
v  -57683.6484 13487.4043 10273.9111
v  -55204.9219 12887.9639 10274.1943
v  -52726.1875 12887.9639 10274.4688
v  -50247.4531 12588.2441 10274.7334
v  -47768.7266 12288.5234 10274.9883
v  -45289.9922 11689.0840 10275.2354
v  -42811.2656 10789.9238 10275.4717
v  -40332.5352 10190.4834 10275.6992
v  -37853.8047 10190.4834 10275.9180
v  -35375.0703 10190.4834 10276.1279
v  -32896.3438 10190.4834 10276.3281
v  -30417.6094 10490.2031 10276.5195
v  -27938.8828 10490.2031 10276.7021
v  -25460.1523 10190.4834 10276.8740
v  -22981.4219 10190.4834 10277.0381
v  -20502.6914 9890.7627 10277.1924
v  -18023.9570 9291.3232 10277.3379
v  -15545.2305 8691.8828 10277.4736
v  -13066.5000 8392.1621 10277.6006
v  -10587.7676 7792.7227 10277.7188
v  -8109.0391 7193.2822 10277.8271
v  -5630.3086 6294.1221 10277.9268
v  -3151.5781 5694.6816 10278.0166
v  -672.8477 5394.9619 10278.0986
v  1805.8828 5095.2417 10278.1699
v  4284.6133 4795.5215 10278.2324
v  6763.3438 4196.0811 10278.2861
v  9242.0742 3896.3613 10278.3301
v  11720.8047 3596.6411 10278.3652
v  14199.5352 3596.6411 10278.3916
v  16678.2656 4196.0811 10278.4092
v  19156.9961 5694.6816 10278.4170
v  21635.7266 6893.5620 10278.4150
v  24114.4570 8092.4424 10278.4043
v  26593.1875 8991.6025 10278.3848
v  29071.9180 9591.0430 10278.3555
v  31550.6484 9591.0430 10278.3174
v  34029.3789 9591.0430 10278.2695
v  36508.1094 9591.0430 10278.2129
v  38986.8398 9591.0430 10278.1465
v  41465.5703 9890.7627 10278.0723
v  43944.3008 10190.4834 10277.9873
v  46423.0313 10490.2031 10277.8945
v  48901.7578 10490.2031 10277.7920
v  51380.4922 10190.4834 10277.6807
v  53859.2188 10190.4834 10277.5596
v  56337.9531 10190.4834 10277.4297
v  58816.6797 10190.4834 10277.2900
v  61295.4141 10190.4834 10277.1416
v  63774.1445 9890.7627 10276.9844
v  66252.8750 9591.0430 10276.8174
v  68731.6094 9591.0430 10276.6416
v  71210.3281 9591.0430 10276.4561
v  73689.0625 9890.7627 10276.2617
v  76167.7969 10190.4834 10276.0586
v  78646.5313 10490.2031 10275.8467
v  81125.2578 10789.9238 10275.6240
v  83603.9844 11089.6436 10275.3936
v  86082.7109 11089.6436 10275.1523
v  88561.4453 10789.9238 10274.9033
v  91040.1797 10789.9238 10274.6445
v  93518.9063 10490.2031 10274.3779
v  95997.6406 10490.2031 10274.1006
v  98476.3672 10490.2031 10273.8145
v  100955.1016 10490.2031 10273.5195
v  103433.8281 10490.2031 10273.2148
v  105912.5625 10490.2031 10272.9014
v  108391.2891 10490.2031 10272.5781
v  110870.0156 10490.2031 10272.2471
v  113348.7500 10490.2031 10271.9053
v  115827.4844 10490.2031 10271.5547
v  118306.2188 10490.2031 10271.1963
v  120784.9375 10490.2031 10270.8262
v  123263.6719 10789.9238 10270.4492
v  125742.4063 10789.9238 10270.0615
v  128221.1328 10789.9238 10269.6660
v  130699.8672 10789.9238 10269.2607
v  133178.5938 10789.9238 10268.8467
v  135657.3125 10789.9238 10268.4219
v  138136.0625 10490.2031 10267.9893
v  140614.7813 10490.2031 10267.5469
v  143093.5156 10190.4834 10267.0957
v  145572.2500 10190.4834 10266.6348
v  148050.9844 9890.7627 10266.1660
v  150529.7031 9890.7627 10265.6865
v  153008.4375 10190.4834 10265.1982
v  155487.1719 10190.4834 10264.7021
v  157965.8906 10490.2031 10264.1953
v  160444.6250 10190.4834 10263.6797
v  -117173.9688 15885.1650 14104.5010
v  -119652.7031 15585.4453 14103.9893
v  -114695.2188 15885.1650 14105.0059
v  -112216.4688 15885.1650 14105.4990
v  -109737.7344 15885.1650 14105.9844
v  -107258.9922 15585.4453 14106.4600
v  -104780.2422 15585.4453 14106.9258
v  -102301.4922 15285.7246 14107.3838
v  -99822.7500 14686.2842 14107.8320
v  -97344.0078 14086.8447 14108.2715
v  -94865.2578 13487.4043 14108.7002
v  -92386.5156 13487.4043 14109.1211
v  -89907.7734 13487.4043 14109.5332
v  -87429.0313 13787.1240 14109.9355
v  -84950.2813 13787.1240 14110.3281
v  -82471.5391 13487.4043 14110.7119
v  -79992.7969 13187.6836 14111.0869
v  -77514.0469 13187.6836 14111.4531
v  -75035.3047 12887.9639 14111.8096
v  -72556.5625 13187.6836 14112.1563
v  -70077.8125 13187.6836 14112.4941
v  -67599.0703 13487.4043 14112.8232
v  -65120.3281 13787.1240 14113.1436
v  -62641.5781 14086.8447 14113.4541
v  -60162.8359 13787.1240 14113.7549
v  -57684.0938 13487.4043 14114.0469
v  -55205.3438 13187.6836 14114.3301
v  -52726.6016 13187.6836 14114.6045
v  -50247.8594 13187.6836 14114.8682
v  -47769.1094 12887.9639 14115.1240
v  -45290.3711 11988.8037 14115.3711
v  -42811.6250 11389.3633 14115.6074
v  -40332.8789 10789.9238 14115.8350
v  -37854.1367 10490.2031 14116.0537
v  -35375.3906 10789.9238 14116.2637
v  -32896.6484 10490.2031 14116.4639
v  -30417.9023 10490.2031 14116.6553
v  -27939.1563 10190.4834 14116.8379
v  -25460.4141 10190.4834 14117.0098
v  -22981.6680 9890.7627 14117.1738
v  -20502.9219 9890.7627 14117.3281
v  -18024.1797 9591.0430 14117.4736
v  -15545.4336 8991.6025 14117.6094
v  -13066.6875 8392.1621 14117.7363
v  -10587.9453 8092.4424 14117.8545
v  -8109.1992 7493.0024 14117.9629
v  -5630.4551 6294.1221 14118.0625
v  -3151.7109 5694.6816 14118.1523
v  -672.9648 5394.9619 14118.2344
v  1805.7773 5095.2417 14118.3057
v  4284.5234 5095.2417 14118.3682
v  6763.2676 4495.8013 14118.4219
v  9242.0127 3896.3613 14118.4658
v  11720.7568 4196.0811 14118.5010
v  14199.5020 4495.8013 14118.5273
v  16678.2461 4795.5215 14118.5439
v  19156.9902 5694.6816 14118.5527
v  21635.7363 7193.2822 14118.5508
v  24114.4805 8392.1621 14118.5400
v  26593.2246 8991.6025 14118.5205
v  29071.9688 9291.3232 14118.4912
v  31550.7148 9291.3232 14118.4531
v  34029.4609 9291.3232 14118.4043
v  36508.2031 9291.3232 14118.3486
v  38986.9453 9591.0430 14118.2822
v  41465.6953 9890.7627 14118.2070
v  43944.4375 10190.4834 14118.1230
v  46423.1797 10190.4834 14118.0303
v  48901.9297 10190.4834 14117.9277
v  51380.6719 9890.7627 14117.8164
v  53859.4180 9890.7627 14117.6953
v  56338.1602 9890.7627 14117.5654
v  58816.9063 10190.4834 14117.4258
v  61295.6523 10190.4834 14117.2773
v  63774.3945 9890.7627 14117.1201
v  66253.1406 9591.0430 14116.9531
v  68731.8828 9591.0430 14116.7764
v  71210.6250 9591.0430 14116.5918
v  73689.3750 9890.7627 14116.3975
v  76168.1172 10190.4834 14116.1943
v  78646.8594 10190.4834 14115.9814
v  81125.6094 10490.2031 14115.7598
v  83604.3516 10789.9238 14115.5293
v  86083.0938 10789.9238 14115.2881
v  88561.8438 10490.2031 14115.0391
v  91040.5859 10490.2031 14114.7803
v  93519.3281 10490.2031 14114.5137
v  95998.0703 10490.2031 14114.2363
v  98476.8203 10490.2031 14113.9502
v  100955.5625 10490.2031 14113.6553
v  103434.3047 10490.2031 14113.3506
v  105913.0547 10490.2031 14113.0371
v  108391.7969 10490.2031 14112.7139
v  110870.5391 10789.9238 14112.3828
v  113349.2891 10789.9238 14112.0410
v  115828.0313 10789.9238 14111.6904
v  118306.7734 10789.9238 14111.3311
v  120785.5234 10789.9238 14110.9619
v  123264.2656 10789.9238 14110.5850
v  125743.0078 10789.9238 14110.1973
v  128221.7578 10789.9238 14109.8018
v  130700.5000 10490.2031 14109.3955
v  133179.2500 10490.2031 14108.9814
v  135658.0000 10490.2031 14108.5576
v  138136.7344 10490.2031 14108.1240
v  140615.4688 10190.4834 14107.6826
v  143094.2188 9890.7627 14107.2314
v  145572.9688 9890.7627 14106.7705
v  148051.7188 9890.7627 14106.3018
v  150530.4688 9890.7627 14105.8223
v  153009.2031 9890.7627 14105.3340
v  155487.9375 10190.4834 14104.8379
v  157966.6875 10490.2031 14104.3311
v  160445.4375 10490.2031 14103.8154
v  -117174.7500 15885.1650 17944.6367
v  -119653.5156 15585.4453 17944.1250
v  -114695.9844 16184.8848 17945.1406
v  -112217.2344 16184.8848 17945.6348
v  -109738.4766 16184.8848 17946.1191
v  -107259.7188 16184.8848 17946.5938
v  -104780.9531 15885.1650 17947.0625
v  -102302.2031 15285.7246 17947.5195
v  -99823.4375 14686.2842 17947.9688
v  -97344.6719 14086.8447 17948.4063
v  -94865.9219 13487.4043 17948.8359
v  -92387.1563 12887.9639 17949.2578
v  -89908.4063 12887.9639 17949.6680
v  -87429.6406 13187.6836 17950.0723
v  -84950.8906 13487.4043 17950.4648
v  -82472.1250 13487.4043 17950.8496
v  -79993.3672 13487.4043 17951.2227
v  -77514.6094 13187.6836 17951.5879
v  -75035.8516 12887.9639 17951.9434
v  -72557.0938 12887.9639 17952.2930
v  -70078.3359 13187.6836 17952.6309
v  -67599.5703 13187.6836 17952.9590
v  -65120.8125 13487.4043 17953.2773
v  -62642.0547 13487.4043 17953.5879
v  -60163.2969 13487.4043 17953.8906
v  -57684.5391 13487.4043 17954.1816
v  -55205.7734 13187.6836 17954.4668
v  -52727.0234 13187.6836 17954.7383
v  -50248.2578 13187.6836 17955.0039
v  -47769.5078 13187.6836 17955.2598
v  -45290.7422 12588.2441 17955.5059
v  -42811.9844 11988.8037 17955.7441
v  -40333.2266 11689.0840 17955.9707
v  -37854.4648 11389.3633 17956.1914
v  -35375.7070 11089.6436 17956.3984
v  -32896.9492 10789.9238 17956.5996
v  -30418.1914 10490.2031 17956.7910
v  -27939.4336 10190.4834 17956.9727
v  -25460.6758 9890.7627 17957.1465
v  -22981.9141 9591.0430 17957.3086
v  -20503.1563 9890.7627 17957.4648
v  -18024.3945 9591.0430 17957.6094
v  -15545.6367 8991.6025 17957.7461
v  -13066.8789 8392.1621 17957.8730
v  -10588.1211 8092.4424 17957.9902
v  -8109.3613 7493.0024 17958.0996
v  -5630.6016 6593.8418 17958.1973
v  -3151.8438 5694.6816 17958.2891
v  -673.0840 5095.2417 17958.3691
v  1805.6738 4795.5215 17958.4414
v  4284.4336 4495.8013 17958.5039
v  6763.1914 4495.8013 17958.5566
v  9241.9512 4495.8013 17958.6035
v  11720.7100 4495.8013 17958.6367
v  14199.4688 4795.5215 17958.6641
v  16678.2266 5694.6816 17958.6797
v  19156.9863 6593.8418 17958.6875
v  21635.7461 7493.0024 17958.6855
v  24114.5039 8392.1621 17958.6758
v  26593.2637 8991.6025 17958.6563
v  29072.0215 9291.3232 17958.6250
v  31550.7813 9291.3232 17958.5879
v  34029.5391 9291.3232 17958.5410
v  36508.2969 9291.3232 17958.4844
v  38987.0586 9591.0430 17958.4199
v  41465.8164 9591.0430 17958.3438
v  43944.5742 9591.0430 17958.2598
v  46423.3359 9591.0430 17958.1660
v  48902.0938 9591.0430 17958.0625
v  51380.8516 9591.0430 17957.9512
v  53859.6094 9291.3232 17957.8320
v  56338.3711 9591.0430 17957.7012
v  58817.1289 9890.7627 17957.5625
v  61295.8867 9890.7627 17957.4121
v  63774.6445 9890.7627 17957.2559
v  66253.4063 9890.7627 17957.0879
v  68732.1641 9890.7627 17956.9121
v  71210.9219 9890.7627 17956.7285
v  73689.6797 9890.7627 17956.5332
v  76168.4375 9890.7627 17956.3301
v  78647.2031 10190.4834 17956.1172
v  81125.9531 10490.2031 17955.8945
v  83604.7188 10490.2031 17955.6641
v  86083.4688 10490.2031 17955.4258
v  88562.2344 10190.4834 17955.1758
v  91040.9922 10190.4834 17954.9180
v  93519.7500 10490.2031 17954.6484
v  95998.5156 10789.9238 17954.3711
v  98477.2656 10789.9238 17954.0859
v  100956.0313 10789.9238 17953.7910
v  103434.7891 10490.2031 17953.4863
v  105913.5469 10490.2031 17953.1719
v  108392.3047 10490.2031 17952.8496
v  110871.0625 10789.9238 17952.5176
v  113349.8203 10789.9238 17952.1777
v  115828.5859 10789.9238 17951.8262
v  118307.3359 10789.9238 17951.4668
v  120786.1016 10789.9238 17951.0996
v  123264.8594 10789.9238 17950.7207
v  125743.6172 10789.9238 17950.3340
v  128222.3750 10490.2031 17949.9375
v  130701.1328 10490.2031 17949.5313
v  133179.9063 10490.2031 17949.1172
v  135658.6563 10490.2031 17948.6934
v  138137.4063 10789.9238 17948.2598
v  140616.1563 10490.2031 17947.8184
v  143094.9375 10490.2031 17947.3672
v  145573.6875 10190.4834 17946.9063
v  148052.4375 9890.7627 17946.4375
v  150531.2031 10190.4834 17945.9570
v  153009.9688 10190.4834 17945.4707
v  155488.7188 10190.4834 17944.9727
v  157967.4844 10190.4834 17944.4668
v  160446.2344 10190.4834 17943.9512
v  -117175.5469 15885.1650 21784.7734
v  -119654.3125 15885.1650 21784.2598
v  -114696.7656 15885.1650 21785.2754
v  -112217.9844 16184.8848 21785.7695
v  -109739.2188 16184.8848 21786.2559
v  -107260.4453 16184.8848 21786.7305
v  -104781.6719 15885.1650 21787.1973
v  -102302.8984 15885.1650 21787.6563
v  -99824.1250 15285.7246 21788.1035
v  -97345.3516 14386.5645 21788.5430
v  -94866.5781 13487.4043 21788.9727
v  -92387.8047 12887.9639 21789.3945
v  -89909.0313 12288.5234 21789.8047
v  -87430.2656 12288.5234 21790.2070
v  -84951.4844 12588.2441 21790.6016
v  -82472.7188 12887.9639 21790.9844
v  -79993.9375 12887.9639 21791.3594
v  -77515.1719 12588.2441 21791.7246
v  -75036.3984 12887.9639 21792.0801
v  -72557.6172 12887.9639 21792.4277
v  -70078.8516 12887.9639 21792.7656
v  -67600.0703 12887.9639 21793.0938
v  -65121.3047 12887.9639 21793.4141
v  -62642.5234 13187.6836 21793.7246
v  -60163.7578 13487.4043 21794.0273
v  -57684.9844 13187.6836 21794.3184
v  -55206.2109 13187.6836 21794.6016
v  -52727.4375 13187.6836 21794.8750
v  -50248.6641 13187.6836 21795.1387
v  -47769.8906 13187.6836 21795.3945
v  -45291.1211 13187.6836 21795.6406
v  -42812.3438 12887.9639 21795.8789
v  -40333.5703 12588.2441 21796.1074
v  -37854.8008 11988.8037 21796.3262
v  -35376.0273 11389.3633 21796.5352
v  -32897.2539 10789.9238 21796.7344
v  -30418.4805 10490.2031 21796.9258
v  -27939.7070 9890.7627 21797.1074
v  -25460.9375 9291.3232 21797.2832
v  -22982.1602 8991.6025 21797.4453
v  -20503.3867 9291.3232 21797.5996
v  -18024.6133 9291.3232 21797.7441
v  -15545.8398 8991.6025 21797.8809
v  -13067.0664 8392.1621 21798.0078
v  -10588.2949 7792.7227 21798.1250
v  -8109.5215 7193.2822 21798.2344
v  -5630.7500 6294.1221 21798.3340
v  -3151.9766 5694.6816 21798.4258
v  -673.2031 4795.5215 21798.5039
v  1805.5703 4495.8013 21798.5762
v  4284.3428 4196.0811 21798.6387
v  6763.1162 4196.0811 21798.6934
v  9241.8896 4196.0811 21798.7383
v  11720.6621 4795.5215 21798.7734
v  14199.4355 5694.6816 21798.7988
v  16678.2090 6294.1221 21798.8145
v  19156.9824 7193.2822 21798.8223
v  21635.7539 8092.4424 21798.8203
v  24114.5273 8392.1621 21798.8105
v  26593.3008 8691.8828 21798.7910
v  29072.0742 8691.8828 21798.7617
v  31550.8477 8691.8828 21798.7246
v  34029.6211 8691.8828 21798.6777
v  36508.3945 8991.6025 21798.6191
v  38987.1641 8991.6025 21798.5547
v  41465.9375 8991.6025 21798.4805
v  43944.7109 8691.8828 21798.3945
v  46423.4844 8691.8828 21798.3008
v  48902.2578 8691.8828 21798.1992
v  51381.0313 8691.8828 21798.0879
v  53859.8047 8991.6025 21797.9668
v  56338.5781 9291.3232 21797.8359
v  58817.3516 9591.0430 21797.6973
v  61296.1250 9591.0430 21797.5488
v  63774.8945 9591.0430 21797.3926
v  66253.6719 9591.0430 21797.2246
v  68732.4375 9890.7627 21797.0488
v  71211.2188 9890.7627 21796.8633
v  73689.9844 9890.7627 21796.6680
v  76168.7656 9890.7627 21796.4648
v  78647.5313 10190.4834 21796.2539
v  81126.3125 10490.2031 21796.0313
v  83605.0781 10490.2031 21795.8008
v  86083.8516 10190.4834 21795.5605
v  88562.6250 10190.4834 21795.3105
v  91041.3984 10490.2031 21795.0527
v  93520.1797 10490.2031 21794.7852
v  95998.9453 10789.9238 21794.5078
v  98477.7266 11089.6436 21794.2227
v  100956.4922 11089.6436 21793.9258
v  103435.2656 10789.9238 21793.6211
v  105914.0391 10789.9238 21793.3086
v  108392.8125 10490.2031 21792.9844
v  110871.5859 10490.2031 21792.6523
v  113350.3594 10490.2031 21792.3125
v  115829.1250 10490.2031 21791.9609
v  118307.9063 10490.2031 21791.6035
v  120786.6719 10490.2031 21791.2344
v  123265.4531 10490.2031 21790.8574
v  125744.2266 10490.2031 21790.4688
v  128223.0000 10490.2031 21790.0723
v  130701.7734 10789.9238 21789.6660
v  133180.5313 10789.9238 21789.2539
v  135659.3125 10789.9238 21788.8281
v  138138.0938 10789.9238 21788.3965
v  140616.8750 10789.9238 21787.9531
v  143095.6250 10789.9238 21787.5020
v  145574.4063 10490.2031 21787.0410
v  148053.1875 10190.4834 21786.5723
v  150531.9688 10190.4834 21786.0938
v  153010.7188 10190.4834 21785.6055
v  155489.5000 9890.7627 21785.1094
v  157968.2813 9890.7627 21784.6035
v  160447.0469 9890.7627 21784.0859
v  -117176.3281 15885.1650 25624.9082
v  -119655.1094 15885.1650 25624.3965
v  -114697.5313 15885.1650 25625.4121
v  -112218.7500 15885.1650 25625.9043
v  -109739.9688 15885.1650 25626.3906
v  -107261.1719 15885.1650 25626.8652
v  -104782.3906 16184.8848 25627.3340
v  -102303.6016 15585.4453 25627.7910
v  -99824.8125 14986.0049 25628.2402
v  -97346.0234 14086.8447 25628.6777
v  -94867.2422 13187.6836 25629.1074
v  -92388.4531 12588.2441 25629.5273
v  -89909.6641 11988.8037 25629.9395
v  -87430.8750 11689.0840 25630.3438
v  -84952.0938 11689.0840 25630.7363
v  -82473.2969 11988.8037 25631.1191
v  -79994.5156 11988.8037 25631.4941
v  -77515.7266 12288.5234 25631.8594
v  -75036.9375 12288.5234 25632.2148
v  -72558.1484 12588.2441 25632.5645
v  -70079.3672 12887.9639 25632.9004
v  -67600.5781 12887.9639 25633.2305
v  -65121.7891 12887.9639 25633.5488
v  -62643.0000 12887.9639 25633.8594
v  -60164.2188 12887.9639 25634.1621
v  -57685.4297 12887.9639 25634.4531
v  -55206.6406 12588.2441 25634.7383
v  -52727.8594 12588.2441 25635.0098
v  -50249.0703 12588.2441 25635.2754
v  -47770.2813 12588.2441 25635.5313
v  -45291.4922 12288.5234 25635.7773
v  -42812.7031 12288.5234 25636.0156
v  -40333.9180 12288.5234 25636.2422
v  -37855.1289 11689.0840 25636.4629
v  -35376.3438 11089.6436 25636.6699
v  -32897.5547 10490.2031 25636.8711
v  -30418.7656 10190.4834 25637.0625
v  -27939.9805 9591.0430 25637.2441
v  -25461.1914 9291.3232 25637.4180
v  -22982.4063 9291.3232 25637.5801
v  -20503.6211 9291.3232 25637.7344
v  -18024.8359 8991.6025 25637.8809
v  -15546.0469 8691.8828 25638.0176
v  -13067.2578 7792.7227 25638.1445
v  -10588.4707 7493.0024 25638.2617
v  -8109.6816 6893.5620 25638.3711
v  -5630.8965 6593.8418 25638.4688
v  -3152.1094 5994.4019 25638.5605
v  -673.3223 5694.6816 25638.6406
v  1805.4648 5095.2417 25638.7129
v  4284.2529 4495.8013 25638.7754
v  6763.0400 4196.0811 25638.8281
v  9241.8271 4795.5215 25638.8750
v  11720.6152 5394.9619 25638.9082
v  14199.4023 5694.6816 25638.9355
v  16678.1895 6294.1221 25638.9512
v  19156.9766 6893.5620 25638.9590
v  21635.7637 7193.2822 25638.9570
v  24114.5508 7493.0024 25638.9453
v  26593.3398 7792.7227 25638.9277
v  29072.1250 7493.0024 25638.8965
v  31550.9141 7792.7227 25638.8594
v  34029.6992 8092.4424 25638.8125
v  36508.4883 8392.1621 25638.7539
v  38987.2734 8392.1621 25638.6895
v  41466.0625 8691.8828 25638.6152
v  43944.8516 8392.1621 25638.5313
v  46423.6367 7792.7227 25638.4355
v  48902.4219 8092.4424 25638.3340
v  51381.2109 8392.1621 25638.2227
v  53859.9961 8991.6025 25638.1035
v  56338.7852 9291.3232 25637.9727
v  58817.5742 9291.3232 25637.8320
v  61296.3594 9291.3232 25637.6836
v  63775.1484 9291.3232 25637.5273
v  66253.9375 9591.0430 25637.3594
v  68732.7188 9890.7627 25637.1836
v  71211.5078 9890.7627 25637.0000
v  73690.2969 9890.7627 25636.8047
v  76169.0859 10190.4834 25636.6016
v  78647.8750 10190.4834 25636.3887
v  81126.6563 10190.4834 25636.1660
v  83605.4453 10190.4834 25635.9355
v  86084.2266 10190.4834 25635.6973
v  88563.0234 10190.4834 25635.4453
v  91041.8047 10190.4834 25635.1895
v  93520.5938 10490.2031 25634.9199
v  95999.3828 10789.9238 25634.6426
v  98478.1719 11089.6436 25634.3574
v  100956.9531 11089.6436 25634.0605
v  103435.7500 10789.9238 25633.7578
v  105914.5313 10490.2031 25633.4434
v  108393.3203 10490.2031 25633.1211
v  110872.1016 10490.2031 25632.7891
v  113350.8984 10490.2031 25632.4492
v  115829.6797 10490.2031 25632.0977
v  118308.4688 10490.2031 25631.7383
v  120787.2578 10490.2031 25631.3711
v  123266.0469 10490.2031 25630.9922
v  125744.8281 10789.9238 25630.6055
v  128223.6172 10789.9238 25630.2090
v  130702.4063 10789.9238 25629.8027
v  133181.1875 10789.9238 25629.3887
v  135659.9688 10789.9238 25628.9648
v  138138.7813 10789.9238 25628.5313
v  140617.5625 10789.9238 25628.0898
v  143096.3438 10789.9238 25627.6387
v  145575.1250 10490.2031 25627.1777
v  148053.9063 10190.4834 25626.7090
v  150532.7031 10190.4834 25626.2285
v  153011.5000 9890.7627 25625.7422
v  155490.2656 9890.7627 25625.2441
v  157969.0625 9890.7627 25624.7383
v  160447.8594 9890.7627 25624.2227
v  -117177.1094 15885.1650 29465.0449
v  -119655.9063 15885.1650 29464.5313
v  -114698.3125 15885.1650 29465.5469
v  -112219.5000 15885.1650 29466.0410
v  -109740.7109 15585.4453 29466.5273
v  -107261.8984 15585.4453 29467.0020
v  -104783.1016 15585.4453 29467.4688
v  -102304.2969 15285.7246 29467.9258
v  -99825.5000 14086.8447 29468.3750
v  -97346.7031 12887.9639 29468.8145
v  -94867.8984 12588.2441 29469.2441
v  -92389.1016 12588.2441 29469.6641
v  -89910.2891 12288.5234 29470.0762
v  -87431.4922 11988.8037 29470.4785
v  -84952.6875 11689.0840 29470.8711
v  -82473.8906 11689.0840 29471.2539
v  -79995.0938 11689.0840 29471.6309
v  -77516.2891 11689.0840 29471.9961
v  -75037.4844 11988.8037 29472.3516
v  -72558.6797 12588.2441 29472.6992
v  -70079.8828 12887.9639 29473.0371
v  -67601.0781 12887.9639 29473.3652
v  -65122.2813 12887.9639 29473.6855
v  -62643.4844 12887.9639 29473.9961
v  -60164.6719 12588.2441 29474.2988
v  -57685.8750 12588.2441 29474.5898
v  -55207.0703 11988.8037 29474.8730
v  -52728.2734 11988.8037 29475.1465
v  -50249.4688 11988.8037 29475.4102
v  -47770.6719 11689.0840 29475.6660
v  -45291.8633 11689.0840 29475.9121
v  -42813.0625 11389.3633 29476.1504
v  -40334.2656 11389.3633 29476.3789
v  -37855.4648 11089.6436 29476.5977
v  -35376.6602 10490.2031 29476.8066
v  -32897.8594 9890.7627 29477.0059
v  -30419.0586 9291.3232 29477.1973
v  -27940.2539 9291.3232 29477.3789
v  -25461.4531 9291.3232 29477.5527
v  -22982.6563 9291.3232 29477.7168
v  -20503.8516 8691.8828 29477.8691
v  -18025.0508 8092.4424 29478.0156
v  -15546.2500 7493.0024 29478.1523
v  -13067.4453 7193.2822 29478.2793
v  -10588.6465 6893.5620 29478.3965
v  -8109.8438 6893.5620 29478.5059
v  -5631.0430 6593.8418 29478.6055
v  -3152.2422 6593.8418 29478.6973
v  -673.4395 6294.1221 29478.7754
v  1805.3613 5994.4019 29478.8477
v  4284.1631 5394.9619 29478.9102
v  6762.9648 5095.2417 29478.9648
v  9241.7656 5095.2417 29479.0098
v  11720.5674 5394.9619 29479.0449
v  14199.3691 5394.9619 29479.0703
v  16678.1699 5694.6816 29479.0859
v  19156.9727 5994.4019 29479.0938
v  21635.7734 6294.1221 29479.0918
v  24114.5742 6593.8418 29479.0820
v  26593.3770 6593.8418 29479.0625
v  29072.1777 6593.8418 29479.0332
v  31550.9805 7193.2822 29478.9961
v  34029.7813 7493.0024 29478.9492
v  36508.5859 7792.7227 29478.8906
v  38987.3828 7792.7227 29478.8242
v  41466.1875 7493.0024 29478.7520
v  43944.9883 7193.2822 29478.6660
v  46423.7891 6893.5620 29478.5723
v  48902.5898 7493.0024 29478.4707
v  51381.3906 8392.1621 29478.3594
v  53860.1953 9291.3232 29478.2383
v  56338.9961 9291.3232 29478.1074
v  58817.7969 9291.3232 29477.9688
v  61296.5977 8991.6025 29477.8203
v  63775.3984 9291.3232 29477.6641
v  66254.2031 9591.0430 29477.4961
v  68733.0000 9890.7627 29477.3203
v  71211.8047 9890.7627 29477.1348
v  73690.6094 10190.4834 29476.9395
v  76169.4063 10190.4834 29476.7363
v  78648.2031 10190.4834 29476.5254
v  81127.0078 10190.4834 29476.3027
v  83605.8125 10190.4834 29476.0723
v  86084.6172 10190.4834 29475.8320
v  88563.4141 10190.4834 29475.5820
v  91042.2188 10190.4834 29475.3242
v  93521.0156 10490.2031 29475.0566
v  95999.8203 10789.9238 29474.7793
v  98478.6172 10789.9238 29474.4941
v  100957.4219 10789.9238 29474.1973
v  103436.2266 10490.2031 29473.8926
v  105915.0234 10490.2031 29473.5801
v  108393.8281 10190.4834 29473.2559
v  110872.6250 10490.2031 29472.9238
v  113351.4297 10490.2031 29472.5840
v  115830.2344 10490.2031 29472.2324
v  118309.0313 10490.2031 29471.8750
v  120787.8359 10490.2031 29471.5059
v  123266.6328 10490.2031 29471.1270
v  125745.4375 10789.9238 29470.7402
v  128224.2344 10789.9238 29470.3438
v  130703.0469 10789.9238 29469.9375
v  133181.8438 10789.9238 29469.5254
v  135660.6406 10490.2031 29469.0996
v  138139.4375 10490.2031 29468.6680
v  140618.2500 10490.2031 29468.2246
v  143097.0469 10490.2031 29467.7734
v  145575.8438 10490.2031 29467.3125
v  148054.6563 10190.4834 29466.8438
v  150533.4375 10190.4834 29466.3652
v  153012.2500 9890.7627 29465.8770
v  155491.0625 9890.7627 29465.3809
v  157969.8594 9890.7627 29464.8730
v  160448.6563 9890.7627 29464.3574
v  -117177.9063 15885.1650 33305.1797
v  -119656.7188 15885.1650 33304.6680
v  -114699.0781 15885.1650 33305.6836
v  -112220.2656 15885.1650 33306.1758
v  -109741.4531 16184.8848 33306.6602
v  -107262.6250 15885.1650 33307.1406
v  -104783.8203 15285.7246 33307.6055
v  -102305.0078 14386.5645 33308.0586
v  -99826.1875 13187.6836 33308.5117
v  -97347.3750 11988.8037 33308.9492
v  -94868.5625 12288.5234 33309.3789
v  -92389.7422 12288.5234 33309.8008
v  -89910.9297 12288.5234 33310.2109
v  -87432.1016 11988.8037 33310.6133
v  -84953.2891 11988.8037 33311.0039
v  -82474.4766 11689.0840 33311.3906
v  -79995.6563 11389.3633 33311.7656
v  -77516.8438 11389.3633 33312.1289
v  -75038.0313 11389.3633 33312.4883
v  -72559.2109 11988.8037 33312.8359
v  -70080.3984 12588.2441 33313.1719
v  -67601.5781 13187.6836 33313.5039
v  -65122.7656 13187.6836 33313.8203
v  -62643.9531 12887.9639 33314.1328
v  -60165.1328 12588.2441 33314.4336
v  -57686.3203 12288.5234 33314.7266
v  -55207.5078 11689.0840 33315.0078
v  -52728.6875 11389.3633 33315.2852
v  -50249.8750 11089.6436 33315.5469
v  -47771.0625 11089.6436 33315.8047
v  -45292.2422 11089.6436 33316.0508
v  -42813.4258 11089.6436 33316.2852
v  -40334.6094 11089.6436 33316.5156
v  -37855.7930 11089.6436 33316.7305
v  -35376.9766 10490.2031 33316.9453
v  -32898.1641 9591.0430 33317.1406
v  -30419.3477 8991.6025 33317.3359
v  -27940.5313 8691.8828 33317.5156
v  -25461.7148 8392.1621 33317.6914
v  -22982.9023 8092.4424 33317.8516
v  -20504.0859 7493.0024 33318.0039
v  -18025.2695 6893.5620 33318.1523
v  -15546.4531 6593.8418 33318.2891
v  -13067.6367 5994.4019 33318.4141
v  -10588.8223 5994.4019 33318.5313
v  -8110.0039 6294.1221 33318.6406
v  -5631.1895 6294.1221 33318.7383
v  -3152.3730 6294.1221 33318.8320
v  -673.5586 6294.1221 33318.9102
v  1805.2578 5994.4019 33318.9844
v  4284.0732 5994.4019 33319.0469
v  6762.8887 5394.9619 33319.1016
v  9241.7041 5095.2417 33319.1445
v  11720.5205 5694.6816 33319.1797
v  14199.3359 5694.6816 33319.2070
v  16678.1523 5694.6816 33319.2227
v  19156.9668 5694.6816 33319.2305
v  21635.7832 5694.6816 33319.2305
v  24114.5977 5694.6816 33319.2188
v  26593.4141 5694.6816 33319.1992
v  29072.2305 5994.4019 33319.1680
v  31551.0469 6593.8418 33319.1289
v  34029.8594 6893.5620 33319.0859
v  36508.6797 6593.8418 33319.0273
v  38987.4922 6593.8418 33318.9609
v  41466.3086 6294.1221 33318.8867
v  43945.1250 5994.4019 33318.8008
v  46423.9375 6294.1221 33318.7109
v  48902.7578 6893.5620 33318.6094
v  51381.5703 8092.4424 33318.4922
v  53860.3867 8691.8828 33318.3711
v  56339.2031 8691.8828 33318.2422
v  58818.0195 8691.8828 33318.1016
v  61296.8320 8691.8828 33317.9570
v  63775.6484 8991.6025 33317.8008
v  66254.4688 9291.3232 33317.6328
v  68733.2813 9591.0430 33317.4570
v  71212.0938 9890.7627 33317.2695
v  73690.9141 10190.4834 33317.0781
v  76169.7344 10190.4834 33316.8711
v  78648.5469 10190.4834 33316.6602
v  81127.3594 10190.4834 33316.4414
v  83606.1719 10190.4834 33316.2070
v  86084.9922 10190.4834 33315.9648
v  88563.8125 10190.4834 33315.7188
v  91042.6250 10190.4834 33315.4570
v  93521.4453 10490.2031 33315.1914
v  96000.2578 10490.2031 33314.9180
v  98479.0703 10789.9238 33314.6289
v  100957.8906 10789.9238 33314.3320
v  103436.7031 10490.2031 33314.0273
v  105915.5156 10490.2031 33313.7148
v  108394.3359 10190.4834 33313.3906
v  110873.1484 10190.4834 33313.0586
v  113351.9609 10190.4834 33312.7188
v  115830.7813 10490.2031 33312.3711
v  118309.5938 10490.2031 33312.0078
v  120788.4141 10490.2031 33311.6406
v  123267.2266 10490.2031 33311.2617
v  125746.0391 10490.2031 33310.8750
v  128224.8594 10490.2031 33310.4766
v  130703.6719 10490.2031 33310.0742
v  133182.4844 10490.2031 33309.6602
v  135661.3125 10490.2031 33309.2344
v  138140.1250 10190.4834 33308.8047
v  140618.9375 10190.4834 33308.3594
v  143097.7500 10190.4834 33307.9102
v  145576.5625 10190.4834 33307.4492
v  148055.3750 10490.2031 33306.9805
v  150534.2031 10490.2031 33306.5039
v  153013.0156 10190.4834 33306.0117
v  155491.8281 9890.7627 33305.5156
v  157970.6406 9890.7627 33305.0078
v  160449.4688 9890.7627 33304.4922
v  -117178.6719 15585.4453 37145.3164
v  -119657.5156 15285.7246 37144.8047
v  -114699.8594 15885.1650 37145.8203
v  -112221.0156 15885.1650 37146.3125
v  -109742.1953 15885.1650 37146.7969
v  -107263.3672 15585.4453 37147.2734
v  -104784.5313 14986.0049 37147.7422
v  -102305.7031 13487.4043 37148.1953
v  -99826.8750 12288.5234 37148.6445
v  -97348.0391 11689.0840 37149.0820
v  -94869.2188 11689.0840 37149.5156
v  -92390.3906 11988.8037 37149.9375
v  -89911.5547 11988.8037 37150.3438
v  -87432.7266 11988.8037 37150.7461
v  -84953.8984 11689.0840 37151.1406
v  -82475.0625 11689.0840 37151.5273
v  -79996.2344 11389.3633 37151.8984
v  -77517.4063 11389.3633 37152.2656
v  -75038.5703 11089.6436 37152.6250
v  -72559.7422 11389.3633 37152.9727
v  -70080.9141 11988.8037 37153.3086
v  -67602.0859 12288.5234 37153.6406
v  -65123.2578 12588.2441 37153.9570
v  -62644.4297 12288.5234 37154.2695
v  -60165.6016 11988.8037 37154.5664
v  -57686.7656 11689.0840 37154.8594
v  -55207.9375 11389.3633 37155.1445
v  -52729.1094 11089.6436 37155.4180
v  -50250.2734 11389.3633 37155.6836
v  -47771.4453 11389.3633 37155.9414
v  -45292.6133 11389.3633 37156.1875
v  -42813.7891 11389.3633 37156.4219
v  -40334.9570 11389.3633 37156.6484
v  -37856.1250 11389.3633 37156.8672
v  -35377.2969 11089.6436 37157.0781
v  -32898.4648 10490.2031 37157.2773
v  -30419.6367 9890.7627 37157.4688
v  -27940.8047 9291.3232 37157.6523
v  -25461.9766 8392.1621 37157.8242
v  -22983.1484 7493.0024 37157.9844
v  -20504.3164 6593.8418 37158.1406
v  -18025.4844 5994.4019 37158.2891
v  -15546.6563 5694.6816 37158.4219
v  -13067.8242 5694.6816 37158.5508
v  -10588.9961 5095.2417 37158.6680
v  -8110.1680 5394.9619 37158.7773
v  -5631.3379 5694.6816 37158.8750
v  -3152.5059 5694.6816 37158.9688
v  -673.6758 5694.6816 37159.0469
v  1805.1523 5694.6816 37159.1211
v  4283.9834 5394.9619 37159.1836
v  6762.8125 4795.5215 37159.2383
v  9241.6426 5095.2417 37159.2773
v  11720.4727 5694.6816 37159.3164
v  14199.3027 5994.4019 37159.3438
v  16678.1328 6294.1221 37159.3594
v  19156.9629 5994.4019 37159.3672
v  21635.7930 5694.6816 37159.3672
v  24114.6230 5394.9619 37159.3555
v  26593.4531 5394.9619 37159.3359
v  29072.2813 5694.6816 37159.3047
v  31551.1133 5694.6816 37159.2656
v  34029.9414 5694.6816 37159.2188
v  36508.7734 5394.9619 37159.1602
v  38987.6016 5394.9619 37159.0977
v  41466.4297 5095.2417 37159.0195
v  43945.2617 5394.9619 37158.9375
v  46424.0938 5994.4019 37158.8438
v  48902.9219 6593.8418 37158.7422
v  51381.7500 7493.0024 37158.6289
v  53860.5820 8092.4424 37158.5078
v  56339.4102 8092.4424 37158.3789
v  58818.2422 7792.7227 37158.2383
v  61297.0742 8092.4424 37158.0938
v  63775.9023 8691.8828 37157.9336
v  66254.7344 8991.6025 37157.7656
v  68733.5625 9291.3232 37157.5938
v  71212.3906 9591.0430 37157.4063
v  73691.2188 9890.7627 37157.2148
v  76170.0469 10190.4834 37157.0078
v  78648.8828 10190.4834 37156.7969
v  81127.7109 10190.4834 37156.5742
v  83606.5469 9890.7627 37156.3398
v  86085.3750 9890.7627 37156.1016
v  88564.1953 9890.7627 37155.8516
v  91043.0313 10190.4834 37155.5938
v  93521.8594 10190.4834 37155.3242
v  96000.6875 10490.2031 37155.0508
v  98479.5234 10789.9238 37154.7656
v  100958.3516 10789.9238 37154.4688
v  103437.1797 10490.2031 37154.1641
v  105916.0078 10490.2031 37153.8516
v  108394.8438 10190.4834 37153.5273
v  110873.6719 10190.4834 37153.1953
v  113352.5000 10190.4834 37152.8555
v  115831.3359 10190.4834 37152.5078
v  118310.1563 10190.4834 37152.1445
v  120788.9844 10490.2031 37151.7773
v  123267.8203 10789.9238 37151.3984
v  125746.6484 10789.9238 37151.0117
v  128225.4766 10789.9238 37150.6133
v  130704.3125 10490.2031 37150.2109
v  133183.1406 10490.2031 37149.7969
v  135661.9688 10490.2031 37149.3711
v  138140.8125 10490.2031 37148.9414
v  140619.6250 10190.4834 37148.4961
v  143098.4688 10190.4834 37148.0469
v  145577.2813 10190.4834 37147.5859
v  148056.1250 10190.4834 37147.1172
v  150534.9375 10490.2031 37146.6367
v  153013.7813 10190.4834 37146.1445
v  155492.6094 10190.4834 37145.6484
v  157971.4531 9890.7627 37145.1445
v  160450.2656 9890.7627 37144.6289
v  -117179.4688 15285.7246 40985.4531
v  -119658.3125 14986.0049 40984.9375
v  -114700.6250 14986.0049 40985.9531
v  -112221.7969 14986.0049 40986.4492
v  -109742.9375 14686.2842 40986.9336
v  -107264.1016 14686.2842 40987.4102
v  -104785.2500 14086.8447 40987.8750
v  -102306.4063 13187.6836 40988.3320
v  -99827.5625 12288.5234 40988.7813
v  -97348.7188 11988.8037 40989.2188
v  -94869.8672 11988.8037 40989.6484
v  -92391.0313 11988.8037 40990.0703
v  -89912.1875 11988.8037 40990.4805
v  -87433.3438 11689.0840 40990.8828
v  -84954.4922 11689.0840 40991.2773
v  -82475.6484 11389.3633 40991.6602
v  -79996.8125 11689.0840 40992.0352
v  -77517.9688 11689.0840 40992.4023
v  -75039.1172 11389.3633 40992.7617
v  -72560.2734 11389.3633 40993.1055
v  -70081.4375 11389.3633 40993.4414
v  -67602.5938 11689.0840 40993.7734
v  -65123.7422 11988.8037 40994.0938
v  -62644.8984 11988.8037 40994.4063
v  -60166.0547 11689.0840 40994.7031
v  -57687.2109 11988.8037 40994.9961
v  -55208.3672 11689.0840 40995.2813
v  -52729.5234 11689.0840 40995.5547
v  -50250.6797 11988.8037 40995.8203
v  -47771.8281 12288.5234 40996.0742
v  -45292.9922 12288.5234 40996.3203
v  -42814.1484 12288.5234 40996.5586
v  -40335.3008 11988.8037 40996.7852
v  -37856.4570 11689.0840 40997.0039
v  -35377.6133 11389.3633 40997.2148
v  -32898.7695 11389.3633 40997.4141
v  -30419.9258 11389.3633 40997.6055
v  -27941.0820 10490.2031 40997.7852
v  -25462.2344 9291.3232 40997.9609
v  -22983.3945 8092.4424 40998.1211
v  -20504.5469 7193.2822 40998.2773
v  -18025.7070 6294.1221 40998.4219
v  -15546.8594 5694.6816 40998.5586
v  -13068.0156 5694.6816 40998.6875
v  -10589.1719 5994.4019 40998.8047
v  -8110.3281 5694.6816 40998.9102
v  -5631.4824 5694.6816 40999.0117
v  -3152.6387 5694.6816 40999.1055
v  -673.7949 5994.4019 40999.1836
v  1805.0488 5394.9619 40999.2578
v  4283.8936 4495.8013 40999.3164
v  6762.7373 4196.0811 40999.3750
v  9241.5811 4196.0811 40999.4141
v  11720.4258 4495.8013 40999.4531
v  14199.2695 4795.5215 40999.4766
v  16678.1133 5694.6816 40999.4961
v  19156.9570 5694.6816 40999.5039
v  21635.8027 5394.9619 40999.5000
v  24114.6465 4795.5215 40999.4922
v  26593.4902 4795.5215 40999.4688
v  29072.3340 4795.5215 40999.4414
v  31551.1797 4795.5215 40999.4023
v  34030.0234 4795.5215 40999.3555
v  36508.8672 4196.0811 40999.2969
v  38987.7109 4196.0811 40999.2344
v  41466.5547 4795.5215 40999.1563
v  43945.3984 5095.2417 40999.0742
v  46424.2422 5994.4019 40998.9805
v  48903.0859 6893.5620 40998.8750
v  51381.9297 7493.0024 40998.7656
v  53860.7734 8092.4424 40998.6445
v  56339.6211 8392.1621 40998.5117
v  58818.4648 8392.1621 40998.3750
v  61297.3086 8392.1621 40998.2305
v  63776.1523 8691.8828 40998.0703
v  66255.0000 8991.6025 40997.9023
v  68733.8438 8991.6025 40997.7305
v  71212.6875 9291.3232 40997.5430
v  73691.5313 9591.0430 40997.3477
v  76170.3750 9890.7627 40997.1445
v  78649.2188 9890.7627 40996.9336
v  81128.0625 9890.7627 40996.7109
v  83606.9063 9890.7627 40996.4766
v  86085.7500 9591.0430 40996.2383
v  88564.5938 9890.7627 40995.9883
v  91043.4375 10190.4834 40995.7305
v  93522.2813 10190.4834 40995.4609
v  96001.1250 10490.2031 40995.1875
v  98479.9766 10190.4834 40994.9023
v  100958.8125 10490.2031 40994.6055
v  103437.6563 10490.2031 40994.2969
v  105916.5078 10190.4834 40993.9883
v  108395.3516 10190.4834 40993.6602
v  110874.1953 10490.2031 40993.3320
v  113353.0313 10490.2031 40992.9922
v  115831.8828 10190.4834 40992.6406
v  118310.7266 10190.4834 40992.2813
v  120789.5703 10490.2031 40991.9102
v  123268.4141 10789.9238 40991.5352
v  125747.2578 10789.9238 40991.1445
v  128226.1016 10789.9238 40990.7500
v  130704.9453 10490.2031 40990.3477
v  133183.7813 10490.2031 40989.9336
v  135662.6250 10490.2031 40989.5078
v  138141.4688 10490.2031 40989.0742
v  140620.3125 10490.2031 40988.6328
v  143099.1563 10190.4834 40988.1836
v  145578.0156 10190.4834 40987.7188
v  148056.8438 10190.4834 40987.2500
v  150535.7031 10190.4834 40986.7734
v  153014.5469 10190.4834 40986.2813
v  155493.3750 10190.4834 40985.7852
v  157972.2344 9890.7627 40985.2773
v  160451.0781 9591.0430 40984.7617
v  -117180.2500 14386.5645 44825.5859
v  -119659.1250 14386.5645 44825.0742
v  -114701.4063 14086.8447 44826.0898
v  -112222.5469 13487.4043 44826.5820
v  -109743.6797 13187.6836 44827.0664
v  -107264.8281 12887.9639 44827.5469
v  -104785.9688 12588.2441 44828.0117
v  -102307.1016 12588.2441 44828.4688
v  -99828.2500 12288.5234 44828.9180
v  -97349.3906 11988.8037 44829.3555
v  -94870.5313 11988.8037 44829.7852
v  -92391.6797 11988.8037 44830.2070
v  -89912.8125 11689.0840 44830.6172
v  -87433.9531 11689.0840 44831.0195
v  -84955.1016 11389.3633 44831.4141
v  -82476.2422 11389.3633 44831.7969
v  -79997.3828 11389.3633 44832.1719
v  -77518.5234 11689.0840 44832.5352
v  -75039.6641 11689.0840 44832.8945
v  -72560.8047 11389.3633 44833.2422
v  -70081.9531 11389.3633 44833.5781
v  -67603.0938 11389.3633 44833.9102
v  -65124.2266 11689.0840 44834.2266
v  -62645.3750 11689.0840 44834.5391
v  -60166.5156 12288.5234 44834.8398
v  -57687.6563 12588.2441 44835.1328
v  -55208.8047 12588.2441 44835.4180
v  -52729.9375 12288.5234 44835.6914
v  -50251.0781 11988.8037 44835.9570
v  -47772.2266 11988.8037 44836.2109
v  -45293.3633 12288.5234 44836.4570
v  -42814.5078 12288.5234 44836.6953
v  -40335.6484 12288.5234 44836.9219
v  -37856.7891 11988.8037 44837.1367
v  -35377.9336 11988.8037 44837.3516
v  -32899.0703 11988.8037 44837.5508
v  -30420.2148 11988.8037 44837.7383
v  -27941.3594 11389.3633 44837.9219
v  -25462.4961 10490.2031 44838.0977
v  -22983.6406 9591.0430 44838.2578
v  -20504.7813 8991.6025 44838.4141
v  -18025.9219 8392.1621 44838.5586
v  -15547.0664 7792.7227 44838.6953
v  -13068.2031 7493.0024 44838.8203
v  -10589.3477 7493.0024 44838.9414
v  -8110.4902 7193.2822 44839.0469
v  -5631.6309 6593.8418 44839.1445
v  -3152.7715 6294.1221 44839.2383
v  -673.9141 6294.1221 44839.3203
v  1804.9434 5394.9619 44839.3906
v  4283.8027 5095.2417 44839.4531
v  6762.6611 4495.8013 44839.5078
v  9241.5195 4795.5215 44839.5508
v  11720.3779 4795.5215 44839.5859
v  14199.2363 5095.2417 44839.6133
v  16678.0938 5394.9619 44839.6328
v  19156.9531 5694.6816 44839.6406
v  21635.8125 5095.2417 44839.6367
v  24114.6699 4495.8013 44839.6250
v  26593.5273 3896.3613 44839.6055
v  29072.3867 3596.6411 44839.5742
v  31551.2461 3596.6411 44839.5352
v  34030.1016 3296.9209 44839.4922
v  36508.9609 3296.9209 44839.4336
v  38987.8203 3596.6411 44839.3711
v  41466.6797 4196.0811 44839.2930
v  43945.5391 5095.2417 44839.2109
v  46424.3945 5694.6816 44839.1172
v  48903.2539 6893.5620 44839.0117
v  51382.1133 7493.0024 44838.8984
v  53860.9727 8392.1621 44838.7813
v  56339.8281 8691.8828 44838.6484
v  58818.6875 8691.8828 44838.5078
v  61297.5469 8991.6025 44838.3633
v  63776.4023 8991.6025 44838.2070
v  66255.2656 8991.6025 44838.0391
v  68734.1250 8991.6025 44837.8633
v  71212.9844 8991.6025 44837.6758
v  73691.8438 9291.3232 44837.4844
v  76170.6953 9591.0430 44837.2813
v  78649.5547 9591.0430 44837.0664
v  81128.4141 9591.0430 44836.8477
v  83607.2734 9591.0430 44836.6133
v  86086.1328 9591.0430 44836.3750
v  88564.9844 9591.0430 44836.1250
v  91043.8438 9890.7627 44835.8672
v  93522.7109 9890.7627 44835.5977
v  96001.5625 9890.7627 44835.3203
v  98480.4219 9890.7627 44835.0352
v  100959.2813 9890.7627 44834.7383
v  103438.1328 9890.7627 44834.4336
v  105917.0000 10190.4834 44834.1211
v  108395.8594 10190.4834 44833.7969
v  110874.7109 10190.4834 44833.4688
v  113353.5703 10490.2031 44833.1289
v  115832.4297 10190.4834 44832.7773
v  118311.2891 10190.4834 44832.4141
v  120790.1484 10190.4834 44832.0469
v  123269.0078 10490.2031 44831.6680
v  125747.8594 10490.2031 44831.2813
v  128226.7188 10789.9238 44830.8867
v  130705.5859 10490.2031 44830.4844
v  133184.4375 10490.2031 44830.0664
v  135663.2969 10490.2031 44829.6406
v  138142.1563 10490.2031 44829.2109
v  140621.0000 10490.2031 44828.7695
v  143099.8750 10190.4834 44828.3164
v  145578.7344 9890.7627 44827.8555
v  148057.5938 9890.7627 44827.3867
v  150536.4375 9890.7627 44826.9102
v  153015.2969 9890.7627 44826.4180
v  155494.1719 9890.7627 44825.9219
v  157973.0156 9591.0430 44825.4141
v  160451.8750 9591.0430 44824.8984
v  -117181.0469 13487.4043 48665.7227
v  -119659.9063 13487.4043 48665.2109
v  -114702.1719 12887.9639 48666.2266
v  -112223.3125 12588.2441 48666.7188
v  -109744.4219 12288.5234 48667.2031
v  -107265.5547 11988.8037 48667.6836
v  -104786.6797 12288.5234 48668.1484
v  -102307.8125 12288.5234 48668.6016
v  -99828.9297 11988.8037 48669.0547
v  -97350.0625 11689.0840 48669.4922
v  -94871.1875 11689.0840 48669.9219
v  -92392.3203 11689.0840 48670.3438
v  -89913.4453 11689.0840 48670.7539
v  -87434.5781 11689.0840 48671.1563
v  -84955.7031 11389.3633 48671.5469
v  -82476.8281 11389.3633 48671.9336
v  -79997.9531 11389.3633 48672.3086
v  -77519.0781 11389.3633 48672.6719
v  -75040.2109 11389.3633 48673.0313
v  -72561.3359 11689.0840 48673.3789
v  -70082.4688 11389.3633 48673.7148
v  -67603.5938 11389.3633 48674.0469
v  -65124.7188 11389.3633 48674.3633
v  -62645.8438 11689.0840 48674.6758
v  -60166.9766 12288.5234 48674.9766
v  -57688.1016 12288.5234 48675.2695
v  -55209.2344 12588.2441 48675.5508
v  -52730.3594 11988.8037 48675.8281
v  -50251.4844 11689.0840 48676.0898
v  -47772.6094 11689.0840 48676.3477
v  -45293.7383 11689.0840 48676.5938
v  -42814.8672 11988.8037 48676.8281
v  -40335.9961 11988.8037 48677.0586
v  -37857.1211 11988.8037 48677.2734
v  -35378.2461 11988.8037 48677.4883
v  -32899.3750 11988.8037 48677.6836
v  -30420.5039 11689.0840 48677.8750
v  -27941.6289 11389.3633 48678.0586
v  -25462.7578 10789.9238 48678.2305
v  -22983.8867 10490.2031 48678.3945
v  -20505.0156 9890.7627 48678.5469
v  -18026.1406 9591.0430 48678.6953
v  -15547.2695 8991.6025 48678.8320
v  -13068.3984 8392.1621 48678.9570
v  -10589.5234 8392.1621 48679.0742
v  -8110.6504 8092.4424 48679.1836
v  -5631.7773 7493.0024 48679.2813
v  -3152.9043 7493.0024 48679.3750
v  -674.0332 6893.5620 48679.4531
v  1804.8398 6593.8418 48679.5273
v  4283.7129 6294.1221 48679.5898
v  6762.5850 6593.8418 48679.6445
v  9241.4580 6893.5620 48679.6875
v  11720.3311 7493.0024 48679.7227
v  14199.2031 7792.7227 48679.7500
v  16678.0762 7493.0024 48679.7656
v  19156.9492 6893.5620 48679.7734
v  21635.8203 6294.1221 48679.7734
v  24114.6934 5095.2417 48679.7617
v  26593.5664 4196.0811 48679.7422
v  29072.4375 3596.6411 48679.7109
v  31551.3125 3296.9209 48679.6719
v  34030.1836 3296.9209 48679.6289
v  36509.0547 2997.2009 48679.5703
v  38987.9297 3296.9209 48679.5039
v  41466.8008 4196.0811 48679.4258
v  43945.6719 4795.5215 48679.3438
v  46424.5469 5694.6816 48679.2539
v  48903.4219 6294.1221 48679.1484
v  51382.2930 7193.2822 48679.0352
v  53861.1641 7792.7227 48678.9141
v  56340.0352 8392.1621 48678.7852
v  58818.9102 8691.8828 48678.6445
v  61297.7813 8991.6025 48678.5000
v  63776.6523 8691.8828 48678.3398
v  66255.5313 8691.8828 48678.1719
v  68734.4063 8991.6025 48678.0000
v  71213.2734 8991.6025 48677.8125
v  73692.1406 8991.6025 48677.6172
v  76171.0156 8991.6025 48677.4141
v  78649.8906 9291.3232 48677.2031
v  81128.7656 9291.3232 48676.9805
v  83607.6406 9291.3232 48676.7500
v  86086.5078 9291.3232 48676.5078
v  88565.3828 9291.3232 48676.2578
v  91044.2578 9291.3232 48676.0000
v  93523.1250 9291.3232 48675.7344
v  96002.0000 9591.0430 48675.4570
v  98480.8672 9591.0430 48675.1719
v  100959.7422 9591.0430 48674.8750
v  103438.6172 9591.0430 48674.5703
v  105917.4922 9591.0430 48674.2578
v  108396.3672 9591.0430 48673.9336
v  110875.2344 9890.7627 48673.6016
v  113354.1094 10190.4834 48673.2617
v  115832.9766 10190.4834 48672.9102
v  118311.8516 10190.4834 48672.5508
v  120790.7266 10190.4834 48672.1836
v  123269.6016 10190.4834 48671.8047
v  125748.4688 10490.2031 48671.4180
v  128227.3438 10490.2031 48671.0195
v  130706.2109 10490.2031 48670.6172
v  133185.0938 10190.4834 48670.2031
v  135663.9688 10190.4834 48669.7773
v  138142.8438 10190.4834 48669.3477
v  140621.7188 10190.4834 48668.9023
v  143100.5781 10190.4834 48668.4531
v  145579.4531 10190.4834 48667.9922
v  148058.3125 9890.7627 48667.5234
v  150537.1875 9591.0430 48667.0430
v  153016.0781 9591.0430 48666.5547
v  155494.9375 9591.0430 48666.0586
v  157973.8125 9291.3232 48665.5508
v  160452.6875 9291.3232 48665.0352
v  -117181.8281 11988.8037 52505.8594
v  -119660.7188 11988.8037 52505.3438
v  -114702.9531 11689.0840 52506.3633
v  -112224.0625 11389.3633 52506.8555
v  -109745.1641 11389.3633 52507.3398
v  -107266.2813 11689.0840 52507.8164
v  -104787.3984 11689.0840 52508.2813
v  -102308.5078 11689.0840 52508.7383
v  -99829.6250 11689.0840 52509.1875
v  -97350.7422 11689.0840 52509.6250
v  -94871.8516 11389.3633 52510.0586
v  -92392.9609 11389.3633 52510.4805
v  -89914.0703 11389.3633 52510.8867
v  -87435.1875 11389.3633 52511.2891
v  -84956.3047 11389.3633 52511.6836
v  -82477.4141 11089.6436 52512.0664
v  -79998.5313 11089.6436 52512.4414
v  -77519.6406 11389.3633 52512.8086
v  -75040.7578 11389.3633 52513.1680
v  -72561.8672 11689.0840 52513.5156
v  -70082.9844 11689.0840 52513.8516
v  -67604.1016 11389.3633 52514.1797
v  -65125.2109 11389.3633 52514.5000
v  -62646.3203 11389.3633 52514.8125
v  -60167.4297 11689.0840 52515.1094
v  -57688.5469 12288.5234 52515.4023
v  -55209.6563 11988.8037 52515.6875
v  -52730.7734 11988.8037 52515.9609
v  -50251.8906 11689.0840 52516.2266
v  -47773.0000 11689.0840 52516.4805
v  -45294.1172 11689.0840 52516.7305
v  -42815.2266 11389.3633 52516.9648
v  -40336.3398 11689.0840 52517.1914
v  -37857.4531 11689.0840 52517.4102
v  -35378.5664 11689.0840 52517.6211
v  -32899.6797 11689.0840 52517.8203
v  -30420.7891 11389.3633 52518.0117
v  -27941.9063 11389.3633 52518.1953
v  -25463.0195 11089.6436 52518.3672
v  -22984.1328 10789.9238 52518.5273
v  -20505.2461 10490.2031 52518.6836
v  -18026.3594 9591.0430 52518.8320
v  -15547.4688 8991.6025 52518.9648
v  -13068.5859 8691.8828 52519.0938
v  -10589.6973 8991.6025 52519.2109
v  -8110.8125 8991.6025 52519.3203
v  -5631.9238 9291.3232 52519.4180
v  -3153.0371 9291.3232 52519.5117
v  -674.1523 8991.6025 52519.5898
v  1804.7363 8691.8828 52519.6602
v  4283.6230 8092.4424 52519.7266
v  6762.5098 8392.1621 52519.7813
v  9241.3965 8991.6025 52519.8203
v  11720.2832 9291.3232 52519.8594
v  14199.1699 9291.3232 52519.8867
v  16678.0566 8991.6025 52519.9023
v  19156.9434 8392.1621 52519.9102
v  21635.8301 7493.0024 52519.9102
v  24114.7168 6593.8418 52519.8984
v  26593.6035 5994.4019 52519.8789
v  29072.4902 5394.9619 52519.8477
v  31551.3789 4795.5215 52519.8086
v  34030.2656 3896.3613 52519.7617
v  36509.1523 2997.2009 52519.7031
v  38988.0391 2997.2009 52519.6406
v  41466.9219 3296.9209 52519.5625
v  43945.8125 3896.3613 52519.4805
v  46424.6992 5095.2417 52519.3867
v  48903.5859 5994.4019 52519.2813
v  51382.4727 6593.8418 52519.1719
v  53861.3594 6893.5620 52519.0508
v  56340.2461 7493.0024 52518.9219
v  58819.1328 8092.4424 52518.7813
v  61298.0195 8392.1621 52518.6367
v  63776.9063 8392.1621 52518.4766
v  66255.7969 8691.8828 52518.3086
v  68734.6797 8691.8828 52518.1328
v  71213.5625 8691.8828 52517.9492
v  73692.4531 8691.8828 52517.7539
v  76171.3438 8691.8828 52517.5508
v  78650.2266 8691.8828 52517.3398
v  81129.1172 8991.6025 52517.1172
v  83608.0000 8991.6025 52516.8828
v  86086.8906 8991.6025 52516.6445
v  88565.7734 8691.8828 52516.3945
v  91044.6641 8691.8828 52516.1367
v  93523.5469 8991.6025 52515.8672
v  96002.4297 8991.6025 52515.5898
v  98481.3203 9291.3232 52515.3086
v  100960.2109 9291.3232 52515.0117
v  103439.1016 9291.3232 52514.7070
v  105917.9844 9291.3232 52514.3945
v  108396.8672 9591.0430 52514.0703
v  110875.7578 9591.0430 52513.7383
v  113354.6406 9890.7627 52513.3984
v  115833.5313 9890.7627 52513.0469
v  118312.4141 9890.7627 52512.6875
v  120791.3047 9890.7627 52512.3164
v  123270.1875 9890.7627 52511.9414
v  125749.0703 10190.4834 52511.5547
v  128227.9688 10190.4834 52511.1563
v  130706.8516 10190.4834 52510.7539
v  133185.7500 10190.4834 52510.3398
v  135664.6250 10190.4834 52509.9141
v  138143.5156 9890.7627 52509.4805
v  140622.4063 10190.4834 52509.0391
v  143101.2813 10190.4834 52508.5898
v  145580.1719 10190.4834 52508.1250
v  148059.0625 9890.7627 52507.6602
v  150537.9375 9591.0430 52507.1797
v  153016.8281 9591.0430 52506.6875
v  155495.7188 9591.0430 52506.1914
v  157974.5938 9591.0430 52505.6875
v  160453.5000 9591.0430 52505.1719
v  -117182.6250 11089.6436 56345.9922
v  -119661.5156 11089.6436 56345.4805
v  -114703.7188 11089.6436 56346.4961
v  -112224.8281 11089.6436 56346.9922
v  -109745.9063 11089.6436 56347.4766
v  -107267.0078 11089.6436 56347.9531
v  -104788.1094 11089.6436 56348.4180
v  -102309.2109 11089.6436 56348.8750
v  -99830.3125 11089.6436 56349.3242
v  -97351.4063 10789.9238 56349.7617
v  -94872.5078 10789.9238 56350.1914
v  -92393.6094 11089.6436 56350.6133
v  -89914.7109 11089.6436 56351.0234
v  -87435.8047 11089.6436 56351.4258
v  -84956.9063 11089.6436 56351.8203
v  -82478.0078 11089.6436 56352.2031
v  -79999.1016 11089.6436 56352.5781
v  -77520.2031 11089.6436 56352.9453
v  -75041.3047 11389.3633 56353.3047
v  -72562.3984 11389.3633 56353.6484
v  -70083.5000 11389.3633 56353.9844
v  -67604.6016 11689.0840 56354.3164
v  -65125.7031 11689.0840 56354.6367
v  -62646.7969 11689.0840 56354.9492
v  -60167.8984 11988.8037 56355.2461
v  -57688.9922 12288.5234 56355.5391
v  -55210.0859 12288.5234 56355.8242
v  -52731.1875 12288.5234 56356.0977
v  -50252.2891 12288.5234 56356.3594
v  -47773.3828 12288.5234 56356.6133
v  -45294.4883 11988.8037 56356.8633
v  -42815.5898 11689.0840 56357.1016
v  -40336.6836 11689.0840 56357.3281
v  -37857.7852 11389.3633 56357.5469
v  -35378.8828 11389.3633 56357.7578
v  -32899.9805 11389.3633 56357.9570
v  -30421.0820 11389.3633 56358.1445
v  -27942.1797 11689.0840 56358.3281
v  -25463.2813 11689.0840 56358.5039
v  -22984.3789 11389.3633 56358.6641
v  -20505.4766 10490.2031 56358.8203
v  -18026.5781 9591.0430 56358.9648
v  -15547.6758 9291.3232 56359.1016
v  -13068.7773 8991.6025 56359.2305
v  -10589.8730 9291.3232 56359.3477
v  -8110.9727 9591.0430 56359.4531
v  -5632.0723 9890.7627 56359.5547
v  -3153.1699 10490.2031 56359.6445
v  -674.2695 10490.2031 56359.7266
v  1804.6309 9890.7627 56359.7969
v  4283.5332 9291.3232 56359.8594
v  6762.4336 8691.8828 56359.9180
v  9241.3350 8691.8828 56359.9570
v  11720.2363 8991.6025 56359.9922
v  14199.1367 9591.0430 56360.0195
v  16678.0371 9591.0430 56360.0391
v  19156.9395 8991.6025 56360.0469
v  21635.8398 8392.1621 56360.0430
v  24114.7402 8092.4424 56360.0352
v  26593.6426 7493.0024 56360.0117
v  29072.5430 7193.2822 56359.9844
v  31551.4453 6893.5620 56359.9453
v  34030.3438 5694.6816 56359.8984
v  36509.2461 3896.3613 56359.8398
v  38988.1484 2397.7607 56359.7773
v  41467.0469 2098.0405 56359.6992
v  43945.9492 2997.2009 56359.6172
v  46424.8516 3896.3613 56359.5234
v  48903.7500 5095.2417 56359.4180
v  51382.6523 5994.4019 56359.3086
v  53861.5547 6294.1221 56359.1875
v  56340.4531 6893.5620 56359.0547
v  58819.3555 7493.0024 56358.9180
v  61298.2539 7792.7227 56358.7734
v  63777.1563 7792.7227 56358.6133
v  66256.0625 8092.4424 56358.4453
v  68734.9609 8392.1621 56358.2695
v  71213.8594 8392.1621 56358.0859
v  73692.7656 8392.1621 56357.8867
v  76171.6641 8092.4424 56357.6875
v  78650.5625 8092.4424 56357.4766
v  81129.4688 8392.1621 56357.2500
v  83608.3594 8392.1621 56357.0195
v  86087.2656 8392.1621 56356.7813
v  88566.1719 8392.1621 56356.5313
v  91045.0703 8392.1621 56356.2734
v  93523.9766 8392.1621 56356.0039
v  96002.8750 8691.8828 56355.7266
v  98481.7734 8691.8828 56355.4453
v  100960.6719 8991.6025 56355.1484
v  103439.5781 8991.6025 56354.8398
v  105918.4766 9291.3232 56354.5313
v  108397.3750 9291.3232 56354.2031
v  110876.2813 9591.0430 56353.8750
v  113355.1797 9591.0430 56353.5352
v  115834.0781 9591.0430 56353.1797
v  118312.9844 9591.0430 56352.8242
v  120791.8828 9591.0430 56352.4531
v  123270.7813 9890.7627 56352.0781
v  125749.6797 9890.7627 56351.6875
v  128228.5859 10190.4834 56351.2930
v  130707.4844 10190.4834 56350.8867
v  133186.3750 10190.4834 56350.4727
v  135665.2813 9890.7627 56350.0508
v  138144.1875 9890.7627 56349.6172
v  140623.0938 9890.7627 56349.1758
v  143102.0000 9591.0430 56348.7266
v  145580.8906 9591.0430 56348.2617
v  148059.7813 9591.0430 56347.7930
v  150538.6875 9591.0430 56347.3164
v  153017.5938 9591.0430 56346.8242
v  155496.5000 9591.0430 56346.3281
v  157975.4063 9591.0430 56345.8203
v  160454.2969 9591.0430 56345.3047
v  -117183.4063 11089.6436 60186.1289
v  -119662.3281 11089.6436 60185.6172
v  -114704.5000 11089.6436 60186.6328
v  -112225.5781 11089.6436 60187.1250
v  -109746.6641 11089.6436 60187.6094
v  -107267.7344 10789.9238 60188.0898
v  -104788.8281 10789.9238 60188.5547
v  -102309.9141 10789.9238 60189.0117
v  -99830.9922 10789.9238 60189.4609
v  -97352.0781 10789.9238 60189.8984
v  -94873.1641 10490.2031 60190.3281
v  -92394.2500 10789.9238 60190.7500
v  -89915.3359 10789.9238 60191.1602
v  -87436.4219 11089.6436 60191.5625
v  -84957.5078 11089.6436 60191.9570
v  -82478.5938 11089.6436 60192.3398
v  -79999.6797 11089.6436 60192.7148
v  -77520.7656 11089.6436 60193.0781
v  -75041.8516 11089.6436 60193.4375
v  -72562.9297 11389.3633 60193.7852
v  -70084.0156 11389.3633 60194.1211
v  -67605.1016 11689.0840 60194.4531
v  -65126.1875 11689.0840 60194.7695
v  -62647.2734 11988.8037 60195.0820
v  -60168.3594 12288.5234 60195.3828
v  -57689.4375 12588.2441 60195.6758
v  -55210.5234 12588.2441 60195.9609
v  -52731.6094 12288.5234 60196.2344
v  -50252.6953 12588.2441 60196.4961
v  -47773.7813 12588.2441 60196.7500
v  -45294.8672 12288.5234 60197.0000
v  -42815.9492 11988.8037 60197.2383
v  -40337.0313 11389.3633 60197.4648
v  -37858.1172 11389.3633 60197.6797
v  -35379.2031 11389.3633 60197.8945
v  -32900.2852 11389.3633 60198.0938
v  -30421.3711 11689.0840 60198.2813
v  -27942.4570 11689.0840 60198.4648
v  -25463.5391 11988.8037 60198.6406
v  -22984.6250 11389.3633 60198.8008
v  -20505.7109 10490.2031 60198.9570
v  -18026.7930 9591.0430 60199.1016
v  -15547.8789 9291.3232 60199.2383
v  -13068.9648 9291.3232 60199.3633
v  -10590.0488 9591.0430 60199.4844
v  -8111.1348 10190.4834 60199.5898
v  -5632.2188 10490.2031 60199.6875
v  -3153.3027 10490.2031 60199.7813
v  -674.3887 10789.9238 60199.8633
v  1804.5273 10490.2031 60199.9336
v  4283.4434 9890.7627 60199.9961
v  6762.3584 8991.6025 60200.0508
v  9241.2725 8991.6025 60200.0938
v  11720.1885 9291.3232 60200.1289
v  14199.1035 9591.0430 60200.1563
v  16678.0195 9890.7627 60200.1758
v  19156.9336 9890.7627 60200.1836
v  21635.8496 9591.0430 60200.1797
v  24114.7656 9291.3232 60200.1680
v  26593.6797 8691.8828 60200.1484
v  29072.5957 8092.4424 60200.1172
v  31551.5117 7792.7227 60200.0781
v  34030.4258 7193.2822 60200.0352
v  36509.3438 5694.6816 60199.9766
v  38988.2578 4196.0811 60199.9102
v  41467.1719 3596.6411 60199.8359
v  43946.0859 2697.4810 60199.7539
v  46425.0000 3296.9209 60199.6602
v  48903.9141 4196.0811 60199.5547
v  51382.8320 5394.9619 60199.4414
v  53861.7500 5994.4019 60199.3203
v  56340.6641 6593.8418 60199.1914
v  58819.5781 6893.5620 60199.0508
v  61298.4922 7193.2822 60198.9063
v  63777.4063 7493.0024 60198.7500
v  66256.3281 7792.7227 60198.5820
v  68735.2344 8092.4424 60198.4023
v  71214.1563 8092.4424 60198.2188
v  73693.0703 8092.4424 60198.0234
v  76171.9844 7792.7227 60197.8203
v  78650.8984 7493.0024 60197.6094
v  81129.8125 7493.0024 60197.3867
v  83608.7344 7493.0024 60197.1563
v  86087.6484 7493.0024 60196.9180
v  88566.5625 7792.7227 60196.6680
v  91045.4766 7792.7227 60196.4063
v  93524.3906 8092.4424 60196.1406
v  96003.3047 8392.1621 60195.8633
v  98482.2266 8392.1621 60195.5781
v  100961.1406 8691.8828 60195.2813
v  103440.0547 8991.6025 60194.9766
v  105918.9688 8991.6025 60194.6641
v  108397.8828 9291.3232 60194.3398
v  110876.7969 9291.3232 60194.0117
v  113355.7188 9291.3232 60193.6719
v  115834.6328 9591.0430 60193.3164
v  118313.5469 9591.0430 60192.9570
v  120792.4609 9591.0430 60192.5898
v  123271.3750 9890.7627 60192.2109
v  125750.2891 9890.7627 60191.8242
v  128229.2109 9890.7627 60191.4297
v  130708.1250 9890.7627 60191.0234
v  133187.0313 10190.4834 60190.6094
v  135665.9531 9890.7627 60190.1836
v  138144.8750 9890.7627 60189.7500
v  140623.7813 9591.0430 60189.3125
v  143102.6875 9591.0430 60188.8594
v  145581.6094 9591.0430 60188.3984
v  148060.5313 9591.0430 60187.9297
v  150539.4375 9591.0430 60187.4531
v  153018.3594 9291.3232 60186.9609
v  155497.2813 9591.0430 60186.4648
v  157976.1875 9591.0430 60185.9570
v  160455.1094 9890.7627 60185.4414
v  -117184.2031 11089.6436 64026.2578
v  -119663.1250 10789.9238 64025.7500
v  -114705.2656 11089.6436 64026.7656
v  -112226.3438 11089.6436 64027.2656
v  -109747.4063 10789.9238 64027.7500
v  -107268.4766 10789.9238 64028.2266
v  -104789.5469 10789.9238 64028.6875
v  -102310.6172 11089.6436 64029.1484
v  -99831.6875 11089.6436 64029.5938
v  -97352.7578 11089.6436 64030.0391
v  -94873.8281 10789.9238 64030.4609
v  -92394.8984 10789.9238 64030.8828
v  -89915.9688 10789.9238 64031.2969
v  -87437.0391 10789.9238 64031.6953
v  -84958.1094 11089.6436 64032.0938
v  -82479.1797 11089.6436 64032.4766
v  -80000.2500 11089.6436 64032.8516
v  -77521.3203 11089.6436 64033.2188
v  -75042.3906 11089.6436 64033.5781
v  -72563.4688 11089.6436 64033.9141
v  -70084.5313 11389.3633 64034.2578
v  -67605.6016 11689.0840 64034.5859
v  -65126.6719 11689.0840 64034.9141
v  -62647.7422 11689.0840 64035.2188
v  -60168.8125 11988.8037 64035.5156
v  -57689.8828 12288.5234 64035.8125
v  -55210.9531 12288.5234 64036.0938
v  -52732.0234 12288.5234 64036.3672
v  -50253.0938 12288.5234 64036.6328
v  -47774.1641 12288.5234 64036.8906
v  -45295.2383 11988.8037 64037.1328
v  -42816.3086 11689.0840 64037.3750
v  -40337.3789 11389.3633 64037.6016
v  -37858.4492 11389.3633 64037.8203
v  -35379.5156 11089.6436 64038.0234
v  -32900.5898 11389.3633 64038.2266
v  -30421.6602 11389.3633 64038.4219
v  -27942.7305 11689.0840 64038.6016
v  -25463.8008 11689.0840 64038.7734
v  -22984.8711 11089.6436 64038.9375
v  -20505.9414 10789.9238 64039.0938
v  -18027.0117 10190.4834 64039.2344
v  -15548.0859 10190.4834 64039.3750
v  -13069.1563 10490.2031 64039.5000
v  -10590.2246 10789.9238 64039.6172
v  -8111.2949 10789.9238 64039.7266
v  -5632.3652 10490.2031 64039.8281
v  -3153.4355 10490.2031 64039.9141
v  -674.5059 10490.2031 64040.0000
v  1804.4238 10490.2031 64040.0703
v  4283.3535 10190.4834 64040.1328
v  6762.2822 9890.7627 64040.1875
v  9241.2109 9591.0430 64040.2344
v  11720.1416 9591.0430 64040.2578
v  14199.0703 9890.7627 64040.2891
v  16678.0000 9890.7627 64040.3047
v  19156.9297 9890.7627 64040.3125
v  21635.8594 9890.7627 64040.3125
v  24114.7891 9591.0430 64040.3047
v  26593.7188 9291.3232 64040.2813
v  29072.6484 8691.8828 64040.2578
v  31551.5781 8392.1621 64040.2188
v  34030.5078 7493.0024 64040.1719
v  36509.4375 6593.8418 64040.1094
v  38988.3672 5694.6816 64040.0469
v  41467.2969 4795.5215 64039.9766
v  43946.2266 4196.0811 64039.8906
v  46425.1563 3896.3613 64039.7891
v  48904.0859 4795.5215 64039.6953
v  51383.0117 5394.9619 64039.5781
v  53861.9414 5694.6816 64039.4609
v  56340.8711 5994.4019 64039.3281
v  58819.8008 6294.1221 64039.1953
v  61298.7305 6593.8418 64039.0391
v  63777.6602 6893.5620 64038.8828
v  66256.5938 7193.2822 64038.7188
v  68735.5156 7792.7227 64038.5391
v  71214.4531 7792.7227 64038.3594
v  73693.3750 7792.7227 64038.1641
v  76172.3125 7493.0024 64037.9609
v  78651.2344 7493.0024 64037.7422
v  81130.1641 7193.2822 64037.5234
v  83609.0938 7193.2822 64037.2891
v  86088.0313 6893.5620 64037.0547
v  88566.9531 7193.2822 64036.8047
v  91045.8828 7193.2822 64036.5469
v  93524.8125 7193.2822 64036.2734
v  96003.7422 7493.0024 64036.0000
v  98482.6719 8092.4424 64035.7109
v  100961.6016 8392.1621 64035.4219
v  103440.5313 8392.1621 64035.1172
v  105919.4609 8691.8828 64034.8047
v  108398.3906 8691.8828 64034.4766
v  110877.3203 8991.6025 64034.1484
v  113356.2500 8991.6025 64033.8047
v  115835.1797 9291.3232 64033.4531
v  118314.1094 9591.0430 64033.0938
v  120793.0313 9591.0430 64032.7266
v  123271.9609 9591.0430 64032.3516
v  125750.8984 9591.0430 64031.9609
v  128229.8281 9591.0430 64031.5703
v  130708.7578 9890.7627 64031.1563
v  133187.6875 9890.7627 64030.7422
v  135666.6250 9591.0430 64030.3281
v  138145.5469 9591.0430 64029.8828
v  140624.4688 9591.0430 64029.4453
v  143103.4063 9591.0430 64029.0000
v  145582.3438 9591.0430 64028.5391
v  148061.2656 9591.0430 64028.0625
v  150540.1875 9591.0430 64027.5859
v  153019.1250 9591.0430 64027.0938
v  155498.0469 9591.0430 64026.6016
v  157976.9844 9591.0430 64026.0938
v  160455.9063 9591.0430 64025.5781
v  -117184.9844 11089.6436 67866.3984
v  -119663.9219 10789.9238 67865.8828
v  -114706.0469 11089.6436 67866.8984
v  -112227.0938 10789.9238 67867.3984
v  -109748.1484 10789.9238 67867.8828
v  -107269.2109 10789.9238 67868.3594
v  -104790.2656 10789.9238 67868.8281
v  -102311.3203 11089.6436 67869.2813
v  -99832.3750 11389.3633 67869.7266
v  -97353.4297 11389.3633 67870.1719
v  -94874.4844 11089.6436 67870.6016
v  -92395.5391 10789.9238 67871.0156
v  -89916.5938 10789.9238 67871.4375
v  -87437.6563 10789.9238 67871.8359
v  -84958.7109 11089.6436 67872.2344
v  -82479.7656 11089.6436 67872.6094
v  -80000.8203 11089.6436 67872.9922
v  -77521.8750 11089.6436 67873.3516
v  -75042.9297 11089.6436 67873.7109
v  -72563.9922 11389.3633 67874.0547
v  -70085.0547 11689.0840 67874.3906
v  -67606.1094 11689.0840 67874.7266
v  -65127.1641 11689.0840 67875.0469
v  -62648.2188 11689.0840 67875.3516
v  -60169.2734 11689.0840 67875.6563
v  -57690.3281 11689.0840 67875.9453
v  -55211.3828 11689.0840 67876.2344
v  -52732.4453 11389.3633 67876.5078
v  -50253.5000 11689.0840 67876.7734
v  -47774.5547 11689.0840 67877.0234
v  -45295.6094 11689.0840 67877.2734
v  -42816.6680 11689.0840 67877.5078
v  -40337.7227 11689.0840 67877.7344
v  -37858.7813 11689.0840 67877.9531
v  -35379.8359 11389.3633 67878.1641
v  -32900.8906 11089.6436 67878.3594
v  -30421.9492 11389.3633 67878.5547
v  -27943.0078 11389.3633 67878.7344
v  -25464.0625 11389.3633 67878.9063
v  -22985.1172 11089.6436 67879.0781
v  -20506.1719 11089.6436 67879.2266
v  -18027.2305 11389.3633 67879.3672
v  -15548.2852 11689.0840 67879.5078
v  -13069.3438 11689.0840 67879.6328
v  -10590.4004 11389.3633 67879.7578
v  -8111.4570 11089.6436 67879.8672
v  -5632.5117 10789.9238 67879.9609
v  -3153.5684 10490.2031 67880.0547
v  -674.6250 10490.2031 67880.1328
v  1804.3184 10490.2031 67880.2031
v  4283.2617 10190.4834 67880.2656
v  6762.2061 9890.7627 67880.3203
v  9241.1494 9890.7627 67880.3672
v  11720.0938 9890.7627 67880.3984
v  14199.0371 9890.7627 67880.4219
v  16677.9805 9890.7627 67880.4453
v  19156.9258 9890.7627 67880.4531
v  21635.8691 9591.0430 67880.4453
v  24114.8125 9291.3232 67880.4375
v  26593.7559 8991.6025 67880.4141
v  29072.6992 8691.8828 67880.3906
v  31551.6445 8392.1621 67880.3516
v  34030.5859 8092.4424 67880.3047
v  36509.5313 7193.2822 67880.2500
v  38988.4766 6294.1221 67880.1797
v  41467.4180 5694.6816 67880.1094
v  43946.3594 5095.2417 67880.0234
v  46425.3047 5095.2417 67879.9297
v  48904.2500 5095.2417 67879.8281
v  51383.1953 5394.9619 67879.7109
v  53862.1367 5095.2417 67879.5938
v  56341.0781 5394.9619 67879.4609
v  58820.0234 5694.6816 67879.3281
v  61298.9688 5694.6816 67879.1719
v  63777.9102 5694.6816 67879.0234
v  66256.8594 6593.8418 67878.8594
v  68735.7969 6893.5620 67878.6719
v  71214.7422 7193.2822 67878.4922
v  73693.6875 7193.2822 67878.2969
v  76172.6250 7193.2822 67878.0938
v  78651.5781 7193.2822 67877.8750
v  81130.5156 7193.2822 67877.6563
v  83609.4609 6893.5620 67877.4297
v  86088.4063 6294.1221 67877.1875
v  88567.3516 5994.4019 67876.9375
v  91046.2969 6294.1221 67876.6797
v  93525.2422 6593.8418 67876.4141
v  96004.1797 7193.2822 67876.1328
v  98483.1172 7493.0024 67875.8438
v  100962.0625 7493.0024 67875.5547
v  103441.0078 7792.7227 67875.2500
v  105919.9531 8092.4424 67874.9375
v  108398.8984 8092.4424 67874.6094
v  110877.8438 8392.1621 67874.2813
v  113356.7891 8392.1621 67873.9453
v  115835.7266 8991.6025 67873.5859
v  118314.6719 9291.3232 67873.2344
v  120793.6172 9291.3232 67872.8594
v  123272.5625 9291.3232 67872.4844
v  125751.5078 9291.3232 67872.0938
v  128230.4531 9291.3232 67871.7031
v  130709.3906 9291.3232 67871.2969
v  133188.3281 9291.3232 67870.8828
v  135667.2813 9291.3232 67870.4609
v  138146.2188 9291.3232 67870.0234
v  140625.1563 9291.3232 67869.5859
v  143104.1094 9591.0430 67869.1328
v  145583.0625 9591.0430 67868.6719
v  148062.0000 9591.0430 67868.1953
v  150540.9375 9591.0430 67867.7188
v  153019.8750 9591.0430 67867.2344
v  155498.8281 9291.3232 67866.7344
v  157977.7656 9291.3232 67866.2266
v  160456.7188 8991.6025 67865.7109
v  -117185.7500 11089.6436 71706.5313
v  -119664.7188 10789.9238 71706.0234
v  -114706.8125 11089.6436 71707.0391
v  -112227.8594 10789.9238 71707.5391
v  -109748.8906 10789.9238 71708.0234
v  -107269.9375 10789.9238 71708.5000
v  -104790.9766 10789.9238 71708.9609
v  -102312.0156 11089.6436 71709.4141
v  -99833.0547 11089.6436 71709.8672
v  -97354.1016 11089.6436 71710.3047
v  -94875.1484 10789.9238 71710.7344
v  -92396.1875 10789.9238 71711.1563
v  -89917.2266 10789.9238 71711.5703
v  -87438.2656 11089.6436 71711.9688
v  -84959.3125 11389.3633 71712.3672
v  -82480.3594 11389.3633 71712.7500
v  -80001.3984 11389.3633 71713.1250
v  -77522.4375 11389.3633 71713.4844
v  -75043.4766 11689.0840 71713.8438
v  -72564.5234 11988.8037 71714.1875
v  -70085.5703 11988.8037 71714.5313
v  -67606.6094 12288.5234 71714.8594
v  -65127.6484 12288.5234 71715.1797
v  -62648.6875 12288.5234 71715.4844
v  -60169.7344 11988.8037 71715.7891
v  -57690.7734 11988.8037 71716.0859
v  -55211.8203 11389.3633 71716.3672
v  -52732.8594 11389.3633 71716.6406
v  -50253.8984 11389.3633 71716.9063
v  -47774.9453 11689.0840 71717.1641
v  -45295.9883 11988.8037 71717.4063
v  -42817.0273 11988.8037 71717.6406
v  -40338.0703 11988.8037 71717.8672
v  -37859.1133 11988.8037 71718.0859
v  -35380.1523 11988.8037 71718.2969
v  -32901.1953 11689.0840 71718.4922
v  -30422.2383 11389.3633 71718.6953
v  -27943.2813 11389.3633 71718.8750
v  -25464.3242 11389.3633 71719.0391
v  -22985.3633 11389.3633 71719.2109
v  -20506.4063 11689.0840 71719.3594
v  -18027.4492 11988.8037 71719.5078
v  -15548.4883 12288.5234 71719.6484
v  -13069.5352 12588.2441 71719.7656
v  -10590.5742 11988.8037 71719.8906
v  -8111.6172 11389.3633 71720.0000
v  -5632.6602 10789.9238 71720.0938
v  -3153.7012 10490.2031 71720.1875
v  -674.7422 10490.2031 71720.2656
v  1804.2148 10490.2031 71720.3359
v  4283.1719 10490.2031 71720.4063
v  6762.1309 10190.4834 71720.4609
v  9241.0879 10190.4834 71720.5078
v  11720.0469 10190.4834 71720.5313
v  14199.0039 10190.4834 71720.5625
v  16677.9629 10190.4834 71720.5781
v  19156.9199 9890.7627 71720.5859
v  21635.8789 9591.0430 71720.5859
v  24114.8359 9291.3232 71720.5703
v  26593.7930 8691.8828 71720.5547
v  29072.7520 8691.8828 71720.5234
v  31551.7109 8392.1621 71720.4922
v  34030.6680 8392.1621 71720.4453
v  36509.6250 7493.0024 71720.3828
v  38988.5859 6294.1221 71720.3125
v  41467.5391 5694.6816 71720.2422
v  43946.5000 5095.2417 71720.1563
v  46425.4570 4795.5215 71720.0625
v  48904.4141 4495.8013 71719.9688
v  51383.3750 4196.0811 71719.8516
v  53862.3320 4196.0811 71719.7344
v  56341.2891 4495.8013 71719.6016
v  58820.2461 4795.5215 71719.4609
v  61299.2070 5095.2417 71719.3125
v  63778.1602 5394.9619 71719.1563
v  66257.1250 5694.6816 71718.9922
v  68736.0781 6294.1221 71718.8125
v  71215.0313 6294.1221 71718.6250
v  73694.0000 6294.1221 71718.4375
v  76172.9531 6593.8418 71718.2344
v  78651.9063 6593.8418 71718.0156
v  81130.8672 6593.8418 71717.7969
v  83609.8281 6593.8418 71717.5625
v  86088.7891 5994.4019 71717.3203
v  88567.7422 5994.4019 71717.0703
v  91046.6953 5994.4019 71716.8125
v  93525.6563 6294.1221 71716.5469
v  96004.6172 6893.5620 71716.2734
v  98483.5781 6893.5620 71715.9844
v  100962.5313 7193.2822 71715.6875
v  103441.4844 7193.2822 71715.3906
v  105920.4453 7193.2822 71715.0703
v  108399.4063 7193.2822 71714.7500
v  110878.3672 7493.0024 71714.4141
v  113357.3203 7792.7227 71714.0781
v  115836.2734 8092.4424 71713.7266
v  118315.2344 8691.8828 71713.3672
v  120794.1953 8991.6025 71713.0000
v  123273.1563 8991.6025 71712.6250
v  125752.1094 8991.6025 71712.2344
v  128231.0625 8991.6025 71711.8359
v  130710.0234 8991.6025 71711.4297
v  133188.9844 8991.6025 71711.0156
v  135667.9375 8991.6025 71710.5938
v  138146.9063 8991.6025 71710.1563
v  140625.8438 9291.3232 71709.7188
v  143104.8125 9291.3232 71709.2656
v  145583.7813 9591.0430 71708.8125
v  148062.7344 9591.0430 71708.3359
v  150541.6875 9890.7627 71707.8516
v  153020.6563 9890.7627 71707.3672
v  155499.6094 9591.0430 71706.8672
v  157978.5781 9291.3232 71706.3672
v  160457.5156 8991.6025 71705.8516
v  -117186.5469 10789.9238 75546.6719
v  -119665.5156 10789.9238 75546.1563
v  -114707.5938 10789.9238 75547.1719
v  -112228.6094 10789.9238 75547.6719
v  -109749.6406 10789.9238 75548.1563
v  -107270.6641 10789.9238 75548.6328
v  -104791.6875 10789.9238 75549.0938
v  -102312.7188 10789.9238 75549.5547
v  -99833.7500 10789.9238 75550.0000
v  -97354.7734 10789.9238 75550.4453
v  -94875.8047 10789.9238 75550.8750
v  -92396.8281 11089.6436 75551.2891
v  -89917.8594 11389.3633 75551.7031
v  -87438.8906 11389.3633 75552.1016
v  -84959.9141 11389.3633 75552.5000
v  -82480.9375 11389.3633 75552.8828
v  -80001.9766 11389.3633 75553.2578
v  -77523.0000 11689.0840 75553.6250
v  -75044.0234 11988.8037 75553.9844
v  -72565.0547 11988.8037 75554.3203
v  -70086.0859 11988.8037 75554.6641
v  -67607.1094 12288.5234 75554.9922
v  -65128.1406 12288.5234 75555.3125
v  -62649.1641 12288.5234 75555.6250
v  -60170.1875 12288.5234 75555.9219
v  -57691.2266 11988.8037 75556.2188
v  -55212.2500 11988.8037 75556.5000
v  -52733.2734 11689.0840 75556.7734
v  -50254.2969 11689.0840 75557.0391
v  -47775.3359 11988.8037 75557.2969
v  -45296.3594 11988.8037 75557.5391
v  -42817.3867 11988.8037 75557.7813
v  -40338.4180 11988.8037 75558.0078
v  -37859.4414 11988.8037 75558.2266
v  -35380.4727 11988.8037 75558.4297
v  -32901.4961 11988.8037 75558.6328
v  -30422.5273 11988.8037 75558.8281
v  -27943.5547 11988.8037 75559.0078
v  -25464.5820 11689.0840 75559.1797
v  -22985.6094 11988.8037 75559.3438
v  -20506.6406 12288.5234 75559.5000
v  -18027.6641 12288.5234 75559.6406
v  -15548.6953 12588.2441 75559.7813
v  -13069.7227 12288.5234 75559.9063
v  -10590.7520 11689.0840 75560.0234
v  -8111.7793 11389.3633 75560.1406
v  -5632.8066 11089.6436 75560.2344
v  -3153.8340 10789.9238 75560.3281
v  -674.8613 10789.9238 75560.4063
v  1804.1113 10789.9238 75560.4766
v  4283.0820 10490.2031 75560.5391
v  6762.0547 10190.4834 75560.5938
v  9241.0264 10190.4834 75560.6406
v  11719.9990 10190.4834 75560.6719
v  14198.9707 10190.4834 75560.6953
v  16677.9434 10190.4834 75560.7109
v  19156.9160 10190.4834 75560.7188
v  21635.8867 9890.7627 75560.7188
v  24114.8594 9291.3232 75560.7109
v  26593.8320 8691.8828 75560.6875
v  29072.8047 8691.8828 75560.6563
v  31551.7773 8691.8828 75560.6250
v  34030.7500 8392.1621 75560.5781
v  36509.7188 7792.7227 75560.5156
v  38988.6953 6893.5620 75560.4531
v  41467.6641 5994.4019 75560.3828
v  43946.6367 5394.9619 75560.2969
v  46425.6094 4795.5215 75560.1953
v  48904.5820 4196.0811 75560.1016
v  51383.5547 3596.6411 75559.9844
v  53862.5234 3596.6411 75559.8672
v  56341.4961 3896.3613 75559.7344
v  58820.4688 4795.5215 75559.6016
v  61299.4414 5095.2417 75559.4453
v  63778.4141 5394.9619 75559.2891
v  66257.3906 5694.6816 75559.1250
v  68736.3594 5994.4019 75558.9453
v  71215.3281 5994.4019 75558.7656
v  73694.3047 6294.1221 75558.5703
v  76173.2734 6593.8418 75558.3672
v  78652.2500 6593.8418 75558.1484
v  81131.2188 6593.8418 75557.9297
v  83610.1875 6593.8418 75557.6953
v  86089.1641 6294.1221 75557.4609
v  88568.1328 6294.1221 75557.2109
v  91047.1094 6294.1221 75556.9531
v  93526.0781 6294.1221 75556.6797
v  96005.0547 6294.1221 75556.4063
v  98484.0234 6294.1221 75556.1172
v  100963.0000 6294.1221 75555.8203
v  103441.9688 6294.1221 75555.5234
v  105920.9375 6294.1221 75555.2109
v  108399.9141 6593.8418 75554.8828
v  110878.8906 6893.5620 75554.5469
v  113357.8516 7193.2822 75554.2109
v  115836.8281 7493.0024 75553.8594
v  118315.8047 8092.4424 75553.5078
v  120794.7734 8691.8828 75553.1328
v  123273.7422 8691.8828 75552.7578
v  125752.7188 8691.8828 75552.3672
v  128231.6875 8691.8828 75551.9766
v  130710.6641 8991.6025 75551.5625
v  133189.6250 8991.6025 75551.1563
v  135668.5938 8991.6025 75550.7344
v  138147.5781 8991.6025 75550.2969
v  140626.5625 9291.3232 75549.8516
v  143105.5156 9291.3232 75549.4063
v  145584.5000 9591.0430 75548.9453
v  148063.4688 9591.0430 75548.4688
v  150542.4375 9890.7627 75547.9922
v  153021.4063 9890.7627 75547.5000
v  155500.3906 9591.0430 75547.0078
v  157979.3594 9291.3232 75546.5000
v  160458.3281 8991.6025 75545.9844
v  -117187.3281 10789.9238 79386.8047
v  -119666.3281 10789.9238 79386.2891
v  -114708.3594 10789.9238 79387.3047
v  -112229.3750 10789.9238 79387.8125
v  -109750.3828 11089.6436 79388.2969
v  -107271.3906 10789.9238 79388.7656
v  -104792.4063 10789.9238 79389.2344
v  -102313.4219 10789.9238 79389.6875
v  -99834.4375 10789.9238 79390.1328
v  -97355.4453 10789.9238 79390.5781
v  -94876.4609 11089.6436 79391.0078
v  -92397.4766 11389.3633 79391.4219
v  -89918.4844 11689.0840 79391.8438
v  -87439.5000 11689.0840 79392.2422
v  -84960.5156 11689.0840 79392.6406
v  -82481.5313 11389.3633 79393.0156
v  -80002.5391 11089.6436 79393.3984
v  -77523.5625 11089.6436 79393.7578
v  -75044.5703 11389.3633 79394.1172
v  -72565.5859 11689.0840 79394.4609
v  -70086.5938 11988.8037 79394.7969
v  -67607.6172 11988.8037 79395.1328
v  -65128.6250 11988.8037 79395.4453
v  -62649.6328 11988.8037 79395.7578
v  -60170.6563 11988.8037 79396.0625
v  -57691.6641 11988.8037 79396.3516
v  -55212.6797 11988.8037 79396.6406
v  -52733.6953 11689.0840 79396.9141
v  -50254.7109 11988.8037 79397.1797
v  -47775.7188 11988.8037 79397.4297
v  -45296.7383 12288.5234 79397.6797
v  -42817.7500 11988.8037 79397.9141
v  -40338.7617 11988.8037 79398.1406
v  -37859.7773 11689.0840 79398.3594
v  -35380.7891 11988.8037 79398.5703
v  -32901.8047 12288.5234 79398.7656
v  -30422.8164 12288.5234 79398.9609
v  -27943.8281 12288.5234 79399.1406
v  -25464.8438 12288.5234 79399.3125
v  -22985.8555 12288.5234 79399.4844
v  -20506.8711 12288.5234 79399.6328
v  -18027.8867 12288.5234 79399.7734
v  -15548.8984 11988.8037 79399.9141
v  -13069.9141 11689.0840 79400.0391
v  -10590.9258 11089.6436 79400.1641
v  -8111.9395 10789.9238 79400.2734
v  -5632.9531 10789.9238 79400.3672
v  -3153.9648 10789.9238 79400.4609
v  -674.9805 11089.6436 79400.5391
v  1804.0059 10789.9238 79400.6094
v  4282.9922 10490.2031 79400.6719
v  6761.9795 10190.4834 79400.7266
v  9240.9648 10190.4834 79400.7734
v  11719.9521 10190.4834 79400.8047
v  14198.9375 10190.4834 79400.8281
v  16677.9238 10490.2031 79400.8516
v  19156.9102 10190.4834 79400.8594
v  21635.8965 10190.4834 79400.8516
v  24114.8828 9591.0430 79400.8438
v  26593.8711 8991.6025 79400.8203
v  29072.8555 8392.1621 79400.7969
v  31551.8418 8392.1621 79400.7656
v  34030.8281 8392.1621 79400.7109
v  36509.8125 8092.4424 79400.6563
v  38988.8008 7792.7227 79400.5859
v  41467.7891 6893.5620 79400.5156
v  43946.7734 6294.1221 79400.4297
v  46425.7578 5694.6816 79400.3359
v  48904.7461 4495.8013 79400.2344
v  51383.7344 3296.9209 79400.1250
v  53862.7188 2397.7607 79400.0078
v  56341.7031 2997.2009 79399.8672
v  58820.6914 4196.0811 79399.7344
v  61299.6797 4495.8013 79399.5781
v  63778.6680 4495.8013 79399.4297
v  66257.6563 4795.5215 79399.2656
v  68736.6406 5095.2417 79399.0781
v  71215.6250 5694.6816 79398.8984
v  73694.6094 6294.1221 79398.7031
v  76173.5938 6593.8418 79398.5000
v  78652.5781 6593.8418 79398.2891
v  81131.5625 6294.1221 79398.0625
v  83610.5547 6294.1221 79397.8359
v  86089.5469 6294.1221 79397.5938
v  88568.5234 6593.8418 79397.3438
v  91047.5156 6294.1221 79397.0859
v  93526.5000 5994.4019 79396.8203
v  96005.4844 5994.4019 79396.5391
v  98484.4766 5694.6816 79396.2578
v  100963.4609 5694.6816 79395.9609
v  103442.4453 5694.6816 79395.6563
v  105921.4297 5694.6816 79395.3438
v  108400.4219 5994.4019 79395.0156
v  110879.4063 6294.1221 79394.6875
v  113358.3906 6593.8418 79394.3516
v  115837.3750 7193.2822 79393.9922
v  118316.3672 7493.0024 79393.6406
v  120795.3516 8092.4424 79393.2656
v  123274.3359 8092.4424 79392.8906
v  125753.3281 8092.4424 79392.5000
v  128232.3047 8392.1621 79392.1094
v  130711.2969 8691.8828 79391.7031
v  133190.2813 8691.8828 79391.2891
v  135669.2813 8691.8828 79390.8672
v  138148.2500 8991.6025 79390.4297
v  140627.2500 8991.6025 79389.9922
v  143106.2344 8991.6025 79389.5391
v  145585.2188 8991.6025 79389.0781
v  148064.2031 9291.3232 79388.6016
v  150543.1875 9291.3232 79388.1250
v  153022.1719 9291.3232 79387.6406
v  155501.1563 9291.3232 79387.1406
v  157980.1406 9291.3232 79386.6328
v  160459.1406 8991.6025 79386.1172
v  -117188.1250 10789.9238 83226.9375
v  -119667.1250 11089.6436 83226.4297
v  -114709.1250 10789.9238 83227.4453
v  -112230.1250 11089.6436 83227.9453
v  -109751.1250 11089.6436 83228.4297
v  -107272.1172 11089.6436 83228.9063
v  -104793.1172 10789.9238 83229.3672
v  -102314.1250 10789.9238 83229.8281
v  -99835.1172 10789.9238 83230.2734
v  -97356.1250 11089.6436 83230.7188
v  -94877.1250 11089.6436 83231.1406
v  -92398.1172 11389.3633 83231.5625
v  -89919.1250 11689.0840 83231.9766
v  -87440.1172 11689.0840 83232.3750
v  -84961.1172 11389.3633 83232.7734
v  -82482.1172 11089.6436 83233.1563
v  -80003.1172 10789.9238 83233.5313
v  -77524.1172 10789.9238 83233.8906
v  -75045.1172 10789.9238 83234.2500
v  -72566.1172 11089.6436 83234.5938
v  -70087.1094 11689.0840 83234.9375
v  -67608.1172 11988.8037 83235.2656
v  -65129.1094 11689.0840 83235.5781
v  -62650.1172 11689.0840 83235.8906
v  -60171.1172 11689.0840 83236.1953
v  -57692.1094 11689.0840 83236.4922
v  -55213.1172 11689.0840 83236.7734
v  -52734.1094 11689.0840 83237.0469
v  -50255.1094 11988.8037 83237.3125
v  -47776.1094 12288.5234 83237.5703
v  -45297.1094 12288.5234 83237.8125
v  -42818.1094 12288.5234 83238.0547
v  -40339.1055 11988.8037 83238.2813
v  -37860.1055 11988.8037 83238.4922
v  -35381.1055 11988.8037 83238.7031
v  -32902.1094 12288.5234 83238.9063
v  -30423.1055 12288.5234 83239.1016
v  -27944.1055 12588.2441 83239.2813
v  -25465.1055 12288.5234 83239.4531
v  -22986.1016 11988.8037 83239.6172
v  -20507.1016 11988.8037 83239.7734
v  -18028.1016 11689.0840 83239.9141
v  -15549.1055 11389.3633 83240.0547
v  -13070.1016 11089.6436 83240.1719
v  -10591.1016 10789.9238 83240.2969
v  -8112.0996 11089.6436 83240.4063
v  -5633.0996 11089.6436 83240.5000
v  -3154.0977 11389.3633 83240.5938
v  -675.0996 11389.3633 83240.6719
v  1803.9023 11089.6436 83240.7500
v  4282.9023 10789.9238 83240.8125
v  6761.9033 10490.2031 83240.8672
v  9240.9033 10190.4834 83240.9141
v  11719.9043 10190.4834 83240.9375
v  14198.9043 10190.4834 83240.9688
v  16677.9063 10190.4834 83240.9844
v  19156.9063 10190.4834 83240.9922
v  21635.9063 9890.7627 83240.9922
v  24114.9063 9291.3232 83240.9766
v  26593.9082 8691.8828 83240.9609
v  29072.9082 8392.1621 83240.9297
v  31551.9082 8092.4424 83240.8984
v  34030.9102 8092.4424 83240.8516
v  36509.9102 8092.4424 83240.7891
v  38988.9102 8092.4424 83240.7188
v  41467.9102 7493.0024 83240.6563
v  43946.9141 6593.8418 83240.5625
v  46425.9141 5994.4019 83240.4688
v  48904.9141 5394.9619 83240.3750
v  51383.9141 4495.8013 83240.2578
v  53862.9141 2997.2009 83240.1406
v  56341.9141 2997.2009 83240.0078
v  58820.9141 3896.3613 83239.8672
v  61299.9141 3896.3613 83239.7188
v  63778.9180 3896.3613 83239.5625
v  66257.9219 3896.3613 83239.3984
v  68736.9219 4495.8013 83239.2188
v  71215.9219 4795.5215 83239.0313
v  73694.9219 5394.9619 83238.8438
v  76173.9219 5994.4019 83238.6328
v  78652.9219 6294.1221 83238.4219
v  81131.9219 5994.4019 83238.2031
v  83610.9219 5994.4019 83237.9688
v  86089.9219 5994.4019 83237.7266
v  88568.9219 6294.1221 83237.4844
v  91047.9219 5994.4019 83237.2188
v  93526.9219 5694.6816 83236.9531
v  96005.9297 5394.9619 83236.6797
v  98484.9219 5394.9619 83236.3906
v  100963.9219 5095.2417 83236.0938
v  103442.9297 5394.9619 83235.7969
v  105921.9219 5394.9619 83235.4766
v  108400.9297 5394.9619 83235.1563
v  110879.9297 5994.4019 83234.8203
v  113358.9297 6294.1221 83234.4844
v  115837.9297 6593.8418 83234.1328
v  118316.9219 6893.5620 83233.7734
v  120795.9297 7193.2822 83233.4063
v  123274.9297 7493.0024 83233.0313
v  125753.9297 7792.7227 83232.6406
v  128232.9297 7792.7227 83232.2500
v  130711.9375 8092.4424 83231.8359
v  133190.9375 8092.4424 83231.4219
v  135669.9375 8392.1621 83231.0000
v  138148.9375 8392.1621 83230.5625
v  140627.9375 8392.1621 83230.1250
v  143106.9375 8392.1621 83229.6719
v  145585.9375 8392.1621 83229.2188
v  148064.9375 8691.8828 83228.7422
v  150543.9375 8691.8828 83228.2656
v  153022.9375 8691.8828 83227.7734
v  155501.9375 8691.8828 83227.2813
v  157980.9375 8691.8828 83226.7734
v  160459.9375 8691.8828 83226.2578
v  -117188.9063 11089.6436 87067.0781
v  -119667.9375 11089.6436 87066.5625
v  -114709.8906 11089.6436 87067.5781
v  -112230.8906 11089.6436 87068.0781
v  -109751.8672 11089.6436 87068.5625
v  -107272.8438 11089.6436 87069.0391
v  -104793.8438 10789.9238 87069.5078
v  -102314.8203 10490.2031 87069.9609
v  -99835.8047 10789.9238 87070.4063
v  -97356.7969 10789.9238 87070.8516
v  -94877.7734 11089.6436 87071.2813
v  -92398.7656 11389.3633 87071.6953
v  -89919.7500 11389.3633 87072.1094
v  -87440.7422 11089.6436 87072.5156
v  -84961.7188 10789.9238 87072.9063
v  -82482.7031 10789.9238 87073.2891
v  -80003.6953 10789.9238 87073.6719
v  -77524.6719 10490.2031 87074.0313
v  -75045.6641 10490.2031 87074.3906
v  -72566.6484 10789.9238 87074.7344
v  -70087.6250 11389.3633 87075.0703
v  -67608.6172 11689.0840 87075.4063
v  -65129.6016 11689.0840 87075.7188
v  -62650.5859 11389.3633 87076.0313
v  -60171.5703 11089.6436 87076.3281
v  -57692.5547 11389.3633 87076.6250
v  -55213.5469 11689.0840 87076.9063
v  -52734.5234 11988.8037 87077.1797
v  -50255.5156 11988.8037 87077.4453
v  -47776.5000 11988.8037 87077.7031
v  -45297.4805 12288.5234 87077.9531
v  -42818.4688 12288.5234 87078.1875
v  -40339.4531 12288.5234 87078.4141
v  -37860.4414 12288.5234 87078.6328
v  -35381.4219 12288.5234 87078.8359
v  -32902.4102 12288.5234 87079.0391
v  -30423.3945 12288.5234 87079.2344
v  -27944.3789 11988.8037 87079.4141
v  -25465.3672 11689.0840 87079.5859
v  -22986.3516 11389.3633 87079.7578
v  -20507.3359 11389.3633 87079.9063
v  -18028.3203 11089.6436 87080.0469
v  -15549.3047 11089.6436 87080.1875
v  -13070.2930 10789.9238 87080.3125
v  -10591.2754 10789.9238 87080.4297
v  -8112.2617 11089.6436 87080.5469
v  -5633.2480 11389.3633 87080.6406
v  -3154.2324 11689.0840 87080.7344
v  -675.2168 11389.3633 87080.8047
v  1803.7969 11389.3633 87080.8828
v  4282.8125 11089.6436 87080.9453
v  6761.8271 10789.9238 87081.0000
v  9240.8418 10490.2031 87081.0469
v  11719.8574 10190.4834 87081.0781
v  14198.8711 10190.4834 87081.1016
v  16677.8867 9890.7627 87081.1172
v  19156.9004 9890.7627 87081.1250
v  21635.9160 9291.3232 87081.1250
v  24114.9297 8991.6025 87081.1172
v  26593.9453 8691.8828 87081.0938
v  29072.9609 8392.1621 87081.0625
v  31551.9746 8092.4424 87081.0313
v  34030.9922 8092.4424 87080.9844
v  36510.0039 8392.1621 87080.9297
v  38989.0195 8392.1621 87080.8594
v  41468.0352 8092.4424 87080.7891
v  43947.0469 7493.0024 87080.7031
v  46426.0625 6893.5620 87080.6094
v  48905.0781 5694.6816 87080.5078
v  51384.0938 4495.8013 87080.3906
v  53863.1094 3596.6411 87080.2734
v  56342.1211 2997.2009 87080.1406
v  58821.1367 2997.2009 87080.0078
v  61300.1523 3296.9209 87079.8516
v  63779.1680 2997.2009 87079.6953
v  66258.1875 3296.9209 87079.5313
v  68737.1953 3596.6411 87079.3516
v  71216.2109 3896.3613 87079.1719
v  73695.2266 4495.8013 87078.9766
v  76174.2344 4795.5215 87078.7734
v  78653.2578 5095.2417 87078.5547
v  81132.2734 5095.2417 87078.3359
v  83611.2891 5095.2417 87078.1094
v  86090.3047 5095.2417 87077.8672
v  88569.3125 5095.2417 87077.6172
v  91048.3281 5394.9619 87077.3594
v  93527.3438 5095.2417 87077.0938
v  96006.3594 5095.2417 87076.8125
v  98485.3750 5095.2417 87076.5234
v  100964.3906 5394.9619 87076.2266
v  103443.4063 5095.2417 87075.9297
v  105922.4141 5095.2417 87075.6172
v  108401.4375 5095.2417 87075.2891
v  110880.4453 5394.9619 87074.9531
v  113359.4609 5694.6816 87074.6172
v  115838.4844 5994.4019 87074.2656
v  118317.4922 6294.1221 87073.9141
v  120796.5078 6593.8418 87073.5391
v  123275.5156 7493.0024 87073.1641
v  125754.5391 7792.7227 87072.7734
v  128233.5547 7792.7227 87072.3828
v  130712.5625 7792.7227 87071.9688
v  133191.5938 7792.7227 87071.5625
v  135670.5938 7792.7227 87071.1328
v  138149.6094 7792.7227 87070.7031
v  140628.6250 7792.7227 87070.2578
v  143107.6406 8092.4424 87069.8125
v  145586.6563 8092.4424 87069.3516
v  148065.6719 8392.1621 87068.8750
v  150544.6875 8691.8828 87068.3984
v  153023.7031 8392.1621 87067.9141
v  155502.7188 8392.1621 87067.4141
v  157981.7188 8392.1621 87066.9063
v  160460.7500 8392.1621 87066.3906
v  -117189.7031 10789.9238 90907.2109
v  -119668.7344 10789.9238 90906.6953
v  -114710.6563 11089.6436 90907.7109
v  -112231.6406 11089.6436 90908.2188
v  -109752.6094 11089.6436 90908.7031
v  -107273.5859 11089.6436 90909.1719
v  -104794.5547 10789.9238 90909.6406
v  -102315.5234 10789.9238 90910.0938
v  -99836.5000 10789.9238 90910.5391
v  -97357.4688 10789.9238 90910.9844
v  -94878.4375 11089.6436 90911.4141
v  -92399.4063 11089.6436 90911.8359
v  -89920.3828 11089.6436 90912.2500
v  -87441.3516 10789.9238 90912.6484
v  -84962.3281 10789.9238 90913.0469
v  -82483.2891 10789.9238 90913.4219
v  -80004.2656 10789.9238 90913.8047
v  -77525.2344 10490.2031 90914.1641
v  -75046.2031 10490.2031 90914.5234
v  -72567.1797 10490.2031 90914.8672
v  -70088.1484 11089.6436 90915.2109
v  -67609.1172 11389.3633 90915.5391
v  -65130.0859 11389.3633 90915.8516
v  -62651.0625 11089.6436 90916.1641
v  -60172.0313 11089.6436 90916.4688
v  -57693.0078 11089.6436 90916.7578
v  -55213.9688 11389.3633 90917.0469
v  -52734.9453 11689.0840 90917.3203
v  -50255.9141 11988.8037 90917.5859
v  -47776.8906 12288.5234 90917.8359
v  -45297.8594 12288.5234 90918.0859
v  -42818.8281 12288.5234 90918.3203
v  -40339.8008 12288.5234 90918.5469
v  -37860.7695 12288.5234 90918.7656
v  -35381.7422 12288.5234 90918.9766
v  -32902.7148 12288.5234 90919.1719
v  -30423.6836 11988.8037 90919.3750
v  -27944.6563 11389.3633 90919.5547
v  -25465.6289 11089.6436 90919.7188
v  -22986.5977 10789.9238 90919.8906
v  -20507.5703 10789.9238 90920.0391
v  -18028.5352 10789.9238 90920.1797
v  -15549.5078 10789.9238 90920.3203
v  -13070.4805 10490.2031 90920.4453
v  -10591.4531 10490.2031 90920.5703
v  -8112.4219 11089.6436 90920.6797
v  -5633.3926 11389.3633 90920.7734
v  -3154.3652 11389.3633 90920.8672
v  -675.3359 11689.0840 90920.9453
v  1803.6934 11389.3633 90921.0156
v  4282.7217 11089.6436 90921.0859
v  6761.7520 10789.9238 90921.1406
v  9240.7803 10490.2031 90921.1797
v  11719.8096 10190.4834 90921.2109
v  14198.8379 10190.4834 90921.2422
v  16677.8672 9890.7627 90921.2578
v  19156.8965 9591.0430 90921.2656
v  21635.9258 9591.0430 90921.2656
v  24114.9551 9291.3232 90921.2500
v  26593.9844 9291.3232 90921.2344
v  29073.0117 8991.6025 90921.2031
v  31552.0410 8991.6025 90921.1719
v  34031.0703 8991.6025 90921.1172
v  36510.1016 8691.8828 90921.0625
v  38989.1289 8691.8828 90920.9922
v  41468.1563 8392.1621 90920.9219
v  43947.1875 7792.7227 90920.8359
v  46426.2148 6893.5620 90920.7422
v  48905.2422 5994.4019 90920.6406
v  51384.2734 4795.5215 90920.5313
v  53863.3008 3596.6411 90920.4141
v  56342.3281 2997.2009 90920.2813
v  58821.3594 2397.7607 90920.1406
v  61300.3906 2098.0405 90919.9922
v  63779.4219 2098.0405 90919.8359
v  66258.4531 2397.7607 90919.6641
v  68737.4766 2397.7607 90919.4922
v  71216.5078 2697.4810 90919.3047
v  73695.5313 2697.4810 90919.1172
v  76174.5625 2997.2009 90918.9063
v  78653.5938 3296.9209 90918.6953
v  81132.6250 3596.6411 90918.4688
v  83611.6563 3596.6411 90918.2422
v  86090.6797 3896.3613 90918.0000
v  88569.7109 4196.0811 90917.7500
v  91048.7344 4495.8013 90917.4922
v  93527.7656 4795.5215 90917.2266
v  96006.7969 5694.6816 90916.9453
v  98485.8281 6294.1221 90916.6641
v  100964.8516 5994.4019 90916.3672
v  103443.8828 5394.9619 90916.0625
v  105922.9063 5095.2417 90915.7500
v  108401.9453 5095.2417 90915.4297
v  110880.9688 5095.2417 90915.0938
v  113360.0000 5095.2417 90914.7578
v  115839.0234 5394.9619 90914.4063
v  118318.0547 5394.9619 90914.0469
v  120797.0859 5994.4019 90913.6719
v  123276.1172 6593.8418 90913.3047
v  125755.1484 7493.0024 90912.9141
v  128234.1719 7792.7227 90912.5156
v  130713.2031 7792.7227 90912.1094
v  133192.2188 7493.0024 90911.6953
v  135671.2656 7193.2822 90911.2656
v  138150.2813 7193.2822 90910.8359
v  140629.3125 7493.0024 90910.3984
v  143108.3438 7792.7227 90909.9453
v  145587.3750 7792.7227 90909.4844
v  148066.4063 8092.4424 90909.0078
v  150545.4375 8092.4424 90908.5313
v  153024.4531 8092.4424 90908.0469
v  155503.4844 8092.4424 90907.5469
v  157982.5313 8092.4424 90907.0469
v  160461.5469 8092.4424 90906.5234
v  -117190.4844 10789.9238 94747.3438
v  -119669.5156 10490.2031 94746.8359
v  -114711.4375 10789.9238 94747.8516
v  -112232.4063 11089.6436 94748.3516
v  -109753.3516 11089.6436 94748.8359
v  -107274.3125 11089.6436 94749.3125
v  -104795.2656 10789.9238 94749.7734
v  -102316.2266 10789.9238 94750.2344
v  -99837.1797 10789.9238 94750.6797
v  -97358.1406 10789.9238 94751.1250
v  -94879.0938 10789.9238 94751.5469
v  -92400.0547 10789.9238 94751.9688
v  -89921.0078 10789.9238 94752.3828
v  -87441.9688 10490.2031 94752.7813
v  -84962.9219 10490.2031 94753.1797
v  -82483.8828 10490.2031 94753.5625
v  -80004.8359 10490.2031 94753.9375
v  -77525.7969 10490.2031 94754.2969
v  -75046.7500 10490.2031 94754.6641
v  -72567.7109 10490.2031 94755.0000
v  -70088.6641 10789.9238 94755.3438
v  -67609.6250 11089.6436 94755.6719
v  -65130.5781 11089.6436 94755.9922
v  -62651.5391 10789.9238 94756.2969
v  -60172.4844 10490.2031 94756.6016
v  -57693.4453 10789.9238 94756.8984
v  -55214.4063 11389.3633 94757.1797
v  -52735.3594 11689.0840 94757.4531
v  -50256.3203 11988.8037 94757.7188
v  -47777.2734 12288.5234 94757.9766
v  -45298.2305 12588.2441 94758.2188
v  -42819.1875 12588.2441 94758.4609
v  -40340.1445 12588.2441 94758.6875
v  -37861.1016 12288.5234 94758.9063
v  -35382.0586 12288.5234 94759.1094
v  -32903.0156 12288.5234 94759.3125
v  -30423.9727 11988.8037 94759.5078
v  -27944.9297 11689.0840 94759.6875
v  -25465.8867 11089.6436 94759.8594
v  -22986.8438 11089.6436 94760.0234
v  -20507.8008 11089.6436 94760.1797
v  -18028.7578 10789.9238 94760.3203
v  -15549.7148 10789.9238 94760.4609
v  -13070.6719 10490.2031 94760.5859
v  -10591.6270 10490.2031 94760.7031
v  -8112.5840 10490.2031 94760.8125
v  -5633.5410 10789.9238 94760.9141
v  -3154.4980 11389.3633 94761.0000
v  -675.4531 11389.3633 94761.0781
v  1803.5898 11089.6436 94761.1563
v  4282.6318 10789.9238 94761.2188
v  6761.6758 10490.2031 94761.2734
v  9240.7188 10490.2031 94761.3203
v  11719.7627 10490.2031 94761.3438
v  14198.8047 10190.4834 94761.3750
v  16677.8477 9890.7627 94761.3906
v  19156.8926 9890.7627 94761.3984
v  21635.9355 9890.7627 94761.3984
v  24114.9785 9890.7627 94761.3906
v  26594.0215 9890.7627 94761.3672
v  29073.0645 9890.7627 94761.3359
v  31552.1074 9591.0430 94761.3047
v  34031.1523 9591.0430 94761.2578
v  36510.1953 8991.6025 94761.1953
v  38989.2344 8691.8828 94761.1328
v  41468.2813 8392.1621 94761.0625
v  43947.3242 7493.0024 94760.9766
v  46426.3672 7193.2822 94760.8750
v  48905.4102 6593.8418 94760.7813
v  51384.4531 5994.4019 94760.6641
v  53863.4961 5095.2417 94760.5469
v  56342.5391 3896.3613 94760.4141
v  58821.5859 2997.2009 94760.2813
v  61300.6289 2397.7607 94760.1250
v  63779.6719 1798.3206 94759.9688
v  66258.7188 1498.6005 94759.8047
v  68737.7578 1498.6005 94759.6250
v  71216.7969 1198.8804 94759.4453
v  73695.8438 1498.6005 94759.2500
v  76174.8828 1498.6005 94759.0391
v  78653.9297 1798.3206 94758.8281
v  81132.9688 2098.0405 94758.6094
v  83612.0156 2397.7607 94758.3750
v  86091.0625 2997.2009 94758.1406
v  88570.1016 3296.9209 94757.8906
v  91049.1484 3896.3613 94757.6328
v  93528.1875 4795.5215 94757.3594
v  96007.2344 5994.4019 94757.0859
v  98486.2734 6893.5620 94756.7969
v  100965.3125 6893.5620 94756.5000
v  103444.3594 5994.4019 94756.2031
v  105923.3984 5095.2417 94755.8828
v  108402.4453 4495.8013 94755.5625
v  110881.4922 4495.8013 94755.2266
v  113360.5391 4495.8013 94754.8906
v  115839.5781 4495.8013 94754.5391
v  118318.6250 4495.8013 94754.1797
v  120797.6641 5095.2417 94753.8125
v  123276.7109 5994.4019 94753.4375
v  125755.7500 6593.8418 94753.0469
v  128234.7969 7193.2822 94752.6563
v  130713.8359 7493.0024 94752.2422
v  133192.8750 7193.2822 94751.8281
v  135671.9219 7193.2822 94751.4063
v  138150.9688 6893.5620 94750.9688
v  140630.0000 7193.2822 94750.5313
v  143109.0625 7193.2822 94750.0859
v  145588.0938 7193.2822 94749.6250
v  148067.1406 7493.0024 94749.1484
v  150546.1875 7493.0024 94748.6719
v  153025.2344 7792.7227 94748.1797
v  155504.2656 7792.7227 94747.6875
v  157983.3125 7792.7227 94747.1797
v  160462.3438 8092.4424 94746.6641
v  -117191.2813 10789.9238 98587.4844
v  -119670.3281 10490.2031 98586.9688
v  -114712.2031 10789.9238 98587.9844
v  -112233.1563 10789.9238 98588.4844
v  -109754.0938 10789.9238 98588.9688
v  -107275.0469 10789.9238 98589.4453
v  -104795.9844 10789.9238 98589.9141
v  -102316.9297 10789.9238 98590.3672
v  -99837.8672 10789.9238 98590.8125
v  -97358.8125 10789.9238 98591.2578
v  -94879.7578 10789.9238 98591.6875
v  -92400.6953 10789.9238 98592.1016
v  -89921.6406 10490.2031 98592.5234
v  -87442.5781 10490.2031 98592.9219
v  -84963.5234 10490.2031 98593.3203
v  -82484.4688 10490.2031 98593.6953
v  -80005.4141 10490.2031 98594.0781
v  -77526.3594 10490.2031 98594.4375
v  -75047.2969 10490.2031 98594.7969
v  -72568.2422 10490.2031 98595.1406
v  -70089.1797 10490.2031 98595.4766
v  -67610.1250 10789.9238 98595.8125
v  -65131.0625 10789.9238 98596.1250
v  -62652.0078 10789.9238 98596.4375
v  -60172.9531 10490.2031 98596.7422
v  -57693.8906 10789.9238 98597.0313
v  -55214.8359 11389.3633 98597.3125
v  -52735.7734 11689.0840 98597.5938
v  -50256.7188 11988.8037 98597.8594
v  -47777.6641 12588.2441 98598.1094
v  -45298.6094 12588.2441 98598.3594
v  -42819.5469 12588.2441 98598.5938
v  -40340.4922 12288.5234 98598.8203
v  -37861.4336 12288.5234 98599.0391
v  -35382.3789 11988.8037 98599.2500
v  -32903.3203 12288.5234 98599.4453
v  -30424.2617 12288.5234 98599.6406
v  -27945.2031 11988.8037 98599.8203
v  -25466.1484 11389.3633 98599.9922
v  -22987.0898 11089.6436 98600.1641
v  -20508.0313 11089.6436 98600.3125
v  -18028.9727 11089.6436 98600.4531
v  -15549.9180 11089.6436 98600.5938
v  -13070.8594 10789.9238 98600.7188
v  -10591.8027 10490.2031 98600.8359
v  -8112.7441 10490.2031 98600.9531
v  -5633.6875 10789.9238 98601.0469
v  -3154.6309 11089.6436 98601.1406
v  -675.5723 11389.3633 98601.2188
v  1803.4844 11089.6436 98601.2891
v  4282.5420 10789.9238 98601.3516
v  6761.5996 10490.2031 98601.4063
v  9240.6572 10490.2031 98601.4531
v  11719.7148 10490.2031 98601.4844
v  14198.7715 10490.2031 98601.5078
v  16677.8301 9890.7627 98601.5234
v  19156.8867 9890.7627 98601.5313
v  21635.9453 9890.7627 98601.5313
v  24115.0020 9890.7627 98601.5234
v  26594.0586 9890.7627 98601.5000
v  29073.1172 9890.7627 98601.4688
v  31552.1738 9591.0430 98601.4375
v  34031.2305 9291.3232 98601.3906
v  36510.2891 8691.8828 98601.3359
v  38989.3477 8392.1621 98601.2656
v  41468.4063 8092.4424 98601.1953
v  43947.4609 7792.7227 98601.1094
v  46426.5195 7493.0024 98601.0156
v  48905.5781 6893.5620 98600.9141
v  51384.6328 6593.8418 98600.7969
v  53863.6914 5394.9619 98600.6797
v  56342.7500 4495.8013 98600.5469
v  58821.8047 3596.6411 98600.4141
v  61300.8633 2997.2009 98600.2578
v  63779.9219 2098.0405 98600.1094
v  66258.9766 1498.6005 98599.9375
v  68738.0313 899.1603 98599.7578
v  71217.0938 299.7201 98599.5781
v  73696.1563 299.7201 98599.3828
v  76175.2031 599.4402 98599.1719
v  78654.2656 1198.8804 98598.9609
v  81133.3281 1798.3206 98598.7422
v  83612.3750 2098.0405 98598.5156
v  86091.4375 2098.0405 98598.2734
v  88570.5000 2697.4810 98598.0234
v  91049.5547 2997.2009 98597.7656
v  93528.6094 3896.3613 98597.5000
v  96007.6719 4795.5215 98597.2188
v  98486.7266 5694.6816 98596.9297
v  100965.7891 6294.1221 98596.6328
v  103444.8359 5694.6816 98596.3359
v  105923.8906 5095.2417 98596.0234
v  108402.9531 4795.5215 98595.6953
v  110882.0078 4495.8013 98595.3594
v  113361.0703 4495.8013 98595.0234
v  115840.1250 4196.0811 98594.6719
v  118319.1875 4196.0811 98594.3203
v  120798.2422 4495.8013 98593.9453
v  123277.2969 5095.2417 98593.5703
v  125756.3594 5994.4019 98593.1797
v  128235.4141 6593.8418 98592.7891
v  130714.4766 6893.5620 98592.3828
v  133193.5313 6893.5620 98591.9688
v  135672.5938 6893.5620 98591.5391
v  138151.6563 6893.5620 98591.1094
v  140630.6875 6893.5620 98590.6641
v  143109.7500 6893.5620 98590.2188
v  145588.8125 6893.5620 98589.7578
v  148067.8750 6893.5620 98589.2813
v  150546.9375 7193.2822 98588.8047
v  153025.9844 7193.2822 98588.3203
v  155505.0469 7493.0024 98587.8203
v  157984.1094 7792.7227 98587.3125
v  160463.1563 7792.7227 98586.7969
v  -117192.0625 10789.9238 102427.6172
v  -119671.1250 10789.9238 102427.1094
v  -114712.9844 10789.9238 102428.1250
v  -112233.9219 10490.2031 102428.6172
v  -109754.8359 10490.2031 102429.1094
v  -107275.7734 10490.2031 102429.5781
v  -104796.6953 10490.2031 102430.0469
v  -102317.6250 10490.2031 102430.5000
v  -99838.5625 10789.9238 102430.9531
v  -97359.4844 10789.9238 102431.3906
v  -94880.4141 10789.9238 102431.8203
v  -92401.3438 10789.9238 102432.2422
v  -89922.2656 10789.9238 102432.6563
v  -87443.2031 10789.9238 102433.0547
v  -84964.1250 10789.9238 102433.4531
v  -82485.0547 10789.9238 102433.8359
v  -80005.9844 10789.9238 102434.2109
v  -77526.9063 10789.9238 102434.5703
v  -75047.8438 10789.9238 102434.9297
v  -72568.7734 10789.9238 102435.2734
v  -70089.6953 10490.2031 102435.6172
v  -67610.6250 10789.9238 102435.9453
v  -65131.5547 10789.9238 102436.2578
v  -62652.4844 10789.9238 102436.5703
v  -60173.4141 10789.9238 102436.8750
v  -57694.3359 11389.3633 102437.1719
v  -55215.2656 11689.0840 102437.4531
v  -52736.1953 11988.8037 102437.7266
v  -50257.1250 12588.2441 102437.9922
v  -47778.0547 12588.2441 102438.2500
v  -45298.9805 12588.2441 102438.4922
v  -42819.9102 12288.5234 102438.7266
v  -40340.8398 11988.8037 102438.9531
v  -37861.7656 11689.0840 102439.1719
v  -35382.6914 11689.0840 102439.3828
v  -32903.6250 11988.8037 102439.5781
v  -30424.5508 11988.8037 102439.7813
v  -27945.4766 11689.0840 102439.9609
v  -25466.4063 11389.3633 102440.1250
v  -22987.3359 11089.6436 102440.2969
v  -20508.2656 11089.6436 102440.4453
v  -18029.1914 11089.6436 102440.5938
v  -15550.1211 11089.6436 102440.7344
v  -13071.0508 10789.9238 102440.8516
v  -10591.9766 10789.9238 102440.9766
v  -8112.9063 10789.9238 102441.0859
v  -5633.8340 11089.6436 102441.1797
v  -3154.7637 11389.3633 102441.2734
v  -675.6895 11389.3633 102441.3516
v  1803.3809 11089.6436 102441.4219
v  4282.4521 10789.9238 102441.4922
v  6761.5244 10490.2031 102441.5469
v  9240.5957 10490.2031 102441.5938
v  11719.6680 10490.2031 102441.6172
v  14198.7383 10490.2031 102441.6484
v  16677.8105 10190.4834 102441.6641
v  19156.8828 10190.4834 102441.6719
v  21635.9531 9890.7627 102441.6719
v  24115.0254 9591.0430 102441.6563
v  26594.0977 9291.3232 102441.6406
v  29073.1680 9291.3232 102441.6094
v  31552.2402 8991.6025 102441.5781
v  34031.3125 8691.8828 102441.5234
v  36510.3828 8392.1621 102441.4688
v  38989.4531 8392.1621 102441.3984
v  41468.5273 7792.7227 102441.3281
v  43947.6016 7493.0024 102441.2422
v  46426.6719 6593.8418 102441.1484
v  48905.7422 5994.4019 102441.0547
v  51384.8125 5394.9619 102440.9375
v  53863.8867 5095.2417 102440.8203
v  56342.9570 4196.0811 102440.6875
v  58822.0273 3596.6411 102440.5469
v  61301.1016 2997.2009 102440.3984
v  63780.1719 2397.7607 102440.2422
v  66259.2422 1798.3206 102440.0703
v  68738.3125 1198.8804 102439.8984
v  71217.3906 299.7201 102439.7109
v  73696.4609 0.0000 102439.5234
v  76175.5313 299.7201 102439.3125
v  78654.6016 899.1603 102439.1016
v  81133.6719 1198.8804 102438.8750
v  83612.7500 1198.8804 102438.6484
v  86091.8203 1198.8804 102438.4063
v  88570.8906 1198.8804 102438.1563
v  91049.9609 1798.3206 102437.8984
v  93529.0313 2397.7607 102437.6328
v  96008.1016 2997.2009 102437.3516
v  98487.1719 3896.3613 102437.0703
v  100966.2500 4795.5215 102436.7734
v  103445.3203 5394.9619 102436.4766
v  105924.3906 5694.6816 102436.1563
v  108403.4609 5394.9619 102435.8359
v  110882.5313 5095.2417 102435.5000
v  113361.6094 4495.8013 102435.1641
v  115840.6797 4196.0811 102434.8125
v  118319.7422 3896.3613 102434.4531
v  120798.8203 3896.3613 102434.0859
v  123277.8906 4196.0811 102433.7109
v  125756.9609 5095.2417 102433.3203
v  128236.0391 5694.6816 102432.9219
v  130715.1094 5994.4019 102432.5156
v  133194.1875 6294.1221 102432.1016
v  135673.2500 6593.8418 102431.6719
v  138152.3125 6593.8418 102431.2422
v  140631.4063 6593.8418 102430.8047
v  143110.4688 6893.5620 102430.3516
v  145589.5313 6893.5620 102429.8906
v  148068.6250 6893.5620 102429.4219
v  150547.6875 7193.2822 102428.9375
v  153026.7500 7193.2822 102428.4531
v  155505.8281 7193.2822 102427.9531
v  157984.8906 7493.0024 102427.4531
v  160463.9688 7493.0024 102426.9375
v  -117192.8594 10789.9238 106267.7578
v  -119671.9375 11389.3633 106267.2422
v  -114713.7500 10490.2031 106268.2578
v  -112234.6719 10490.2031 106268.7500
v  -109755.5938 10490.2031 106269.2422
v  -107276.5000 10490.2031 106269.7188
v  -104797.4219 10490.2031 106270.1797
v  -102318.3281 10490.2031 106270.6406
v  -99839.2422 10490.2031 106271.0859
v  -97360.1641 10490.2031 106271.5313
v  -94881.0703 10490.2031 106271.9609
v  -92401.9844 10490.2031 106272.3750
v  -89922.9063 10789.9238 106272.7891
v  -87443.8125 10789.9238 106273.1875
v  -84964.7266 10789.9238 106273.5859
v  -82485.6484 11089.6436 106273.9688
v  -80006.5547 10789.9238 106274.3438
v  -77527.4688 11089.6436 106274.7109
v  -75048.3906 11089.6436 106275.0703
v  -72569.3047 10789.9238 106275.4063
v  -70090.2109 10789.9238 106275.7500
v  -67611.1250 11089.6436 106276.0781
v  -65132.0469 11389.3633 106276.3984
v  -62652.9531 11389.3633 106276.7109
v  -60173.8672 11988.8037 106277.0078
v  -57694.7891 12588.2441 106277.3047
v  -55215.6953 12588.2441 106277.5859
v  -52736.6094 12887.9639 106277.8594
v  -50257.5313 12887.9639 106278.1250
v  -47778.4375 12588.2441 106278.3828
v  -45299.3516 11988.8037 106278.6250
v  -42820.2695 11389.3633 106278.8672
v  -40341.1836 11089.6436 106279.0938
v  -37862.0977 11089.6436 106279.3125
v  -35383.0117 11389.3633 106279.5156
v  -32903.9258 11389.3633 106279.7188
v  -30424.8398 11389.3633 106279.9141
v  -27945.7539 11389.3633 106280.0938
v  -25466.6680 11089.6436 106280.2656
v  -22987.5820 10789.9238 106280.4297
v  -20508.4961 10789.9238 106280.5859
v  -18029.4141 10789.9238 106280.7266
v  -15550.3242 10789.9238 106280.8672
v  -13071.2383 10789.9238 106280.9922
v  -10592.1543 10789.9238 106281.1094
v  -8113.0664 10789.9238 106281.2188
v  -5633.9805 11089.6436 106281.3203
v  -3154.8965 11089.6436 106281.4141
v  -675.8105 11089.6436 106281.4844
v  1803.2773 10789.9238 106281.5625
v  4282.3623 10789.9238 106281.6250
v  6761.4482 10490.2031 106281.6797
v  9240.5342 10490.2031 106281.7266
v  11719.6201 10490.2031 106281.7578
v  14198.7051 10490.2031 106281.7813
v  16677.7910 10490.2031 106281.7969
v  19156.8770 10490.2031 106281.8047
v  21635.9629 9890.7627 106281.8047
v  24115.0488 9591.0430 106281.7969
v  26594.1348 9291.3232 106281.7734
v  29073.2207 8691.8828 106281.7422
v  31552.3066 8092.4424 106281.7109
v  34031.3906 7792.7227 106281.6641
v  36510.4766 7792.7227 106281.6016
v  38989.5625 7792.7227 106281.5391
v  41468.6484 7493.0024 106281.4688
v  43947.7344 6893.5620 106281.3828
v  46426.8203 5994.4019 106281.2813
v  48905.9063 5095.2417 106281.1875
v  51384.9922 4495.8013 106281.0703
v  53864.0781 3896.3613 106280.9531
v  56343.1680 3896.3613 106280.8203
v  58822.2500 3896.3613 106280.6875
v  61301.3359 3596.6411 106280.5313
v  63780.4258 3296.9209 106280.3750
v  66259.5078 3596.6411 106280.2031
v  68738.5938 2997.2009 106280.0313
v  71217.6875 2098.0405 106279.8516
v  73696.7656 1198.8804 106279.6563
v  76175.8594 899.1603 106279.4453
v  78654.9375 1198.8804 106279.2344
v  81134.0234 899.1603 106279.0156
v  83613.1094 299.7201 106278.7813
v  86092.1953 0.0000 106278.5469
v  88571.2813 299.7201 106278.2969
v  91050.3672 599.4402 106278.0391
v  93529.4531 1498.6005 106277.7656
v  96008.5391 2098.0405 106277.4922
v  98487.6250 2697.4810 106277.2031
v  100966.7109 3596.6411 106276.9063
v  103445.7969 4495.8013 106276.6094
v  105924.8828 5095.2417 106276.2969
v  108403.9688 4795.5215 106275.9688
v  110883.0547 4495.8013 106275.6328
v  113362.1406 4196.0811 106275.2969
v  115841.2266 3896.3613 106274.9453
v  118320.3125 3296.9209 106274.5938
v  120799.3984 2997.2009 106274.2188
v  123278.4844 3596.6411 106273.8438
v  125757.5703 3896.3613 106273.4531
v  128236.6563 4495.8013 106273.0625
v  130715.7422 5095.2417 106272.6484
v  133194.8281 5394.9619 106272.2422
v  135673.9063 5694.6816 106271.8125
v  138153.0000 6294.1221 106271.3828
v  140632.0938 6593.8418 106270.9375
v  143111.1719 6593.8418 106270.4922
v  145590.2500 6893.5620 106270.0234
v  148069.3438 7193.2822 106269.5547
v  150548.4219 7193.2822 106269.0781
v  153027.5156 7193.2822 106268.5859
v  155506.5938 7193.2822 106268.0938
v  157985.6875 7193.2822 106267.5859
v  160464.7813 7493.0024 106267.0703
v  -117193.6250 11089.6436 110107.8906
v  -119672.7344 11389.3633 110107.3750
v  -114714.5313 10789.9238 110108.3906
v  -112235.4375 10490.2031 110108.8906
v  -109756.3359 10490.2031 110109.3750
v  -107277.2266 10490.2031 110109.8516
v  -104798.1328 10490.2031 110110.3203
v  -102319.0313 10789.9238 110110.7734
v  -99839.9297 10789.9238 110111.2188
v  -97360.8281 10490.2031 110111.6641
v  -94881.7344 10190.4834 110112.0938
v  -92402.6328 10190.4834 110112.5078
v  -89923.5313 10190.4834 110112.9297
v  -87444.4297 10490.2031 110113.3281
v  -84965.3359 10789.9238 110113.7188
v  -82486.2266 11089.6436 110114.1016
v  -80007.1328 11089.6436 110114.4844
v  -77528.0313 11389.3633 110114.8438
v  -75048.9297 11389.3633 110115.2031
v  -72569.8281 11389.3633 110115.5469
v  -70090.7266 11389.3633 110115.8828
v  -67611.6328 11689.0840 110116.2188
v  -65132.5313 11988.8037 110116.5313
v  -62653.4297 12588.2441 110116.8438
v  -60174.3281 13187.6836 110117.1484
v  -57695.2266 13487.4043 110117.4375
v  -55216.1328 13487.4043 110117.7266
v  -52737.0234 13187.6836 110118.0000
v  -50257.9297 12588.2441 110118.2656
v  -47778.8281 11988.8037 110118.5156
v  -45299.7305 11689.0840 110118.7656
v  -42820.6289 11089.6436 110119.0000
v  -40341.5273 11089.6436 110119.2266
v  -37862.4297 11089.6436 110119.4453
v  -35383.3281 11089.6436 110119.6563
v  -32904.2305 11389.3633 110119.8516
v  -30425.1289 11389.3633 110120.0469
v  -27946.0313 11389.3633 110120.2266
v  -25466.9258 11389.3633 110120.3984
v  -22987.8281 11089.6436 110120.5703
v  -20508.7266 11089.6436 110120.7188
v  -18029.6289 11089.6436 110120.8594
v  -15550.5273 11089.6436 110121.0000
v  -13071.4297 10789.9238 110121.1250
v  -10592.3281 10789.9238 110121.2500
v  -8113.2285 10789.9238 110121.3594
v  -5634.1289 10789.9238 110121.4531
v  -3155.0293 10789.9238 110121.5469
v  -675.9277 10789.9238 110121.6250
v  1803.1719 10789.9238 110121.6953
v  4282.2725 10490.2031 110121.7578
v  6761.3730 10490.2031 110121.8125
v  9240.4727 10490.2031 110121.8594
v  11719.5732 10490.2031 110121.8906
v  14198.6719 10789.9238 110121.9141
v  16677.7734 10789.9238 110121.9375
v  19156.8730 10789.9238 110121.9453
v  21635.9727 10490.2031 110121.9375
v  24115.0723 9890.7627 110121.9297
v  26594.1719 9591.0430 110121.9063
v  29073.2734 8691.8828 110121.8828
v  31552.3750 7792.7227 110121.8438
v  34031.4727 7493.0024 110121.7969
v  36510.5703 7193.2822 110121.7422
v  38989.6719 6893.5620 110121.6719
v  41468.7734 6593.8418 110121.6016
v  43947.8750 5994.4019 110121.5156
v  46426.9727 5394.9619 110121.4219
v  48906.0703 4795.5215 110121.3203
v  51385.1719 3896.3613 110121.2109
v  53864.2734 3596.6411 110121.0938
v  56343.3750 3896.3613 110120.9531
v  58822.4766 4495.8013 110120.8203
v  61301.5742 4795.5215 110120.6641
v  63780.6758 5095.2417 110120.5156
v  66259.7734 5394.9619 110120.3438
v  68738.8750 5095.2417 110120.1641
v  71217.9688 4795.5215 110119.9844
v  73697.0781 3896.3613 110119.7891
v  76176.1719 2997.2009 110119.5859
v  78655.2813 2098.0405 110119.3750
v  81134.3750 1798.3206 110119.1484
v  83613.4688 899.1603 110118.9219
v  86092.5781 299.7201 110118.6797
v  88571.6797 299.7201 110118.4297
v  91050.7734 899.1603 110118.1719
v  93529.8750 1198.8804 110117.9063
v  96008.9766 1498.6005 110117.6250
v  98488.0781 2098.0405 110117.3359
v  100967.1719 2697.4810 110117.0469
v  103446.2734 3296.9209 110116.7422
v  105925.3828 3596.6411 110116.4297
v  108404.4766 3596.6411 110116.1016
v  110883.5781 3596.6411 110115.7734
v  113362.6719 3596.6411 110115.4375
v  115841.7813 3296.9209 110115.0781
v  118320.8750 2997.2009 110114.7266
v  120799.9766 2697.4810 110114.3516
v  123279.0703 2697.4810 110113.9766
v  125758.1797 2997.2009 110113.5859
v  128237.2813 3296.9209 110113.1953
v  130716.3750 3896.3613 110112.7891
v  133195.4688 4495.8013 110112.3750
v  135674.5781 5095.2417 110111.9453
v  138153.6875 5394.9619 110111.5156
v  140632.7813 5994.4019 110111.0781
v  143111.8750 6593.8418 110110.6250
v  145590.9688 6593.8418 110110.1563
v  148070.0938 6593.8418 110109.6875
v  150549.1875 6593.8418 110109.2109
v  153028.2813 6893.5620 110108.7266
v  155507.3750 6893.5620 110108.2266
v  157986.4844 7193.2822 110107.7188
v  160465.5781 7193.2822 110107.2031
v  -117194.4063 11089.6436 113948.0234
v  -119673.5469 11389.3633 113947.5156
v  -114715.2969 10789.9238 113948.5313
v  -112236.1875 10789.9238 113949.0234
v  -109757.0781 10789.9238 113949.5156
v  -107277.9531 10789.9238 113949.9922
v  -104798.8516 10789.9238 113950.4531
v  -102319.7344 11089.6436 113950.9063
v  -99840.6250 11089.6436 113951.3594
v  -97361.5000 10789.9238 113951.8047
v  -94882.3906 10190.4834 113952.2266
v  -92403.2734 9890.7627 113952.6484
v  -89924.1641 10190.4834 113953.0625
v  -87445.0469 10490.2031 113953.4609
v  -84965.9297 10789.9238 113953.8594
v  -82486.8203 11389.3633 113954.2422
v  -80007.7031 11689.0840 113954.6172
v  -77528.5938 12288.5234 113954.9766
v  -75049.4766 11689.0840 113955.3359
v  -72570.3594 11689.0840 113955.6797
v  -70091.2422 11988.8037 113956.0234
v  -67612.1328 12288.5234 113956.3516
v  -65133.0234 13187.6836 113956.6641
v  -62653.9063 13487.4043 113956.9766
v  -60174.7891 13787.1240 113957.2813
v  -57695.6719 13787.1240 113957.5781
v  -55216.5625 13487.4043 113957.8594
v  -52737.4453 12588.2441 113958.1328
v  -50258.3359 12288.5234 113958.3984
v  -47779.2188 11988.8037 113958.6563
v  -45300.1016 11689.0840 113958.8984
v  -42820.9883 11689.0840 113959.1328
v  -40341.8750 11389.3633 113959.3672
v  -37862.7617 11389.3633 113959.5781
v  -35383.6484 11389.3633 113959.7891
v  -32904.5352 11389.3633 113959.9922
v  -30425.4180 11389.3633 113960.1875
v  -27946.3047 11389.3633 113960.3672
v  -25467.1875 11389.3633 113960.5391
v  -22988.0742 11389.3633 113960.7031
v  -20508.9609 11389.3633 113960.8594
v  -18029.8477 11389.3633 113961.0000
v  -15550.7344 11089.6436 113961.1406
v  -13071.6172 11089.6436 113961.2578
v  -10592.5039 10789.9238 113961.3828
v  -8113.3887 10789.9238 113961.4922
v  -5634.2734 10490.2031 113961.5859
v  -3155.1621 10490.2031 113961.6797
v  -676.0469 10490.2031 113961.7578
v  1803.0684 10490.2031 113961.8281
v  4282.1816 10490.2031 113961.8984
v  6761.2969 10490.2031 113961.9531
v  9240.4111 10789.9238 113962.0000
v  11719.5254 10789.9238 113962.0234
v  14198.6387 10789.9238 113962.0547
v  16677.7539 10789.9238 113962.0703
v  19156.8672 10789.9238 113962.0781
v  21635.9824 10490.2031 113962.0781
v  24115.0977 10190.4834 113962.0625
v  26594.2109 9291.3232 113962.0469
v  29073.3242 8691.8828 113962.0156
v  31552.4414 7792.7227 113961.9844
v  34031.5547 7193.2822 113961.9375
v  36510.6680 6593.8418 113961.8750
v  38989.7813 5994.4019 113961.8047
v  41468.8984 5394.9619 113961.7422
v  43948.0117 5095.2417 113961.6484
v  46427.1250 4795.5215 113961.5547
v  48906.2422 5095.2417 113961.4609
v  51385.3555 4795.5215 113961.3438
v  53864.4688 4795.5215 113961.2266
v  56343.5859 5095.2417 113961.0938
v  58822.6953 5394.9619 113960.9531
v  61301.8086 5994.4019 113960.8047
v  63780.9258 5994.4019 113960.6484
v  66260.0391 5994.4019 113960.4766
v  68739.1563 6294.1221 113960.3047
v  71218.2656 6294.1221 113960.1172
v  73697.3828 5694.6816 113959.9297
v  76176.5000 5394.9619 113959.7188
v  78655.6094 4495.8013 113959.5078
v  81134.7266 4196.0811 113959.2891
v  83613.8438 3296.9209 113959.0547
v  86092.9531 2098.0405 113958.8125
v  88572.0625 1498.6005 113958.5703
v  91051.1875 1198.8804 113958.3047
v  93530.2969 1198.8804 113958.0391
v  96009.4141 899.1603 113957.7656
v  98488.5234 899.1603 113957.4766
v  100967.6406 1498.6005 113957.1797
v  103446.7578 2397.7607 113956.8828
v  105925.8750 2697.4810 113956.5625
v  108404.9844 2697.4810 113956.2422
v  110884.0938 2697.4810 113955.9063
v  113363.2109 2397.7607 113955.5703
v  115842.3281 2098.0405 113955.2188
v  118321.4453 1498.6005 113954.8594
v  120800.5547 1198.8804 113954.4922
v  123279.6719 1498.6005 113954.1094
v  125758.7813 1798.3206 113953.7266
v  128237.8906 2098.0405 113953.3281
v  130717.0156 2697.4810 113952.9219
v  133196.1250 3296.9209 113952.5078
v  135675.2500 4196.0811 113952.0781
v  138154.3438 4795.5215 113951.6484
v  140633.4688 5394.9619 113951.2109
v  143112.5938 5694.6816 113950.7578
v  145591.7031 5694.6816 113950.2969
v  148070.8125 5694.6816 113949.8281
v  150549.9219 5994.4019 113949.3516
v  153029.0313 6294.1221 113948.8594
v  155508.1563 6893.5620 113948.3672
v  157987.2656 7193.2822 113947.8594
v  160466.3906 7193.2822 113947.3438
v  -117195.2031 11389.3633 117788.1641
v  -119674.3281 11389.3633 117787.6484
v  -114716.0781 11089.6436 117788.6641
v  -112236.9531 11089.6436 117789.1563
v  -109757.8203 11089.6436 117789.6484
v  -107278.6953 11089.6436 117790.1250
v  -104799.5625 10789.9238 117790.5938
v  -102320.4375 11089.6436 117791.0469
v  -99841.3047 11089.6436 117791.4922
v  -97362.1797 11089.6436 117791.9375
v  -94883.0547 10789.9238 117792.3672
v  -92403.9141 10789.9238 117792.7813
v  -89924.7891 10789.9238 117793.1953
v  -87445.6641 10789.9238 117793.5938
v  -84966.5313 11089.6436 117793.9922
v  -82487.4063 11389.3633 117794.3750
v  -80008.2813 11689.0840 117794.7500
v  -77529.1563 11988.8037 117795.1172
v  -75050.0156 12288.5234 117795.4766
v  -72570.8906 12288.5234 117795.8203
v  -70091.7656 12288.5234 117796.1563
v  -67612.6328 12887.9639 117796.4922
v  -65133.5078 12887.9639 117796.8047
v  -62654.3828 13187.6836 117797.1172
v  -60175.2500 13187.6836 117797.4141
v  -57696.1172 12588.2441 117797.7109
v  -55216.9922 11689.0840 117797.9922
v  -52737.8594 11389.3633 117798.2656
v  -50258.7344 11389.3633 117798.5313
v  -47779.6094 11689.0840 117798.7891
v  -45300.4766 11689.0840 117799.0391
v  -42821.3477 11689.0840 117799.2734
v  -40342.2227 11689.0840 117799.5000
v  -37863.0938 11389.3633 117799.7188
v  -35383.9609 11089.6436 117799.9219
v  -32904.8359 11089.6436 117800.1250
v  -30425.7070 11089.6436 117800.3203
v  -27946.5820 11389.3633 117800.5000
v  -25467.4492 11389.3633 117800.6719
v  -22988.3203 11089.6436 117800.8438
v  -20509.1953 11089.6436 117800.9922
v  -18030.0625 11389.3633 117801.1328
v  -15550.9336 11389.3633 117801.2734
v  -13071.8086 11089.6436 117801.3984
v  -10592.6777 10789.9238 117801.5156
v  -8113.5508 10490.2031 117801.6250
v  -5634.4219 10190.4834 117801.7266
v  -3155.2949 10190.4834 117801.8203
v  -676.1641 10190.4834 117801.8906
v  1802.9648 10490.2031 117801.9688
v  4282.0918 10490.2031 117802.0313
v  6761.2207 10490.2031 117802.0859
v  9240.3486 10490.2031 117802.1328
v  11719.4785 10490.2031 117802.1641
v  14198.6055 10490.2031 117802.1875
v  16677.7344 10190.4834 117802.2031
v  19156.8633 10190.4834 117802.2109
v  21635.9922 9890.7627 117802.2109
v  24115.1211 9591.0430 117802.2031
v  26594.2500 8991.6025 117802.1797
v  29073.3770 8392.1621 117802.1484
v  31552.5078 7792.7227 117802.1172
v  34031.6328 6893.5620 117802.0703
v  36510.7617 6294.1221 117802.0078
v  38989.8906 5994.4019 117801.9453
v  41469.0234 5394.9619 117801.8750
v  43948.1484 5394.9619 117801.7891
v  46427.2773 5394.9619 117801.6953
v  48906.4063 5394.9619 117801.5938
v  51385.5352 5994.4019 117801.4766
v  53864.6641 6593.8418 117801.3594
v  56343.7930 6893.5620 117801.2266
v  58822.9180 7193.2822 117801.0938
v  61302.0508 7493.0024 117800.9375
v  63781.1797 7193.2822 117800.7813
v  66260.3047 7193.2822 117800.6094
v  68739.4375 7193.2822 117800.4375
v  71218.5625 7493.0024 117800.2578
v  73697.6875 7493.0024 117800.0625
v  76176.8203 7493.0024 117799.8516
v  78655.9453 6893.5620 117799.6406
v  81135.0781 6294.1221 117799.4219
v  83614.2031 5694.6816 117799.1953
v  86093.3359 4495.8013 117798.9531
v  88572.4609 3296.9209 117798.7031
v  91051.5938 2697.4810 117798.4453
v  93530.7188 1498.6005 117798.1719
v  96009.8438 899.1603 117797.8984
v  98488.9766 599.4402 117797.6094
v  100968.1016 899.1603 117797.3125
v  103447.2344 1498.6005 117797.0156
v  105926.3672 1798.3206 117796.7031
v  108405.4922 1798.3206 117796.3750
v  110884.6172 1198.8804 117796.0391
v  113363.7500 899.1603 117795.7031
v  115842.8750 599.4402 117795.3516
v  118322.0000 599.4402 117795.0000
v  120801.1328 299.7201 117794.6250
v  123280.2656 299.7201 117794.2422
v  125759.3906 299.7201 117793.8594
v  128238.5156 899.1603 117793.4688
v  130717.6484 1798.3206 117793.0547
v  133196.7813 2397.7607 117792.6484
v  135675.9063 2997.2009 117792.2188
v  138155.0313 3896.3613 117791.7891
v  140634.1563 4495.8013 117791.3438
v  143113.2813 4795.5215 117790.8984
v  145592.4219 5095.2417 117790.4297
v  148071.5313 5095.2417 117789.9609
v  150550.6875 5394.9619 117789.4844
v  153029.8125 6294.1221 117788.9922
v  155508.9375 6593.8418 117788.5000
v  157988.0625 6893.5620 117787.9922
v  160467.1875 6893.5620 117787.4766
v  -117195.9844 11389.3633 121628.2969
v  -119675.1250 11089.6436 121627.7813
v  -114716.8438 11389.3633 121628.7969
v  -112237.7031 11389.3633 121629.2969
v  -109758.5625 11389.3633 121629.7891
v  -107279.4219 11089.6436 121630.2578
v  -104800.2734 11089.6436 121630.7266
v  -102321.1328 11089.6436 121631.1797
v  -99841.9922 11389.3633 121631.6250
v  -97362.8516 11389.3633 121632.0703
v  -94883.7109 11389.3633 121632.5000
v  -92404.5625 11089.6436 121632.9141
v  -89925.4219 11389.3633 121633.3359
v  -87446.2813 11089.6436 121633.7344
v  -84967.1406 11089.6436 121634.1250
v  -82488.0000 10789.9238 121634.5078
v  -80008.8438 11089.6436 121634.8906
v  -77529.7031 11988.8037 121635.2500
v  -75050.5625 12588.2441 121635.6094
v  -72571.4219 12887.9639 121635.9531
v  -70092.2813 13187.6836 121636.2969
v  -67613.1406 13187.6836 121636.6250
v  -65133.9922 12887.9639 121636.9375
v  -62654.8516 12588.2441 121637.2500
v  -60175.7109 12288.5234 121637.5547
v  -57696.5703 11389.3633 121637.8438
v  -55217.4297 10789.9238 121638.1328
v  -52738.2813 10490.2031 121638.4063
v  -50259.1328 10789.9238 121638.6719
v  -47779.9922 11089.6436 121638.9219
v  -45300.8555 11089.6436 121639.1719
v  -42821.7070 11389.3633 121639.4063
v  -40342.5664 11389.3633 121639.6328
v  -37863.4258 11089.6436 121639.8516
v  -35384.2813 11089.6436 121640.0625
v  -32905.1406 11089.6436 121640.2578
v  -30425.9961 11389.3633 121640.4531
v  -27946.8516 11689.0840 121640.6328
v  -25467.7109 11689.0840 121640.8047
v  -22988.5664 11389.3633 121640.9766
v  -20509.4258 11389.3633 121641.1250
v  -18030.2852 11389.3633 121641.2656
v  -15551.1406 11089.6436 121641.4063
v  -13071.9961 11089.6436 121641.5313
v  -10592.8535 10789.9238 121641.6563
v  -8113.7109 10490.2031 121641.7578
v  -5634.5684 10190.4834 121641.8594
v  -3155.4258 10190.4834 121641.9531
v  -676.2832 10190.4834 121642.0313
v  1802.8594 10490.2031 121642.1016
v  4282.0020 10490.2031 121642.1719
v  6761.1455 10190.4834 121642.2266
v  9240.2871 9890.7627 121642.2656
v  11719.4307 9890.7627 121642.2969
v  14198.5732 9890.7627 121642.3203
v  16677.7168 10190.4834 121642.3438
v  19156.8594 9890.7627 121642.3516
v  21636.0020 9291.3232 121642.3516
v  24115.1445 9291.3232 121642.3359
v  26594.2871 8991.6025 121642.3125
v  29073.4297 8691.8828 121642.2891
v  31552.5723 8092.4424 121642.2578
v  34031.7148 7792.7227 121642.2031
v  36510.8594 7193.2822 121642.1484
v  38990.0000 6893.5620 121642.0781
v  41469.1445 6593.8418 121642.0078
v  43948.2891 6294.1221 121641.9219
v  46427.4297 5994.4019 121641.8281
v  48906.5703 5994.4019 121641.7266
v  51385.7148 6893.5620 121641.6172
v  53864.8555 7493.0024 121641.5000
v  56344.0000 8392.1621 121641.3672
v  58823.1406 8991.6025 121641.2266
v  61302.2852 8991.6025 121641.0781
v  63781.4297 8691.8828 121640.9219
v  66260.5703 8392.1621 121640.7500
v  68739.7188 8092.4424 121640.5781
v  71218.8594 8092.4424 121640.3906
v  73698.0000 8392.1621 121640.2031
v  76177.1406 8092.4424 121639.9922
v  78656.2813 7792.7227 121639.7813
v  81135.4219 7792.7227 121639.5547
v  83614.5703 7493.0024 121639.3281
v  86093.7109 6593.8418 121639.0859
v  88572.8516 5394.9619 121638.8359
v  91051.9922 3896.3613 121638.5781
v  93531.1406 2997.2009 121638.3125
v  96010.2813 2098.0405 121638.0313
v  98489.4297 1198.8804 121637.7500
v  100968.5703 1198.8804 121637.4531
v  103447.7109 1198.8804 121637.1484
v  105926.8594 1498.6005 121636.8359
v  108406.0000 1198.8804 121636.5078
v  110885.1406 899.1603 121636.1797
v  113364.2813 599.4402 121635.8438
v  115843.4219 299.7201 121635.4844
v  118322.5703 0.0000 121635.1328
v  120801.7109 0.0000 121634.7578
v  123280.8516 0.0000 121634.3828
v  125760.0000 299.7201 121633.9922
v  128239.1406 599.4402 121633.6016
v  130718.2813 899.1603 121633.1953
v  133197.4375 1198.8804 121632.7813
v  135676.5625 1798.3206 121632.3516
v  138155.7188 2397.7607 121631.9219
v  140634.8438 2997.2009 121631.4844
v  143114.0000 3896.3613 121631.0313
v  145593.1406 4495.8013 121630.5625
v  148072.2813 4795.5215 121630.0938
v  150551.4219 5394.9619 121629.6172
v  153030.5625 5694.6816 121629.1328
v  155509.7031 5994.4019 121628.6328
v  157988.8438 6294.1221 121628.1250
v  160467.9844 6294.1221 121627.6094
v  -117196.7813 11389.3633 125468.4297
v  -119675.9375 10789.9238 125467.9219
v  -114717.6250 11389.3633 125468.9375
v  -112238.4688 11389.3633 125469.4297
v  -109759.3125 11689.0840 125469.9219
v  -107280.1563 11389.3633 125470.3984
v  -104801.0000 11389.3633 125470.8594
v  -102321.8359 11389.3633 125471.3203
v  -99842.6797 11389.3633 125471.7656
v  -97363.5234 11389.3633 125472.2109
v  -94884.3672 11089.6436 125472.6328
v  -92405.2031 11089.6436 125473.0547
v  -89926.0469 11089.6436 125473.4688
v  -87446.8906 11089.6436 125473.8672
v  -84967.7344 11089.6436 125474.2578
v  -82488.5781 11089.6436 125474.6484
v  -80009.4219 11689.0840 125475.0234
v  -77530.2656 12288.5234 125475.3828
v  -75051.1094 12887.9639 125475.7422
v  -72571.9531 13487.4043 125476.0859
v  -70092.7969 13487.4043 125476.4297
v  -67613.6406 12887.9639 125476.7578
v  -65134.4844 12588.2441 125477.0703
v  -62655.3281 11988.8037 125477.3828
v  -60176.1719 11689.0840 125477.6875
v  -57697.0156 11089.6436 125477.9844
v  -55217.8594 10789.9238 125478.2656
v  -52738.6953 10490.2031 125478.5391
v  -50259.5391 10789.9238 125478.8047
v  -47780.3828 10789.9238 125479.0625
v  -45301.2266 11089.6436 125479.3047
v  -42822.0703 11089.6436 125479.5469
v  -40342.9141 11089.6436 125479.7734
v  -37863.7539 11389.3633 125479.9922
v  -35384.5977 11389.3633 125480.1953
v  -32905.4414 11689.0840 125480.3984
v  -30426.2852 11988.8037 125480.5938
v  -27947.1289 12288.5234 125480.7734
v  -25467.9727 11988.8037 125480.9453
v  -22988.8125 11689.0840 125481.1094
v  -20509.6563 11389.3633 125481.2656
v  -18030.5000 11089.6436 125481.4063
v  -15551.3438 11089.6436 125481.5469
v  -13072.1875 10789.9238 125481.6719
v  -10593.0293 10490.2031 125481.7891
v  -8113.8730 10490.2031 125481.8906
v  -5634.7148 10490.2031 125482.0000
v  -3155.5586 10490.2031 125482.0859
v  -676.4004 10190.4834 125482.1641
v  1802.7559 10190.4834 125482.2422
v  4281.9121 9890.7627 125482.3047
v  6761.0693 9591.0430 125482.3594
v  9240.2256 9291.3232 125482.4063
v  11719.3838 9291.3232 125482.4297
v  14198.5400 9591.0430 125482.4609
v  16677.6973 9890.7627 125482.4766
v  19156.8535 10190.4834 125482.4844
v  21636.0117 9890.7627 125482.4844
v  24115.1680 9291.3232 125482.4688
v  26594.3242 8991.6025 125482.4531
v  29073.4805 8991.6025 125482.4219
v  31552.6387 8991.6025 125482.3906
v  34031.7969 8691.8828 125482.3438
v  36510.9531 8691.8828 125482.2813
v  38990.1094 8691.8828 125482.2188
v  41469.2656 7792.7227 125482.1484
v  43948.4219 6893.5620 125482.0625
v  46427.5781 7193.2822 125481.9609
v  48906.7383 6893.5620 125481.8672
v  51385.8945 7493.0024 125481.7500
v  53865.0547 8392.1621 125481.6328
v  56344.2109 9291.3232 125481.5000
v  58823.3672 9890.7627 125481.3672
v  61302.5234 9890.7627 125481.2109
v  63781.6797 9291.3232 125481.0547
v  66260.8359 8691.8828 125480.8828
v  68739.9922 8691.8828 125480.7109
v  71219.1484 8691.8828 125480.5313
v  73698.3125 8691.8828 125480.3359
v  76177.4688 8392.1621 125480.1250
v  78656.6250 8392.1621 125479.9141
v  81135.7813 8392.1621 125479.6953
v  83614.9375 8691.8828 125479.4609
v  86094.0938 8092.4424 125479.2266
v  88573.2500 7193.2822 125478.9766
v  91052.4063 5694.6816 125478.7188
v  93531.5625 4495.8013 125478.4453
v  96010.7188 3596.6411 125478.1719
v  98489.8750 2697.4810 125477.8828
v  100969.0313 2098.0405 125477.5859
v  103448.1953 1798.3206 125477.2891
v  105927.3516 1498.6005 125476.9688
v  108406.5078 1198.8804 125476.6484
v  110885.6641 599.4402 125476.3125
v  113364.8203 0.0000 125475.9766
v  115843.9766 299.7201 125475.6250
v  118323.1328 299.7201 125475.2656
v  120802.2891 299.7201 125474.8984
v  123281.4453 299.7201 125474.5156
v  125760.6016 599.4402 125474.1328
v  128239.7578 599.4402 125473.7422
v  130718.9141 599.4402 125473.3281
v  133198.0625 899.1603 125472.9141
v  135677.2188 1198.8804 125472.4844
v  138156.3750 1498.6005 125472.0547
v  140635.5469 2098.0405 125471.6172
v  143114.7031 2697.4810 125471.1641
v  145593.8594 3596.6411 125470.7031
v  148073.0000 4196.0811 125470.2344
v  150552.1563 4495.8013 125469.7578
v  153031.3281 4795.5215 125469.2656
v  155510.4844 4795.5215 125468.7734
v  157989.6406 5095.2417 125468.2656
v  160468.8125 5694.6816 125467.7500
v  -117197.5625 11089.6436 129308.5625
v  -119676.7344 11089.6436 129308.0625
v  -114718.3906 11089.6436 129309.0781
v  -112239.2188 11389.3633 129309.5625
v  -109760.0547 11689.0840 129310.0547
v  -107280.8828 11689.0840 129310.5391
v  -104801.7109 11988.8037 129310.9922
v  -102322.5391 11689.0840 129311.4453
v  -99843.3672 11689.0840 129311.8984
v  -97364.1953 11389.3633 129312.3438
v  -94885.0234 11089.6436 129312.7656
v  -92405.8516 11089.6436 129313.1875
v  -89926.6875 10789.9238 129313.6016
v  -87447.5156 10789.9238 129314.0078
v  -84968.3438 11389.3633 129314.3984
v  -82489.1719 11988.8037 129314.7813
v  -80010.0000 12288.5234 129315.1563
v  -77530.8281 12588.2441 129315.5234
v  -75051.6563 12887.9639 129315.8750
v  -72572.4844 12887.9639 129316.2188
v  -70093.3125 12887.9639 129316.5703
v  -67614.1406 12588.2441 129316.8906
v  -65134.9688 11988.8037 129317.2031
v  -62655.7969 11389.3633 129317.5234
v  -60176.6250 11389.3633 129317.8281
v  -57697.4531 11089.6436 129318.1172
v  -55218.2813 10789.9238 129318.4063
v  -52739.1094 10490.2031 129318.6797
v  -50259.9453 10490.2031 129318.9375
v  -47780.7734 10490.2031 129319.1953
v  -45301.6055 10789.9238 129319.4375
v  -42822.4297 11089.6436 129319.6797
v  -40343.2617 11389.3633 129319.9063
v  -37864.0898 11389.3633 129320.1172
v  -35384.9180 11389.3633 129320.3281
v  -32905.7461 11689.0840 129320.5234
v  -30426.5742 11689.0840 129320.7266
v  -27947.4023 11689.0840 129320.9063
v  -25468.2305 11689.0840 129321.0859
v  -22989.0586 11689.0840 129321.2422
v  -20509.8906 11389.3633 129321.4063
v  -18030.7188 11389.3633 129321.5391
v  -15551.5469 11089.6436 129321.6797
v  -13072.3750 10789.9238 129321.7969
v  -10593.2051 10789.9238 129321.9219
v  -8114.0332 10789.9238 129322.0313
v  -5634.8633 11089.6436 129322.1328
v  -3155.6914 11089.6436 129322.2266
v  -676.5195 10789.9238 129322.2969
v  1802.6504 10190.4834 129322.3750
v  4281.8223 9890.7627 129322.4375
v  6760.9941 9291.3232 129322.5000
v  9240.1641 8991.6025 129322.5391
v  11719.3359 8991.6025 129322.5703
v  14198.5068 9591.0430 129322.6016
v  16677.6777 9890.7627 129322.6172
v  19156.8496 10190.4834 129322.6172
v  21636.0195 10190.4834 129322.6172
v  24115.1914 9890.7627 129322.6016
v  26594.3633 9890.7627 129322.5859
v  29073.5352 9890.7627 129322.5547
v  31552.7051 9890.7627 129322.5313
v  34031.8750 9591.0430 129322.4844
v  36511.0469 9291.3232 129322.4219
v  38990.2188 8991.6025 129322.3438
v  41469.3906 8991.6025 129322.2813
v  43948.5625 8392.1621 129322.1953
v  46427.7344 8392.1621 129322.1016
v  48906.9023 8991.6025 129322.0000
v  51386.0742 9291.3232 129321.8906
v  53865.2461 9291.3232 129321.7734
v  56344.4180 9591.0430 129321.6328
v  58823.5898 9890.7627 129321.5000
v  61302.7578 9591.0430 129321.3438
v  63781.9297 9291.3232 129321.1953
v  66261.1016 8991.6025 129321.0234
v  68740.2734 8991.6025 129320.8438
v  71219.4453 8991.6025 129320.6641
v  73698.6172 8991.6025 129320.4688
v  76177.7891 8691.8828 129320.2656
v  78656.9609 8691.8828 129320.0547
v  81136.1250 8991.6025 129319.8281
v  83615.2969 8691.8828 129319.6016
v  86094.4688 8392.1621 129319.3594
v  88573.6406 7792.7227 129319.1172
v  91052.8125 7493.0024 129318.8438
v  93531.9844 6593.8418 129318.5859
v  96011.1563 5694.6816 129318.3125
v  98490.3281 5095.2417 129318.0234
v  100969.5000 4196.0811 129317.7188
v  103448.6719 3296.9209 129317.4219
v  105927.8438 2997.2009 129317.1016
v  108407.0156 2397.7607 129316.7813
v  110886.1875 1498.6005 129316.4453
v  113365.3516 899.1603 129316.1172
v  115844.5234 599.4402 129315.7656
v  118323.6953 599.4402 129315.4063
v  120802.8672 599.4402 129315.0391
v  123282.0391 1198.8804 129314.6563
v  125761.2109 1198.8804 129314.2656
v  128240.3828 1198.8804 129313.8750
v  130719.5547 1198.8804 129313.4609
v  133198.7188 899.1603 129313.0547
v  135677.9063 1198.8804 129312.6250
v  138157.0625 1198.8804 129312.1875
v  140636.2500 1498.6005 129311.7500
v  143115.4063 2098.0405 129311.2969
v  145594.5938 2697.4810 129310.8359
v  148073.7500 3296.9209 129310.3672
v  150552.9219 3896.3613 129309.8828
v  153032.0938 4196.0811 129309.3984
v  155511.2656 4495.8013 129308.8984
v  157990.4375 4495.8013 129308.3984
v  160469.6094 4495.8013 129307.8828
v  -117143.2969 -3302.2639 -135660.8281
v  -119621.5000 -3301.0647 -135661.3438
v  -119622.3125 -3299.2661 -131821.1875
v  -114665.0938 -3302.8635 -135660.2969
v  -112186.9375 -3302.8635 -135659.8125
v  -109708.7344 -3302.2639 -135659.3281
v  -107230.5391 -3302.2639 -135658.8281
v  -104752.3750 -3302.2639 -135658.3906
v  -102274.1484 -3302.2639 -135657.9375
v  -99795.9844 -3301.0647 -135657.4844
v  -97317.7656 -3301.0647 -135657.0313
v  -94839.5859 -3299.8655 -135656.6250
v  -92361.4063 -3299.2656 -135656.1719
v  -89883.2109 -3299.2656 -135655.7813
v  -87405.0078 -3299.2656 -135655.3750
v  -84926.8203 -3299.8655 -135655.0000
v  -82448.6250 -3301.0647 -135654.5781
v  -79970.4375 -3301.6641 -135654.2344
v  -77492.2422 -3301.6641 -135653.8438
v  -75014.0625 -3301.6641 -135653.5000
v  -72535.8594 -3301.6641 -135653.1563
v  -70057.6797 -3302.2639 -135652.7969
v  -67579.5000 -3303.4631 -135652.5000
v  -65101.2969 -3304.6624 -135652.1563
v  -62623.1172 -3304.6624 -135651.8281
v  -60144.9297 -3305.8616 -135651.5625
v  -57666.7266 -3306.4614 -135651.2656
v  -55188.5313 -3307.0610 -135650.9688
v  -52710.3516 -3307.6606 -135650.6875
v  -50232.1563 -3307.6606 -135650.4531
v  -47753.9766 -3307.6606 -135650.1875
v  -45275.7734 -3307.0610 -135649.9531
v  -42797.5938 -3306.4614 -135649.7031
v  -40319.3906 -3305.8616 -135649.4844
v  -37841.2031 -3304.6624 -135649.2344
v  -35363.0078 -3303.4631 -135649.0313
v  -32884.8164 -3301.6641 -135648.8594
v  -30406.6406 -3301.0647 -135648.6406
v  -27928.4492 -3300.4651 -135648.4844
v  -25450.2539 -3299.2656 -135648.2969
v  -22972.0664 -3298.6660 -135648.1406
v  -20493.8633 -3298.6660 -135648.0000
v  -18015.6797 -3298.6660 -135647.8125
v  -15537.4922 -3298.6660 -135647.6719
v  -13059.3008 -3298.0664 -135647.5781
v  -10581.1113 -3298.0664 -135647.4375
v  -8102.9238 -3297.4670 -135647.3281
v  -5624.7266 -3297.4670 -135647.2500
v  -3146.5352 -3297.4670 -135647.1563
v  -668.3477 -3296.8672 -135647.0625
v  1809.8438 -3296.8672 -135646.9844
v  4288.0313 -3296.2676 -135646.9531
v  6766.2227 -3296.2676 -135646.9063
v  9244.4121 -3296.2676 -135646.8438
v  11722.6016 -3296.2676 -135646.8125
v  14200.7949 -3296.2676 -135646.7969
v  16678.9844 -3296.2676 -135646.7813
v  19157.1758 -3296.2676 -135646.7656
v  21635.3652 -3296.2676 -135646.7656
v  24113.5547 -3295.6680 -135646.7813
v  26591.7461 -3295.0681 -135646.7969
v  29069.9375 -3294.4688 -135646.8125
v  31548.1250 -3293.8691 -135646.8438
v  34026.3164 -3293.8691 -135646.9219
v  36504.5078 -3293.2695 -135646.9531
v  38982.7031 -3293.2695 -135647.0469
v  41460.8906 -3293.8691 -135647.0938
v  43939.0820 -3293.8691 -135647.1875
v  46417.2734 -3293.8691 -135647.2813
v  48895.4609 -3294.4688 -135647.3906
v  51373.6563 -3293.8691 -135647.5156
v  53851.8398 -3293.8691 -135647.6250
v  56330.0352 -3294.4688 -135647.7500
v  58808.2227 -3294.4688 -135647.8906
v  61286.4141 -3295.0681 -135648.0313
v  63764.5977 -3295.6680 -135648.2031
v  66242.7969 -3295.6680 -135648.3750
v  68720.9844 -3295.6680 -135648.5156
v  71199.1797 -3295.0681 -135648.7188
v  73677.3750 -3293.8691 -135648.8906
v  76155.5469 -3292.6697 -135649.1406
v  78633.7422 -3291.4705 -135649.3438
v  81111.9375 -3291.4705 -135649.5625
v  83590.1250 -3292.6697 -135649.7500
v  86068.3281 -3294.4688 -135650.0000
v  88546.5156 -3295.6680 -135650.2813
v  91024.6953 -3295.6680 -135650.5469
v  93502.8906 -3295.0681 -135650.7969
v  95981.0859 -3295.6680 -135651.0781
v  98459.2734 -3297.4670 -135651.3438
v  100937.4688 -3298.0664 -135651.6719
v  103415.6406 -3298.0664 -135651.9375
v  105893.8438 -3298.0664 -135652.2813
v  108372.0156 -3297.4670 -135652.6094
v  110850.2188 -3297.4670 -135652.9063
v  113328.3984 -3297.4670 -135653.2500
v  115806.5859 -3297.4670 -135653.6094
v  118284.8047 -3296.8672 -135653.9844
v  120762.9688 -3296.2676 -135654.3281
v  123241.1797 -3295.6680 -135654.7188
v  125719.3438 -3295.6680 -135655.0938
v  128197.5469 -3296.2676 -135655.5156
v  130675.7266 -3296.2676 -135655.9219
v  133153.9375 -3296.2676 -135656.2969
v  135632.1094 -3296.2676 -135656.7656
v  138110.3125 -3296.8672 -135657.1719
v  140588.5000 -3297.4670 -135657.6250
v  143066.6875 -3297.4670 -135658.0938
v  145544.8906 -3297.4670 -135658.5469
v  148023.0938 -3296.8672 -135659.0156
v  150501.2500 -3296.8672 -135659.5000
v  152979.4375 -3296.8672 -135659.9844
v  155457.6563 -3296.2676 -135660.4844
v  157935.8438 -3296.2676 -135660.9844
v  160414.8125 -3296.2678 -131821.3594
v  160414.0469 -3296.2676 -135661.5000
v  -119623.0938 -3297.4673 -127981.0547
v  160415.6406 -3296.2678 -127981.2266
v  -119623.9063 -3296.8679 -124140.9063
v  160416.4219 -3297.4673 -124141.0859
v  -119624.6875 -3296.8679 -120300.7734
v  160417.2344 -3298.0671 -120300.9453
v  -119625.5156 -3296.2686 -116460.6328
v  160418.0625 -3298.0671 -116460.8125
v  -119626.2813 -3295.6689 -112620.5078
v  160418.8438 -3298.0676 -112620.6797
v  -119627.1094 -3296.2688 -108780.3672
v  160419.6563 -3298.6672 -108780.5469
v  -119627.9219 -3296.2690 -104940.2266
v  160420.4844 -3299.8669 -104940.4063
v  -119628.7031 -3296.2690 -101100.0938
v  160421.2656 -3299.8669 -101100.2734
v  -119629.4844 -3295.6697 -97259.9453
v  160422.0938 -3300.4668 -97260.1250
v  -119630.2969 -3295.0703 -93419.8203
v  160422.9063 -3300.4668 -93420.0000
v  -119631.1250 -3295.0703 -89579.6875
v  160423.6875 -3301.0669 -89579.8672
v  -119631.8906 -3294.4709 -85739.5469
v  160424.5156 -3299.8677 -85739.7266
v  -119632.7188 -3294.4712 -81899.4141
v  160425.2813 -3299.2681 -81899.5938
v  -119633.5000 -3295.0708 -78059.2813
v  160426.1250 -3298.6687 -78059.4609
v  -119634.3281 -3296.2703 -74219.1406
v  160426.9375 -3299.2686 -74219.3203
v  -119635.0938 -3296.2705 -70379.0156
v  160427.7031 -3300.4680 -70379.1875
v  -119635.9063 -3295.0713 -66538.8750
v  160428.5469 -3300.4680 -66539.0469
v  -119636.7344 -3295.0718 -62698.7383
v  160429.3438 -3299.8687 -62698.9063
v  -119637.5000 -3294.4719 -58858.6055
v  160430.1406 -3299.2690 -58858.7773
v  -119638.3438 -3295.0720 -55018.4648
v  160430.9688 -3299.2690 -55018.6367
v  -119639.1094 -3295.6716 -51178.3320
v  160431.7344 -3298.6697 -51178.5039
v  -119639.9375 -3296.2715 -47338.1953
v  160432.5625 -3298.0703 -47338.3672
v  -119640.7031 -3296.8713 -43498.0586
v  160433.3906 -3298.0706 -43498.2305
v  -119641.5156 -3297.4709 -39657.9219
v  160434.1563 -3298.0706 -39658.0898
v  -119642.3438 -3296.8716 -35817.7813
v  160434.9844 -3298.6707 -35817.9531
v  -119643.1094 -3293.8738 -31977.6465
v  160435.7656 -3298.6707 -31977.8184
v  -119643.9531 -3291.4753 -28137.5078
v  160436.5781 -3298.0713 -28137.6855
v  -119644.7031 -3289.6765 -24297.3691
v  160437.4063 -3298.0715 -24297.5469
v  -119645.5469 -3287.8777 -20457.2363
v  160438.1875 -3298.0715 -20457.4082
v  -119646.3125 -3287.8779 -16617.0996
v  160439.0000 -3298.0718 -16617.2734
v  -119647.1250 -3288.4778 -12776.9639
v  160439.8438 -3298.6714 -12777.1387
v  -119647.9219 -3288.4780 -8936.8262
v  160440.5938 -3298.6719 -8937.0000
v  -119648.7188 -3288.4780 -5096.6904
v  160441.4375 -3298.6719 -5096.8643
v  -119649.5156 -3288.4783 -1256.5540
v  160442.2656 -3298.6721 -1256.7274
v  -119650.3281 -3287.8789 2583.5815
v  160443.0156 -3298.6721 2583.4092
v  -119651.1563 -3287.2793 6423.7192
v  160443.8594 -3298.6724 6423.5449
v  -119651.9219 -3287.2795 10263.8545
v  160444.6250 -3298.6726 10263.6797
v  -119652.7500 -3287.8792 14103.9922
v  160445.4531 -3298.0730 14103.8203
v  -119653.5313 -3287.8794 17944.1270
v  160446.2813 -3298.6729 17943.9551
v  -119654.3438 -3287.2800 21784.2617
v  160447.0469 -3299.2727 21784.0879
v  -119655.1250 -3287.2800 25624.4004
v  160447.8750 -3299.2729 25624.2246
v  -119655.9375 -3287.2803 29464.5371
v  160448.7031 -3299.2729 29464.3633
v  -119656.7656 -3287.2808 33304.6719
v  160449.4688 -3299.2732 33304.5000
v  -119657.5313 -3288.4800 37144.8086
v  160450.2969 -3299.2732 37144.6328
v  -119658.3594 -3289.0796 40984.9453
v  160451.0781 -3299.8730 40984.7695
v  -119659.1406 -3290.2791 44825.0742
v  160451.8906 -3299.8735 44824.8984
v  -119659.9531 -3292.0781 48665.2188
v  160452.7188 -3300.4731 48665.0430
v  -119660.7344 -3295.0764 52505.3438
v  160453.5000 -3299.8738 52505.1758
v  -119661.5469 -3296.8755 56345.4961
v  160454.3125 -3299.8738 56345.3203
v  -119662.3750 -3296.8760 60185.6211
v  160455.1563 -3299.2744 60185.4453
v  -119663.1406 -3297.4756 64025.7578
v  160455.9063 -3299.8740 64025.5859
v  -119663.9688 -3297.4758 67865.8906
v  160456.7344 -3301.0737 67865.7188
v  -119664.7344 -3297.4758 71706.0313
v  160457.5156 -3301.0737 71705.8594
v  -119665.5625 -3297.4761 75546.1719
v  160458.3281 -3301.0740 75545.9922
v  -119666.3438 -3297.4763 79386.3125
v  160459.1719 -3301.0740 79386.1406
v  -119667.1563 -3296.8767 83226.4531
v  160459.9375 -3301.6738 83226.2813
v  -119667.9531 -3296.8770 87066.5859
v  160460.7656 -3302.2737 87066.4141
v  -119668.7656 -3297.4766 90906.7109
v  160461.5938 -3302.8735 90906.5391
v  -119669.5313 -3298.0767 94746.8672
v  160462.3438 -3302.8735 94746.6953
v  -119670.3594 -3298.0767 98586.9922
v  160463.1875 -3303.4734 98586.8125
v  -119671.1719 -3297.4773 102427.1406
v  160464.0156 -3304.0732 102426.9688
v  -119671.9531 -3296.2781 106267.2656
v  160464.7813 -3304.0735 106267.0938
v  -119672.7813 -3296.2786 110107.4063
v  160465.6094 -3304.6731 110107.2344
v  -119673.5625 -3296.2786 113947.5391
v  160466.3906 -3304.6733 113947.3672
v  -119674.3750 -3296.2788 117787.6875
v  160467.2031 -3305.2732 117787.5156
v  -119675.1406 -3296.8784 121627.8281
v  160468.0156 -3306.4724 121627.6563
v  -119675.9688 -3297.4780 125467.9609
v  160468.8125 -3307.6719 125467.7813
v  -119676.7813 -3296.8787 129308.0938
v  -117197.6094 -3296.8787 129308.5781
v  -114718.4375 -3296.8787 129309.0938
v  -112239.2656 -3296.2791 129309.5781
v  -109760.0938 -3295.6797 129310.0703
v  -107280.9141 -3295.6797 129310.5547
v  -104801.7344 -3295.0798 129311.0078
v  -102322.5625 -3295.6797 129311.4609
v  -99843.3984 -3295.6797 129311.9141
v  -97364.2031 -3296.2791 129312.3594
v  -94885.0313 -3296.8787 129312.7813
v  -92405.8594 -3296.8787 129313.2188
v  -89926.7109 -3297.4785 129313.6172
v  -87447.5391 -3297.4785 129314.0234
v  -84968.3672 -3296.2791 129314.4297
v  -82489.1797 -3295.0798 129314.8281
v  -80010.0078 -3294.4802 129315.2031
v  -77530.8359 -3293.8806 129315.5391
v  -75051.6641 -3293.2810 129315.8906
v  -72572.4922 -3293.2810 129316.2344
v  -70093.3281 -3293.2810 129316.5859
v  -67614.1563 -3293.8806 129316.9063
v  -65134.9844 -3295.0798 129317.2500
v  -62655.8125 -3296.2791 129317.5547
v  -60176.6484 -3296.2791 129317.8750
v  -57697.4609 -3296.8787 129318.1484
v  -55218.2969 -3297.4785 129318.4219
v  -52739.1328 -3298.0781 129318.7109
v  -50259.9453 -3298.0781 129318.9531
v  -47780.7969 -3298.0781 129319.2266
v  -45301.6211 -3297.4785 129319.4688
v  -42822.4414 -3296.8787 129319.7109
v  -40343.2773 -3296.2791 129319.9219
v  -37864.1094 -3296.2791 129320.1641
v  -35384.9258 -3296.2791 129320.3594
v  -32905.7578 -3295.6797 129320.5391
v  -30426.5742 -3295.6797 129320.7422
v  -27947.4141 -3295.6797 129320.9219
v  -25468.2461 -3295.6797 129321.1328
v  -22989.0625 -3295.6797 129321.2656
v  -20509.9023 -3296.2791 129321.4375
v  -18030.7266 -3296.2791 129321.5703
v  -15551.5508 -3296.8787 129321.7109
v  -13072.3828 -3297.4785 129321.8125
v  -10593.2129 -3297.4785 129321.9531
v  -8114.0371 -3297.4785 129322.0547
v  -5634.8672 -3296.8787 129322.1641
v  -3155.6914 -3296.8787 129322.2422
v  -676.5234 -3297.4785 129322.3281
v  1802.6504 -3298.6777 129322.4063
v  4281.8213 -3299.2773 129322.4844
v  6760.9912 -3300.4766 129322.5156
v  9240.1611 -3301.0762 129322.5859
v  11719.3330 -3301.0762 129322.5859
v  14198.5059 -3299.8770 129322.6172
v  16677.6777 -3299.2773 129322.6484
v  19156.8496 -3298.6777 129322.6484
v  21636.0215 -3298.6777 129322.6484
v  24115.1914 -3299.2773 129322.6172
v  26594.3633 -3299.2773 129322.6172
v  29073.5352 -3299.2773 129322.5859
v  31552.7070 -3299.2773 129322.5391
v  34031.8789 -3299.8770 129322.5156
v  36511.0547 -3300.4766 129322.4375
v  38990.2266 -3301.0762 129322.3750
v  41469.3984 -3301.0762 129322.2969
v  43948.5703 -3302.2756 129322.2422
v  46427.7383 -3302.2756 129322.1328
v  48906.9063 -3301.0762 129322.0313
v  51386.0820 -3300.4766 129321.9219
v  53865.2539 -3300.4766 129321.7813
v  56344.4258 -3299.8770 129321.6484
v  58823.5977 -3299.2773 129321.5156
v  61302.7656 -3299.8770 129321.3594
v  63781.9375 -3300.4766 129321.2266
v  66261.1172 -3301.0762 129321.0547
v  68740.2891 -3301.0762 129320.8750
v  71219.4609 -3301.0762 129320.6797
v  73698.6250 -3301.0762 129320.5000
v  76177.7969 -3301.6758 129320.2969
v  78656.9688 -3301.6758 129320.0859
v  81136.1406 -3301.0762 129319.8438
v  83615.3125 -3301.6758 129319.6328
v  86094.4766 -3302.2756 129319.3906
v  88573.6641 -3303.4746 129319.1484
v  91052.8281 -3304.0742 129318.8750
v  93532.0000 -3305.8733 129318.6016
v  96011.1719 -3307.6721 129318.3594
v  98490.3438 -3308.8716 129318.0391
v  100969.5156 -3310.6702 129317.7344
v  103448.6875 -3312.4692 129317.4453
v  105927.8594 -3313.0686 129317.1484
v  108407.0469 -3314.2681 129316.7969
v  110886.1953 -3316.0671 129316.4766
v  113365.3672 -3317.2661 129316.1328
v  115844.5391 -3317.8660 129315.7969
v  118323.7109 -3317.8660 129315.4453
v  120802.8828 -3317.8660 129315.0547
v  123282.0703 -3316.6665 129314.6719
v  125761.2422 -3316.6665 129314.2969
v  128240.3906 -3316.6665 129313.8828
v  130719.5625 -3316.6665 129313.5078
v  133198.7344 -3317.2661 129313.0859
v  135677.9063 -3316.6665 129312.6406
v  138157.0938 -3316.6665 129312.2188
v  140636.2500 -3316.0671 129311.7656
v  143115.4375 -3314.8677 129311.3281
v  145594.5938 -3313.6685 129310.8672
v  148073.7500 -3312.4692 129310.3828
v  150552.9219 -3311.2700 129309.8984
v  153032.1094 -3310.6702 129309.4141
v  155511.2813 -3310.0706 129308.9297
v  157990.4531 -3310.0706 129308.4141
v  160469.6250 -3310.0706 129307.9297
# 8344 vertices

vn 0.0124 0.9906 -0.1361
vn 0.0371 0.9877 -0.1518
vn 0.0497 0.9905 -0.1281
vn 0.0124 0.9926 -0.1204
vn 0.0248 0.9881 -0.1516
vn 0.0247 0.9842 -0.1751
vn 0.0186 0.9900 -0.1400
vn 0.0000 0.9872 -0.1596
vn -0.0124 0.9926 -0.1203
vn -0.0248 0.9893 -0.1440
vn -0.0124 0.9936 -0.1122
vn -0.0124 0.9883 -0.1518
vn -0.0186 0.9930 -0.1162
vn -0.0123 0.9858 -0.1674
vn -0.0497 0.9915 -0.1198
vn -0.0490 0.9833 -0.1749
vn -0.0309 0.9928 -0.1159
vn -0.0371 0.9852 -0.1673
vn -0.0186 0.9948 -0.1003
vn -0.0369 0.9877 -0.1518
vn -0.0248 0.9971 -0.0722
vn -0.0497 0.9905 -0.1282
vn -0.0062 0.9986 -0.0523
vn -0.0124 0.9944 -0.1045
vn -0.0187 0.9984 -0.0524
vn -0.0125 0.9978 -0.0642
vn 0.0000 0.9917 -0.1283
vn 0.0309 0.9960 -0.0838
vn 0.0495 0.9859 -0.1595
vn 0.0620 0.9927 -0.1036
vn 0.0738 0.9818 -0.1746
vn 0.0560 0.9925 -0.1082
vn 0.0493 0.9860 -0.1593
vn 0.0437 0.9948 -0.0924
vn 0.0248 0.9914 -0.1282
vn 0.0437 0.9967 -0.0685
vn 0.0249 0.9950 -0.0965
vn 0.0624 0.9969 -0.0483
vn 0.0500 0.9966 -0.0644
vn 0.0748 0.9964 -0.0403
vn 0.0749 0.9960 -0.0483
vn 0.0748 0.9960 -0.0482
vn 0.0873 0.9946 -0.0563
vn 0.0811 0.9953 -0.0523
vn 0.0747 0.9960 -0.0482
vn 0.0811 0.9960 -0.0362
vn 0.0625 0.9977 -0.0242
vn 0.0935 0.9955 -0.0121
vn 0.0749 0.9970 -0.0161
vn 0.0811 0.9966 0.0121
vn 0.0625 0.9980 -0.0080
vn 0.0438 0.9986 0.0282
vn 0.0375 0.9992 -0.0081
vn 0.0063 0.9996 0.0282
vn 0.0125 0.9996 -0.0242
vn 0.0000 0.9997 0.0241
vn 0.0000 0.9995 -0.0323
vn 0.0000 0.9995 0.0322
vn -0.0125 0.9996 -0.0242
vn -0.0188 0.9988 0.0443
vn -0.0250 0.9997 -0.0000
vn -0.0500 0.9976 0.0484
vn -0.0500 0.9986 0.0161
vn -0.0935 0.9946 0.0441
vn -0.0873 0.9961 0.0080
vn -0.1057 0.9937 0.0360
vn -0.0997 0.9950 -0.0000
vn -0.1120 0.9932 0.0320
vn -0.1120 0.9937 0.0080
vn -0.1058 0.9940 0.0281
vn -0.0996 0.9949 0.0161
vn -0.0499 0.9984 0.0242
vn -0.0187 0.9991 0.0363
vn -0.0375 0.9985 0.0403
vn -0.0312 0.9977 0.0604
vn -0.0499 0.9955 0.0805
vn -0.0375 0.9966 0.0725
vn -0.0374 0.9954 0.0885
vn -0.0375 0.9972 0.0645
vn -0.0250 0.9976 0.0645
vn -0.0250 0.9985 0.0484
vn -0.0125 0.9991 0.0404
vn -0.0250 0.9989 0.0404
vn -0.0250 0.9991 0.0323
vn -0.0250 0.9989 0.0403
vn -0.0187 0.9988 0.0444
vn -0.0313 0.9985 0.0444
vn -0.0313 0.9988 0.0363
vn -0.0250 0.9995 0.0161
vn -0.0313 0.9991 0.0283
vn -0.0313 0.9993 0.0202
vn 0.0000 0.9998 0.0161
vn 0.0188 0.9996 0.0202
vn 0.0125 0.9996 0.0242
vn 0.0000 0.9997 0.0242
vn 0.0000 0.9995 0.0323
vn -0.0063 0.9998 0.0202
vn -0.0063 0.9999 0.0121
vn -0.0188 0.9998 0.0040
vn -0.0125 0.9996 0.0242
vn -0.0375 0.9990 0.0242
vn -0.0312 0.9985 0.0444
vn -0.0375 0.9977 0.0565
vn -0.0375 0.9981 0.0484
vn -0.0374 0.9977 0.0564
vn -0.0187 0.9996 0.0201
vn 0.0000 0.9998 -0.0161
vn -0.0125 0.9991 -0.0404
vn -0.0125 0.9999 -0.0080
vn 0.0000 0.9979 -0.0645
vn 0.0000 0.9967 -0.0806
vn -0.0125 0.9994 -0.0323
vn -0.0125 0.9973 -0.0725
vn 0.0062 0.9993 -0.0363
vn 0.0125 0.9973 -0.0725
vn 0.0561 0.9977 -0.0363
vn 0.0934 0.9954 -0.0201
vn 0.0562 0.9984 -0.0040
vn 0.0500 0.9986 0.0161
vn 0.0125 0.9999 -0.0000
vn 0.0125 0.9999 0.0081
vn -0.0250 0.9996 -0.0081
vn -0.0125 0.9999 -0.0081
vn -0.0687 0.9972 -0.0282
vn -0.0500 0.9982 -0.0322
vn -0.0687 0.9970 -0.0362
vn -0.0749 0.9960 -0.0483
vn -0.0500 0.9986 -0.0161
vn -0.0749 0.9966 -0.0322
vn -0.0750 0.9972 -0.0000
vn -0.0374 0.9990 0.0242
vn 0.0375 0.9985 0.0403
vn 0.0498 0.9982 0.0323
vn 0.0935 0.9954 0.0201
vn 0.1119 0.9934 0.0241
vn 0.1303 0.9915 0.0040
vn 0.1364 0.9903 0.0240
vn 0.0805 0.9967 0.0040
vn 0.0746 0.9960 0.0483
vn -0.0125 0.9998 0.0161
vn -0.0125 0.9983 0.0565
vn 0.0437 0.9990 0.0121
vn 0.0623 0.9977 0.0243
vn 0.0749 0.9971 -0.0081
vn 0.0873 0.9961 -0.0081
vn 0.0437 0.9990 -0.0121
vn 0.0000 1.0000 -0.0000
vn 0.0125 0.9998 0.0161
vn 0.0063 0.9996 0.0283
vn 0.0000 0.9988 0.0484
vn -0.0188 0.9994 0.0282
vn -0.0188 0.9996 0.0202
vn -0.0375 0.9987 0.0323
vn -0.0375 0.9981 0.0483
vn -0.0125 0.9983 0.0564
vn -0.0062 0.9990 0.0444
vn 0.0187 0.9996 0.0202
vn 0.0250 0.9994 0.0242
vn 0.0250 0.9995 0.0161
vn 0.0313 0.9993 0.0202
vn 0.0375 0.9992 0.0081
vn 0.0250 0.9997 -0.0000
vn 0.0125 0.9994 0.0323
vn -0.0437 0.9984 0.0363
vn -0.0438 0.9986 0.0283
vn -0.0125 0.9999 0.0081
vn -0.0187 0.9975 -0.0683
vn -0.0250 0.9976 -0.0645
vn 0.0187 0.9969 -0.0763
vn 0.0437 0.9961 -0.0764
vn 0.0125 0.9978 -0.0645
vn -0.0062 0.9986 -0.0524
vn -0.0250 0.9985 -0.0484
vn -0.0437 0.9980 -0.0443
vn -0.0187 0.9991 -0.0363
vn 0.0063 0.9996 -0.0283
vn 0.0125 0.9998 -0.0161
vn 0.0063 1.0000 -0.0040
vn -0.0313 0.9995 -0.0040
vn 0.0063 0.9999 -0.0121
vn 0.0437 0.9988 -0.0201
vn 0.0562 0.9980 -0.0282
vn 0.0687 0.9972 -0.0282
vn 0.0687 0.9974 -0.0201
vn 0.0625 0.9975 -0.0322
vn 0.0873 0.9956 -0.0321
vn 0.1058 0.9940 -0.0281
vn 0.1303 0.9914 -0.0120
vn 0.1302 0.9913 0.0201
vn 0.0809 0.9949 0.0603
vn 0.0250 0.9950 0.0965
vn 0.0123 0.9927 0.1200
vn 0.0062 0.9922 0.1242
vn -0.0186 0.9930 0.1164
vn -0.0497 0.9924 0.1122
vn -0.1053 0.9886 0.1079
vn -0.1174 0.9880 0.0997
vn -0.1238 0.9884 0.0878
vn -0.1237 0.9897 0.0718
vn -0.0560 0.9966 0.0603
vn -0.0062 0.9986 0.0524
vn -0.0063 0.9986 0.0525
vn -0.0312 0.9977 0.0605
vn -0.0562 0.9966 0.0604
vn -0.0437 0.9977 0.0524
vn -0.0187 0.9984 0.0525
vn -0.0250 0.9981 0.0565
vn -0.0188 0.9991 0.0363
vn -0.0438 0.9984 0.0363
vn -0.0063 0.9996 0.0283
vn -0.0188 0.9997 0.0121
vn -0.0250 0.9996 0.0081
vn -0.0187 0.9980 0.0605
vn -0.0249 0.9985 0.0483
vn -0.0062 0.9993 0.0363
vn 0.0436 0.9988 0.0202
vn 0.0873 0.9961 -0.0080
vn 0.0624 0.9977 -0.0242
vn -0.0437 0.9986 -0.0282
vn -0.0749 0.9969 -0.0242
vn -0.0500 0.9987 -0.0080
vn 0.0188 0.9991 0.0363
vn 0.0748 0.9960 -0.0483
vn 0.0125 0.9987 -0.0484
vn 0.0062 0.9996 -0.0283
vn 0.0313 0.9994 -0.0121
vn 0.0500 0.9986 -0.0161
vn 0.0562 0.9982 -0.0202
vn 0.0438 0.9990 -0.0040
vn 0.0188 0.9998 0.0040
vn -0.0063 0.9999 -0.0121
vn -0.0250 0.9994 -0.0242
vn -0.0250 0.9995 -0.0161
vn 0.0000 0.9984 0.0564
vn -0.0125 0.9973 0.0725
vn -0.0374 0.9972 0.0645
vn 0.0188 0.9994 0.0283
vn 0.0188 0.9997 0.0121
vn 0.0250 0.9996 0.0081
vn 0.0000 0.9999 0.0081
vn -0.0375 0.9991 0.0161
vn 0.0062 0.9999 0.0121
vn 0.0375 0.9993 -0.0000
vn -0.0062 0.9996 -0.0283
vn -0.0188 0.9994 -0.0283
vn -0.0063 1.0000 -0.0040
vn 0.0188 0.9997 -0.0121
vn -0.0188 0.9997 -0.0121
vn 0.0500 0.9987 -0.0000
vn 0.0625 0.9980 -0.0081
vn 0.0562 0.9977 -0.0363
vn 0.0562 0.9974 -0.0443
vn 0.0687 0.9966 -0.0443
vn 0.0996 0.9945 -0.0321
vn 0.1181 0.9928 -0.0200
vn 0.1485 0.9888 -0.0160
vn 0.1727 0.9849 -0.0079
vn 0.1422 0.9896 0.0203
vn 0.0809 0.9949 0.0604
vn 0.0375 0.9954 0.0879
vn 0.0000 0.9954 0.0961
vn -0.0249 0.9950 0.0964
vn -0.0372 0.9939 0.1041
vn -0.0926 0.9879 0.1238
vn -0.1233 0.9831 0.1351
vn -0.1412 0.9813 0.1310
vn -0.1351 0.9826 0.1270
vn -0.0681 0.9900 0.1238
vn -0.0248 0.9934 0.1122
vn -0.0062 0.9949 0.1004
vn -0.0374 0.9954 0.0884
vn -0.0747 0.9946 0.0723
vn -0.0499 0.9967 0.0644
vn -0.0125 0.9978 0.0645
vn -0.0187 0.9975 0.0685
vn -0.0437 0.9972 0.0604
vn -0.0374 0.9985 0.0403
vn -0.0125 0.9994 0.0323
vn -0.0187 0.9996 0.0202
vn -0.0188 0.9994 0.0283
vn -0.0062 0.9998 0.0202
vn 0.0063 0.9990 0.0444
vn 0.0375 0.9991 0.0161
vn 0.0438 0.9990 -0.0121
vn -0.0375 0.9990 -0.0242
vn -0.0438 0.9990 -0.0040
vn -0.0313 0.9994 0.0121
vn 0.0063 0.9998 0.0202
vn 0.0188 0.9994 0.0282
vn 0.0375 0.9991 -0.0161
vn 0.0437 0.9980 -0.0443
vn 0.0250 0.9981 -0.0565
vn 0.0437 0.9980 -0.0444
vn 0.0437 0.9986 -0.0282
vn 0.0375 0.9990 -0.0242
vn 0.0562 0.9980 -0.0283
vn 0.0438 0.9980 -0.0443
vn 0.0063 0.9981 -0.0602
vn -0.0125 0.9983 -0.0565
vn 0.0125 0.9994 -0.0323
vn 0.0250 0.9996 -0.0081
vn 0.0313 0.9995 0.0040
vn -0.0437 0.9980 0.0443
vn -0.0438 0.9980 0.0444
vn -0.0125 0.9999 -0.0000
vn -0.0250 0.9994 0.0242
vn -0.0125 0.9998 -0.0161
vn 0.0063 0.9998 -0.0202
vn 0.0313 0.9993 -0.0202
vn 0.0312 0.9985 -0.0444
vn 0.0375 0.9972 -0.0645
vn 0.0499 0.9961 -0.0725
vn 0.0809 0.9944 -0.0683
vn 0.1241 0.9907 -0.0561
vn 0.1424 0.9891 -0.0360
vn 0.1425 0.9894 -0.0280
vn 0.1543 0.9866 -0.0520
vn 0.1543 0.9845 -0.0836
vn 0.1049 0.9896 -0.0985
vn 0.0498 0.9934 -0.1029
vn 0.0184 0.9957 -0.0909
vn -0.0002 0.9980 -0.0635
vn 0.0125 0.9996 -0.0240
vn -0.0246 0.9992 0.0317
vn -0.0867 0.9923 0.0877
vn -0.1231 0.9842 0.1273
vn -0.1168 0.9810 0.1547
vn -0.0616 0.9827 0.1747
vn -0.0432 0.9829 0.1787
vn -0.0431 0.9869 0.1553
vn -0.0744 0.9900 0.1201
vn -0.0929 0.9906 0.1000
vn -0.0498 0.9941 0.0964
vn -0.0125 0.9952 0.0965
vn -0.0374 0.9946 0.0965
vn -0.0622 0.9934 0.0964
vn -0.0622 0.9941 0.0883
vn -0.0436 0.9961 0.0764
vn -0.0375 0.9966 0.0724
vn -0.0561 0.9977 0.0362
vn -0.0063 1.0000 0.0040
vn -0.0438 0.9988 0.0202
vn -0.0063 0.9993 0.0363
vn 0.0125 0.9991 0.0403
vn 0.0312 0.9993 -0.0202
vn 0.0312 0.9988 -0.0363
vn 0.0313 0.9981 -0.0524
vn 0.0062 0.9970 -0.0765
vn 0.0000 0.9961 -0.0885
vn -0.0062 0.9970 -0.0765
vn 0.0313 0.9985 -0.0444
vn 0.0438 0.9990 0.0121
vn 0.0313 0.9994 0.0121
vn 0.0188 0.9998 -0.0040
vn -0.0187 0.9997 0.0121
vn 0.0063 0.9999 0.0121
vn 0.0188 0.9991 -0.0363
vn 0.0500 0.9982 -0.0323
vn 0.0000 0.9992 -0.0404
vn 0.0063 0.9993 -0.0363
vn 0.0313 0.9995 -0.0040
vn 0.0499 0.9979 -0.0402
vn 0.0996 0.9945 -0.0322
vn 0.1423 0.9896 -0.0200
vn 0.1546 0.9878 -0.0200
vn 0.1118 0.9929 -0.0402
vn 0.0808 0.9932 -0.0842
vn 0.0860 0.9859 -0.1431
vn 0.0676 0.9787 -0.1938
vn 0.0366 0.9746 -0.2206
vn 0.0428 0.9736 -0.2243
vn 0.0613 0.9783 -0.1976
vn 0.0860 0.9848 -0.1509
vn 0.0617 0.9927 -0.1037
vn 0.0060 0.9990 -0.0441
vn -0.0370 0.9988 0.0317
vn -0.0496 0.9933 0.1040
vn -0.0309 0.9886 0.1476
vn -0.0493 0.9861 0.1588
vn -0.0865 0.9847 0.1513
vn -0.1108 0.9846 0.1353
vn -0.1050 0.9868 0.1236
vn -0.0495 0.9915 0.1202
vn -0.0125 0.9926 0.1204
vn -0.0373 0.9930 0.1124
vn -0.0683 0.9918 0.1082
vn -0.0807 0.9917 0.1002
vn -0.0499 0.9948 0.0884
vn -0.0933 0.9933 0.0683
vn -0.0934 0.9946 0.0442
vn -0.0562 0.9982 0.0201
vn -0.0063 0.9996 -0.0282
vn 0.0063 0.9996 -0.0282
vn 0.0062 0.9998 -0.0202
vn 0.0187 0.9988 0.0444
vn 0.0187 0.9980 0.0605
vn 0.0125 0.9978 0.0645
vn -0.0063 0.9981 0.0605
vn -0.0313 0.9971 0.0685
vn -0.0249 0.9976 0.0644
vn 0.0375 0.9987 0.0323
vn 0.0000 0.9988 -0.0484
vn 0.0188 0.9996 -0.0202
vn 0.0624 0.9980 0.0080
vn 0.0749 0.9972 -0.0000
vn 0.0500 0.9987 -0.0081
vn 0.0250 0.9995 -0.0161
vn -0.0062 0.9999 0.0121
vn 0.0375 0.9992 -0.0080
vn 0.0000 0.9999 -0.0081
vn -0.0188 0.9998 -0.0040
vn 0.0125 0.9999 -0.0081
vn 0.1181 0.9930 0.0040
vn 0.1364 0.9906 -0.0000
vn 0.1180 0.9926 -0.0282
vn 0.0623 0.9960 -0.0644
vn 0.0187 0.9955 -0.0925
vn 0.0186 0.9930 -0.1163
vn 0.0185 0.9900 -0.1397
vn 0.0122 0.9872 -0.1589
vn 0.0430 0.9845 -0.1700
vn 0.1043 0.9799 -0.1699
vn 0.1286 0.9783 -0.1622
vn 0.1108 0.9823 -0.1509
vn 0.0865 0.9880 -0.1278
vn 0.0745 0.9940 -0.0801
vn 0.0496 0.9986 -0.0158
vn 0.0063 0.9996 0.0280
vn -0.0311 0.9981 0.0522
vn -0.0681 0.9941 0.0840
vn -0.0988 0.9879 0.1197
vn -0.0987 0.9847 0.1434
vn -0.0556 0.9875 0.1475
vn -0.0310 0.9907 0.1321
vn -0.0310 0.9927 0.1163
vn -0.0373 0.9930 0.1123
vn -0.0930 0.9906 0.1001
vn -0.1052 0.9915 0.0761
vn -0.0624 0.9964 0.0563
vn -0.0748 0.9964 0.0403
vn -0.1180 0.9926 0.0281
vn -0.1119 0.9934 0.0241
vn -0.0687 0.9972 0.0282
vn -0.0375 0.9993 -0.0000
vn -0.0375 0.9991 -0.0161
vn -0.0188 0.9994 -0.0282
vn 0.0188 0.9994 -0.0283
vn 0.0125 0.9987 0.0484
vn 0.0375 0.9981 0.0484
vn 0.0250 0.9985 0.0484
vn 0.0125 0.9991 0.0404
vn -0.0062 0.9981 0.0604
vn -0.0312 0.9966 0.0765
vn -0.0312 0.9959 0.0845
vn -0.0436 0.9955 0.0844
vn -0.0311 0.9972 0.0684
vn 0.0188 0.9988 0.0444
vn -0.0500 0.9987 -0.0081
vn -0.0312 0.9994 -0.0121
vn 0.0562 0.9983 0.0121
vn 0.0500 0.9984 0.0241
vn 0.0438 0.9990 0.0040
vn 0.0250 0.9994 -0.0242
vn 0.0063 1.0000 0.0040
vn 0.0062 1.0000 0.0040
vn 0.0686 0.9976 -0.0121
vn 0.1181 0.9929 -0.0120
vn 0.1057 0.9940 -0.0281
vn 0.0686 0.9962 -0.0523
vn 0.0250 0.9970 -0.0725
vn 0.0063 0.9970 -0.0765
vn 0.0063 0.9976 -0.0685
vn 0.0063 0.9981 -0.0604
vn 0.0374 0.9977 -0.0562
vn 0.0929 0.9933 -0.0678
vn 0.1114 0.9891 -0.0958
vn 0.1112 0.9866 -0.1195
vn 0.1173 0.9854 -0.1235
vn 0.1294 0.9848 -0.1156
vn 0.1049 0.9886 -0.1077
vn 0.0497 0.9948 -0.0882
vn 0.0186 0.9984 -0.0522
vn -0.0247 0.9985 0.0481
vn -0.0558 0.9897 0.1318
vn -0.0557 0.9897 0.1321
vn -0.0435 0.9913 0.1242
vn -0.0497 0.9924 0.1123
vn -0.1172 0.9880 0.0999
vn -0.1419 0.9863 0.0835
vn -0.1055 0.9930 0.0520
vn -0.1119 0.9936 0.0160
vn -0.1304 0.9915 -0.0040
vn -0.1057 0.9944 -0.0040
vn -0.0625 0.9980 -0.0000
vn -0.0500 0.9987 -0.0000
vn -0.0438 0.9990 0.0040
vn 0.0313 0.9988 0.0363
vn 0.0250 0.9991 0.0323
vn -0.0435 0.9961 0.0763
vn -0.0561 0.9955 0.0765
vn 0.0499 0.9986 0.0161
vn 0.0624 0.9980 -0.0000
vn -0.0187 0.9998 -0.0040
vn 0.0623 0.9980 0.0000
vn 0.0749 0.9964 -0.0403
vn 0.0250 0.9991 -0.0323
vn 0.0188 0.9996 -0.0201
vn 0.0187 0.9998 0.0040
vn 0.0625 0.9980 0.0081
vn 0.0687 0.9976 -0.0120
vn 0.0809 0.9961 -0.0359
vn 0.1056 0.9926 -0.0598
vn 0.1176 0.9895 -0.0838
vn 0.0992 0.9896 -0.1038
vn 0.0745 0.9909 -0.1122
vn 0.0621 0.9926 -0.1043
vn 0.0685 0.9947 -0.0763
vn 0.0623 0.9975 -0.0320
vn 0.0187 0.9997 0.0121
vn -0.0249 0.9985 0.0482
vn -0.0436 0.9961 0.0763
vn -0.0373 0.9946 0.0964
vn -0.0622 0.9926 0.1043
vn -0.1234 0.9869 0.1037
vn -0.1661 0.9811 0.0992
vn -0.1600 0.9839 0.0795
vn -0.1664 0.9851 0.0437
vn -0.1604 0.9870 0.0078
vn -0.1119 0.9936 -0.0161
vn -0.0375 0.9987 -0.0323
vn -0.0313 0.9991 -0.0282
vn -0.0375 0.9992 -0.0081
vn 0.0187 0.9998 -0.0040
vn -0.0312 0.9995 0.0040
vn -0.0563 0.9983 0.0121
vn 0.0063 0.9993 0.0363
vn 0.0187 0.9996 -0.0202
vn 0.0250 0.9981 -0.0564
vn 0.0250 0.9985 -0.0484
vn 0.0313 0.9988 -0.0363
vn 0.0313 0.9991 -0.0282
vn -0.0187 0.9996 -0.0202
vn -0.0063 0.9998 -0.0202
vn -0.0063 0.9990 0.0444
vn 0.0312 0.9988 0.0363
vn 0.0500 0.9987 0.0081
vn 0.0375 0.9990 0.0242
vn 0.0562 0.9970 0.0523
vn 0.0500 0.9971 0.0564
vn 0.0500 0.9982 0.0323
vn 0.0687 0.9976 0.0121
vn 0.0811 0.9966 -0.0119
vn 0.0749 0.9966 -0.0321
vn 0.0624 0.9969 -0.0482
vn 0.0748 0.9956 -0.0561
vn 0.1056 0.9930 -0.0521
vn 0.0996 0.9938 -0.0482
vn 0.0187 0.9994 -0.0282
vn -0.0435 0.9984 0.0361
vn -0.1054 0.9926 0.0600
vn -0.1661 0.9832 0.0754
vn -0.1961 0.9780 0.0712
vn -0.2078 0.9766 0.0554
vn -0.2022 0.9787 0.0355
vn -0.1543 0.9880 0.0037
vn -0.0872 0.9959 -0.0242
vn -0.0187 0.9988 -0.0444
vn -0.0250 0.9989 -0.0403
vn -0.0313 0.9991 -0.0283
vn 0.0438 0.9986 -0.0283
vn -0.0250 0.9991 -0.0323
vn -0.0500 0.9982 -0.0323
vn -0.0250 0.9981 0.0564
vn -0.0062 0.9996 0.0283
vn 0.0062 0.9990 -0.0443
vn 0.0312 0.9977 -0.0605
vn 0.0374 0.9972 -0.0645
vn 0.0250 0.9976 -0.0645
vn 0.0437 0.9972 -0.0605
vn 0.0436 0.9980 -0.0443
vn 0.0062 0.9990 0.0444
vn 0.0187 0.9991 0.0363
vn 0.0748 0.9967 0.0322
vn 0.0873 0.9956 0.0322
vn 0.0562 0.9977 0.0363
vn 0.0438 0.9980 0.0444
vn 0.0312 0.9981 0.0524
vn 0.0374 0.9972 0.0645
vn 0.0685 0.9947 0.0764
vn 0.0436 0.9961 0.0765
vn 0.0438 0.9984 0.0363
vn 0.0562 0.9980 0.0282
vn 0.0749 0.9971 0.0081
vn 0.0935 0.9956 -0.0040
vn 0.0748 0.9966 -0.0322
vn 0.0312 0.9966 -0.0765
vn 0.0187 0.9969 -0.0764
vn 0.0062 0.9976 -0.0685
vn -0.0125 0.9983 -0.0564
vn -0.0685 0.9970 -0.0362
vn -0.1481 0.9888 -0.0161
vn -0.2079 0.9781 -0.0079
vn -0.2200 0.9755 -0.0079
vn -0.2141 0.9768 -0.0040
vn -0.1846 0.9828 -0.0000
vn -0.0993 0.9950 -0.0000
vn -0.0313 0.9995 0.0040
vn 0.0000 0.9997 -0.0242
vn -0.0062 1.0000 -0.0040
vn -0.0438 0.9988 -0.0202
vn 0.0499 0.9987 -0.0000
vn -0.0625 0.9979 0.0161
vn -0.0437 0.9988 0.0202
vn 0.0187 0.9988 -0.0443
vn 0.0374 0.9977 -0.0564
vn 0.0562 0.9961 -0.0685
vn 0.0498 0.9967 -0.0644
vn 0.0375 0.9981 -0.0484
vn 0.0375 0.9987 -0.0323
vn 0.0563 0.9984 -0.0040
vn 0.0562 0.9984 0.0040
vn 0.0686 0.9958 0.0604
vn 0.0748 0.9960 0.0483
vn 0.0374 0.9993 -0.0000
vn 0.0624 0.9980 -0.0081
vn 0.0873 0.9961 0.0081
vn -0.0062 0.9981 -0.0605
vn 0.0062 0.9957 -0.0925
vn 0.0249 0.9942 -0.1045
vn 0.0062 0.9964 -0.0846
vn -0.0436 0.9961 -0.0765
vn -0.1299 0.9892 -0.0679
vn -0.2019 0.9776 -0.0593
vn -0.2078 0.9770 -0.0473
vn -0.1905 0.9813 -0.0276
vn -0.1664 0.9860 -0.0038
vn -0.0872 0.9961 0.0161
vn 0.0687 0.9976 0.0120
vn -0.0125 0.9987 0.0484
vn -0.0562 0.9970 0.0524
vn -0.0312 0.9981 0.0524
vn 0.0000 0.9992 0.0403
vn 0.0312 0.9993 -0.0201
vn 0.0562 0.9977 -0.0362
vn 0.0624 0.9975 -0.0323
vn 0.0625 0.9979 -0.0161
vn 0.0250 0.9996 0.0080
vn 0.0624 0.9977 0.0241
vn 0.0625 0.9975 0.0323
vn 0.0625 0.9977 0.0242
vn 0.0313 0.9991 0.0283
vn 0.0438 0.9988 0.0202
vn 0.0250 0.9981 0.0564
vn 0.0437 0.9986 0.0282
vn 0.0188 0.9994 -0.0282
vn -0.0061 0.9986 -0.0523
vn 0.0561 0.9948 -0.0844
vn 0.0685 0.9933 -0.0923
vn 0.0373 0.9946 -0.0964
vn 0.0000 0.9953 -0.0964
vn -0.0062 0.9949 -0.1004
vn 0.0187 0.9939 -0.1083
vn 0.0622 0.9926 -0.1041
vn 0.0684 0.9947 -0.0762
vn 0.0995 0.9942 -0.0402
vn 0.1119 0.9936 -0.0160
vn -0.0249 0.9996 -0.0081
vn -0.0624 0.9975 -0.0323
vn -0.0375 0.9972 -0.0645
vn 0.0187 0.9962 -0.0845
vn 0.0561 0.9955 -0.0764
vn 0.0249 0.9981 -0.0565
vn -0.0313 0.9985 -0.0444
vn -0.1237 0.9915 -0.0401
vn -0.2022 0.9784 -0.0435
vn -0.1962 0.9794 -0.0474
vn -0.1606 0.9862 -0.0399
vn -0.1303 0.9912 -0.0201
vn -0.0623 0.9980 -0.0000
vn -0.0063 0.9996 -0.0283
vn 0.0437 0.9988 0.0201
vn 0.0749 0.9970 0.0161
vn 0.0313 0.9985 0.0444
vn 0.0624 0.9975 0.0322
vn 0.0438 0.9986 0.0283
vn 0.0562 0.9982 0.0202
vn 0.0500 0.9984 0.0242
vn -0.0125 0.9987 -0.0484
vn -0.0187 0.9969 -0.0765
vn 0.0000 0.9973 -0.0725
vn 0.0498 0.9948 -0.0884
vn 0.0312 0.9944 -0.1005
vn 0.0000 0.9945 -0.1045
vn -0.0249 0.9933 -0.1124
vn 0.0061 0.9922 -0.1241
vn 0.0867 0.9890 -0.1199
vn 0.1359 0.9868 -0.0878
vn 0.1603 0.9862 -0.0399
vn 0.1364 0.9906 -0.0080
vn 0.0687 0.9976 0.0040
vn -0.0249 0.9995 0.0161
vn -0.0935 0.9954 0.0201
vn -0.0811 0.9967 0.0039
vn 0.0062 0.9999 -0.0120
vn -0.0558 0.9974 -0.0441
vn -0.1474 0.9859 -0.0789
vn -0.2072 0.9737 -0.0942
vn -0.1898 0.9776 -0.0911
vn -0.1298 0.9886 -0.0759
vn -0.0809 0.9957 -0.0442
vn 0.0438 0.9988 -0.0202
vn 0.0499 0.9982 0.0323
vn 0.0749 0.9964 0.0403
vn 0.0625 0.9975 0.0322
vn 0.0125 0.9991 -0.0404
vn 0.0562 0.9982 0.0201
vn 0.0624 0.9977 0.0242
vn -0.0062 0.9990 -0.0444
vn -0.0375 0.9981 -0.0484
vn 0.0313 0.9985 -0.0443
vn -0.0375 0.9985 -0.0403
vn 0.0000 0.9992 -0.0402
vn 0.0991 0.9943 -0.0400
vn 0.1958 0.9803 -0.0241
vn 0.2199 0.9755 0.0076
vn 0.1603 0.9865 0.0320
vn 0.0686 0.9970 0.0363
vn -0.0934 0.9954 0.0201
vn -0.0810 0.9960 0.0363
vn -0.0184 0.9992 -0.0361
vn -0.1285 0.9875 -0.0910
vn -0.1892 0.9733 -0.1301
vn -0.1949 0.9717 -0.1335
vn -0.1471 0.9837 -0.1030
vn -0.0745 0.9956 -0.0562
vn -0.0312 0.9993 -0.0201
vn 0.0687 0.9974 0.0201
vn 0.0624 0.9979 0.0161
vn 0.0501 0.9987 -0.0081
vn 0.0062 0.9996 0.0283
vn 0.0250 0.9989 -0.0403
vn 0.0927 0.9950 0.0362
vn 0.2137 0.9765 0.0277
vn 0.2370 0.9713 0.0195
vn 0.1722 0.9849 0.0159
vn 0.0621 0.9979 0.0161
vn -0.0873 0.9960 0.0161
vn -0.0931 0.9947 -0.0443
vn -0.1785 0.9816 -0.0673
vn -0.2076 0.9756 -0.0706
vn -0.1780 0.9817 -0.0671
vn -0.0866 0.9951 -0.0478
vn -0.0187 0.9996 -0.0201
vn -0.0438 0.9990 -0.0121
vn -0.0313 0.9994 -0.0121
vn 0.0312 0.9994 0.0121
vn -0.0062 0.9998 -0.0202
vn -0.0062 0.9996 0.0282
vn 0.0624 0.9972 0.0403
vn -0.0062 0.9996 -0.0282
vn 0.0687 0.9976 -0.0121
vn 0.0687 0.9976 -0.0040
vn 0.0746 0.9972 0.0080
vn 0.1904 0.9816 -0.0119
vn 0.2315 0.9725 -0.0235
vn 0.1780 0.9838 -0.0198
vn 0.0748 0.9972 -0.0080
vn -0.0685 0.9962 0.0524
vn -0.0559 0.9966 0.0602
vn -0.0313 0.9981 0.0523
vn -0.0687 0.9966 0.0442
vn -0.1303 0.9908 0.0359
vn -0.1964 0.9802 0.0236
vn -0.2199 0.9755 0.0078
vn -0.1661 0.9861 0.0040
vn -0.0561 0.9984 0.0121
vn -0.0438 0.9986 -0.0282
vn -0.0125 0.9991 0.0403
vn -0.0313 0.9993 -0.0202
vn 0.0686 0.9970 -0.0363
vn 0.0686 0.9966 -0.0443
vn 0.0560 0.9977 -0.0363
vn 0.1719 0.9843 -0.0397
vn 0.2313 0.9721 -0.0393
vn 0.1901 0.9811 -0.0356
vn 0.0993 0.9948 -0.0240
vn -0.0186 0.9996 0.0200
vn -0.0374 0.9977 0.0562
vn -0.0374 0.9966 0.0725
vn -0.0809 0.9944 0.0682
vn -0.1480 0.9874 0.0559
vn -0.2195 0.9748 0.0396
vn -0.2254 0.9736 0.0355
vn -0.1602 0.9863 0.0398
vn -0.0623 0.9975 0.0322
vn -0.0063 0.9990 -0.0444
vn 0.0062 0.9990 -0.0444
vn 0.0250 0.9989 -0.0404
vn 0.0187 0.9991 -0.0363
vn -0.0125 0.9991 -0.0403
vn 0.0188 0.9988 -0.0444
vn 0.0187 0.9975 -0.0685
vn 0.0187 0.9980 -0.0604
vn 0.0561 0.9984 -0.0040
vn 0.1598 0.9871 -0.0078
vn 0.2080 0.9776 -0.0316
vn 0.1844 0.9813 -0.0556
vn 0.1236 0.9907 -0.0559
vn 0.0624 0.9972 -0.0403
vn -0.0312 0.9994 0.0121
vn -0.0935 0.9955 0.0121
vn -0.1601 0.9870 0.0080
vn -0.2080 0.9778 0.0237
vn -0.2022 0.9780 0.0514
vn -0.1724 0.9834 0.0556
vn -0.1055 0.9940 0.0280
vn -0.0312 0.9995 -0.0040
vn 0.0687 0.9972 0.0282
vn 0.0313 0.9991 -0.0283
vn -0.0063 0.9981 -0.0604
vn 0.0375 0.9966 -0.0725
vn 0.0374 0.9991 -0.0161
vn 0.0749 0.9969 0.0241
vn 0.1362 0.9904 0.0241
vn 0.1606 0.9870 0.0001
vn 0.1545 0.9876 -0.0277
vn 0.1486 0.9884 -0.0320
vn 0.1119 0.9937 -0.0002
vn 0.0562 0.9977 0.0360
vn -0.0438 0.9990 0.0121
vn -0.0996 0.9950 -0.0000
vn -0.1425 0.9897 0.0121
vn -0.1605 0.9862 0.0399
vn -0.1843 0.9813 0.0555
vn -0.1963 0.9794 0.0475
vn -0.1605 0.9867 0.0239
vn -0.0808 0.9966 -0.0122
vn 0.0811 0.9967 0.0040
vn 0.0749 0.9971 0.0080
vn 0.0187 0.9988 -0.0444
vn -0.0188 0.9988 -0.0444
vn -0.0063 0.9993 -0.0363
vn 0.0375 0.9993 0.0000
vn 0.0624 0.9977 -0.0241
vn 0.0997 0.9949 0.0161
vn 0.1242 0.9919 0.0240
vn 0.1303 0.9912 0.0200
vn 0.1364 0.9905 0.0160
vn 0.1606 0.9869 0.0160
vn 0.1665 0.9856 0.0280
vn 0.0928 0.9943 0.0522
vn -0.0934 0.9952 0.0282
vn -0.0996 0.9950 0.0080
vn -0.0996 0.9947 0.0241
vn -0.1302 0.9905 0.0440
vn -0.1900 0.9808 0.0436
vn -0.2198 0.9750 0.0315
vn -0.1964 0.9804 0.0158
vn -0.1238 0.9923 -0.0001
vn 0.0624 0.9980 0.0081
vn 0.0062 0.9996 -0.0282
vn 0.0312 0.9981 0.0525
vn 0.0438 0.9990 0.0041
vn 0.0187 0.9997 -0.0121
vn 0.0873 0.9960 0.0161
vn 0.1180 0.9928 0.0201
vn 0.1425 0.9897 0.0120
vn 0.1606 0.9869 -0.0160
vn 0.0989 0.9943 -0.0402
vn -0.0372 0.9981 -0.0480
vn -0.1119 0.9929 -0.0401
vn -0.0746 0.9971 -0.0161
vn -0.0499 0.9986 0.0161
vn -0.0995 0.9939 0.0482
vn -0.1779 0.9811 0.0754
vn -0.2425 0.9670 0.0777
vn -0.2246 0.9727 0.0583
vn -0.1356 0.9896 0.0478
vn -0.0124 0.9991 0.0403
vn 0.0563 0.9983 0.0121
vn 0.0313 0.9985 0.0443
vn 0.0000 0.9992 0.0404
vn 0.0062 0.9986 0.0525
vn 0.0312 0.9977 0.0605
vn 0.0562 0.9966 0.0604
vn 0.1058 0.9940 0.0281
vn 0.1119 0.9937 0.0080
vn 0.1243 0.9922 -0.0000
vn 0.1181 0.9930 -0.0040
vn 0.1119 0.9934 -0.0240
vn 0.0561 0.9966 -0.0604
vn -0.0436 0.9955 -0.0845
vn -0.0621 0.9960 -0.0641
vn -0.0186 0.9996 -0.0201
vn -0.0561 0.9982 0.0200
vn -0.1351 0.9897 0.0470
vn -0.2356 0.9690 0.0737
vn -0.2419 0.9664 0.0862
vn -0.1599 0.9845 0.0715
vn -0.0497 0.9979 0.0403
vn -0.0562 0.9980 -0.0282
vn -0.0188 0.9996 -0.0202
vn -0.0187 0.9994 -0.0283
vn 0.0187 0.9996 -0.0201
vn 0.0500 0.9982 0.0322
vn 0.0811 0.9965 -0.0201
vn 0.1241 0.9917 -0.0320
vn 0.1180 0.9928 -0.0200
vn 0.0187 0.9994 -0.0283
vn -0.0313 0.9993 -0.0201
vn -0.1056 0.9944 0.0040
vn -0.1961 0.9803 0.0236
vn -0.2255 0.9729 0.0510
vn -0.1961 0.9790 0.0555
vn -0.1050 0.9940 0.0278
vn 0.0313 0.9991 0.0282
vn -0.0187 0.9997 -0.0121
vn -0.0250 0.9981 -0.0565
vn -0.0187 0.9980 -0.0605
vn 0.0063 0.9981 -0.0605
vn 0.0375 0.9985 -0.0403
vn 0.0438 0.9984 -0.0363
vn 0.0375 0.9992 0.0080
vn 0.0438 0.9986 -0.0282
vn 0.1180 0.9926 -0.0280
vn 0.0811 0.9963 -0.0282
vn 0.0187 0.9994 0.0282
vn 0.0125 0.9983 0.0565
vn -0.0125 0.9983 0.0563
vn -0.0932 0.9950 0.0362
vn -0.1544 0.9866 0.0519
vn -0.1961 0.9780 0.0711
vn -0.2076 0.9750 0.0787
vn -0.1662 0.9843 0.0594
vn -0.0804 0.9967 0.0117
vn -0.0562 0.9974 -0.0443
vn -0.0438 0.9986 -0.0283
vn -0.0437 0.9984 -0.0363
vn 0.0313 0.9993 -0.0201
vn 0.0562 0.9982 -0.0201
vn 0.1056 0.9943 -0.0120
vn 0.1364 0.9904 -0.0240
vn 0.1181 0.9923 -0.0361
vn 0.0934 0.9956 0.0040
vn -0.0497 0.9982 0.0323
vn -0.0624 0.9980 0.0002
vn -0.0686 0.9976 0.0039
vn -0.1056 0.9937 0.0359
vn -0.1473 0.9859 0.0793
vn -0.1896 0.9752 0.1146
vn -0.2069 0.9712 0.1176
vn -0.1525 0.9841 0.0905
vn -0.0495 0.9976 0.0478
vn -0.0062 0.9999 0.0120
vn -0.0686 0.9974 -0.0201
vn -0.0811 0.9963 -0.0282
vn -0.0624 0.9975 -0.0322
vn 0.0624 0.9979 -0.0161
vn 0.0935 0.9956 0.0040
vn 0.0749 0.9969 0.0242
vn 0.0250 0.9989 0.0403
vn 0.0124 0.9978 -0.0643
vn -0.0001 0.9968 -0.0802
vn 0.0250 0.9994 -0.0241
vn 0.0687 0.9970 -0.0363
vn 0.0811 0.9963 -0.0281
vn 0.0934 0.9952 -0.0282
vn 0.0995 0.9939 -0.0482
vn 0.0870 0.9930 -0.0803
vn 0.1178 0.9880 -0.0995
vn 0.1357 0.9862 -0.0946
vn 0.1112 0.9912 -0.0707
vn 0.0434 0.9981 -0.0439
vn -0.0684 0.9973 -0.0283
vn -0.0868 0.9959 -0.0240
vn -0.0621 0.9954 0.0723
vn -0.1348 0.9827 0.1268
vn -0.1995 0.9667 0.1604
vn -0.1820 0.9681 0.1721
vn -0.1224 0.9810 0.1501
vn -0.0678 0.9927 0.0999
vn -0.0123 0.9983 0.0563
vn 0.0062 0.9993 0.0363
vn -0.0313 0.9985 -0.0443
vn -0.0686 0.9966 -0.0443
vn -0.0686 0.9972 -0.0282
vn 0.0749 0.9964 0.0402
vn 0.1057 0.9937 0.0361
vn 0.0872 0.9957 0.0322
vn 0.0310 0.9873 -0.1556
vn 0.0124 0.9883 -0.1518
vn 0.0370 0.9867 -0.1584
vn 0.0495 0.9873 -0.1510
vn 0.0491 0.9907 -0.1268
vn 0.0310 0.9953 -0.0920
vn 0.0437 0.9977 -0.0523
vn 0.0312 0.9994 -0.0121
vn 0.0187 0.9984 -0.0525
vn 0.0125 0.9966 -0.0805
vn 0.0312 0.9971 -0.0685
vn 0.0499 0.9966 -0.0645
vn 0.0435 0.9967 -0.0685
vn 0.0872 0.9936 -0.0723
vn 0.0870 0.9936 -0.0722
vn 0.0623 0.9948 -0.0804
vn 0.0435 0.9940 -0.1003
vn 0.0923 0.9881 -0.1230
vn 0.1412 0.9803 -0.1383
vn 0.1475 0.9798 -0.1347
vn 0.0986 0.9897 -0.1039
vn -0.0001 0.9992 -0.0403
vn -0.0500 0.9982 0.0322
vn -0.0675 0.9927 0.0999
vn -0.1529 0.9785 0.1380
vn -0.1766 0.9711 0.1605
vn -0.1767 0.9722 0.1534
vn -0.1411 0.9823 0.1231
vn -0.0619 0.9941 0.0884
vn -0.0063 0.9996 0.0282
vn -0.0437 0.9972 -0.0605
vn -0.0500 0.9971 -0.0564
vn 0.0685 0.9966 0.0443
vn 0.0810 0.9944 0.0683
vn 0.0810 0.9949 0.0603
vn 0.0623 0.9975 0.0322
vn 0.0062 0.9999 -0.0121
vn -0.0002 0.9896 -0.1435
vn -0.0248 0.9914 -0.1282
vn 0.0246 0.9857 -0.1664
vn 0.0551 0.9825 -0.1781
vn 0.0863 0.9809 -0.1744
vn 0.0987 0.9847 -0.1434
vn 0.1051 0.9894 -0.0998
vn 0.0746 0.9951 -0.0641
vn 0.0062 0.9981 -0.0605
vn 0.0313 0.9977 -0.0604
vn 0.0562 0.9970 -0.0524
vn 0.0312 0.9985 -0.0443
vn 0.0685 0.9958 -0.0602
vn 0.0498 0.9961 -0.0725
vn 0.0808 0.9949 -0.0603
vn 0.1239 0.9902 -0.0639
vn 0.1481 0.9857 -0.0796
vn 0.1360 0.9868 -0.0878
vn 0.0870 0.9936 -0.0723
vn 0.0123 0.9994 -0.0321
vn -0.0375 0.9992 0.0080
vn -0.0061 0.9999 0.0120
vn -0.0929 0.9943 0.0517
vn -0.1538 0.9846 0.0833
vn -0.1776 0.9783 0.1068
vn -0.1716 0.9780 0.1188
vn -0.0983 0.9889 0.1116
vn -0.0374 0.9946 0.0964
vn -0.0374 0.9960 0.0805
vn 0.0686 0.9976 0.0120
vn 0.0871 0.9957 0.0321
vn -0.0186 0.9962 -0.0845
vn -0.0374 0.9954 -0.0885
vn 0.0062 0.9964 -0.0845
vn 0.0373 0.9946 -0.0963
vn 0.0866 0.9899 -0.1118
vn 0.1294 0.9839 -0.1233
vn 0.1354 0.9826 -0.1271
vn 0.0556 0.9942 -0.0921
vn -0.0000 0.9984 -0.0564
vn 0.0125 0.9991 -0.0403
vn 0.0250 0.9981 0.0565
vn 0.0000 0.9984 0.0565
vn -0.0500 0.9979 0.0403
vn -0.0624 0.9977 0.0241
vn -0.0062 0.9999 -0.0121
vn 0.0499 0.9979 -0.0403
vn 0.0749 0.9966 -0.0322
vn 0.0686 0.9972 -0.0281
vn 0.0374 0.9981 -0.0484
vn 0.0810 0.9953 -0.0523
vn 0.1057 0.9926 -0.0601
vn 0.1300 0.9892 -0.0679
vn 0.1238 0.9890 -0.0800
vn 0.1054 0.9901 -0.0920
vn 0.0559 0.9941 -0.0924
vn -0.0001 0.9967 -0.0804
vn 0.0437 0.9977 -0.0524
vn -0.0249 0.9995 -0.0162
vn -0.0995 0.9945 0.0321
vn -0.1236 0.9891 0.0798
vn -0.1476 0.9818 0.1190
vn -0.1171 0.9844 0.1313
vn -0.0806 0.9908 0.1081
vn -0.0746 0.9946 0.0723
vn -0.0500 0.9976 0.0483
vn 0.0499 0.9982 0.0322
vn 0.0811 0.9960 0.0362
vn -0.0375 0.9992 0.0081
vn -0.0062 0.9993 -0.0363
vn 0.0561 0.9966 -0.0603
vn 0.0990 0.9912 -0.0878
vn 0.1235 0.9861 -0.1115
vn 0.1173 0.9854 -0.1234
vn 0.0990 0.9878 -0.1198
vn 0.0496 0.9941 -0.0963
vn 0.0000 0.9992 -0.0403
vn -0.0625 0.9980 0.0080
vn -0.0687 0.9976 0.0120
vn -0.0562 0.9982 0.0202
vn 0.0499 0.9986 -0.0161
vn 0.0312 0.9991 -0.0282
vn 0.0624 0.9972 -0.0402
vn 0.0994 0.9939 -0.0481
vn 0.1180 0.9916 -0.0521
vn 0.0933 0.9933 -0.0682
vn 0.0063 0.9981 -0.0603
vn 0.0125 0.9991 -0.0402
vn 0.0374 0.9987 -0.0323
vn -0.0250 0.9996 0.0080
vn -0.0561 0.9970 0.0523
vn -0.0990 0.9912 0.0879
vn -0.1299 0.9865 0.0996
vn -0.1421 0.9869 0.0759
vn -0.1238 0.9915 0.0401
vn -0.0749 0.9970 0.0161
vn -0.0562 0.9983 -0.0121
vn 0.0687 0.9969 0.0363
vn 0.0561 0.9980 0.0281
vn 0.0062 1.0000 -0.0040
vn 0.0560 0.9978 -0.0361
vn 0.0933 0.9938 -0.0601
vn 0.1055 0.9915 -0.0760
vn 0.1055 0.9908 -0.0839
vn 0.0872 0.9930 -0.0802
vn 0.0685 0.9962 -0.0523
vn 0.0063 0.9990 -0.0444
vn -0.0437 0.9977 -0.0524
vn -0.0500 0.9976 -0.0484
vn 0.0873 0.9962 -0.0000
vn 0.0437 0.9986 -0.0283
vn 0.0934 0.9950 -0.0362
vn 0.1057 0.9934 -0.0442
vn 0.1058 0.9934 -0.0441
vn 0.0934 0.9950 -0.0361
vn 0.0438 0.9990 -0.0041
vn -0.0684 0.9967 0.0442
vn -0.1423 0.9888 0.0439
vn -0.1785 0.9833 0.0358
vn -0.1543 0.9876 0.0279
vn -0.0811 0.9966 -0.0121
vn 0.0934 0.9954 -0.0200
vn 0.0872 0.9956 -0.0322
vn 0.0933 0.9946 -0.0442
vn 0.0499 0.9976 -0.0483
vn -0.0313 0.9988 -0.0363
vn 0.0686 0.9974 -0.0201
vn -0.0499 0.9966 -0.0645
vn 0.0500 0.9984 -0.0242
vn 0.0748 0.9964 -0.0402
vn 0.1180 0.9920 -0.0441
vn 0.0187 0.9975 0.0685
vn 0.0313 0.9977 0.0604
vn -0.0622 0.9975 0.0323
vn -0.1485 0.9884 0.0320
vn -0.1785 0.9833 0.0357
vn -0.1180 0.9926 0.0280
vn -0.1241 0.9922 0.0002
vn -0.1119 0.9934 -0.0240
vn -0.0562 0.9984 0.0040
vn 0.0811 0.9966 -0.0121
vn 0.0809 0.9938 -0.0763
vn 0.0186 0.9975 -0.0685
vn 0.0685 0.9963 -0.0522
vn 0.0437 0.9967 -0.0683
vn 0.0499 0.9948 -0.0881
vn 0.0374 0.9947 -0.0961
vn 0.0249 0.9958 -0.0884
vn -0.0000 0.9979 -0.0645
vn -0.0312 0.9988 -0.0363
vn -0.0062 0.9998 -0.0201
vn 0.0996 0.9947 -0.0241
vn 0.1242 0.9919 -0.0240
vn 0.1303 0.9911 -0.0280
vn 0.1119 0.9932 -0.0321
vn 0.0811 0.9967 0.0041
vn -0.0561 0.9984 0.0120
vn -0.1301 0.9911 0.0279
vn -0.1605 0.9859 0.0479
vn -0.1605 0.9854 0.0557
vn -0.1726 0.9850 0.0078
vn -0.1359 0.9906 -0.0161
vn 0.0250 0.9970 0.0725
vn 0.0499 0.9961 -0.0724
vn 0.0374 0.9960 -0.0805
vn 0.0000 0.9967 -0.0805
vn 0.0497 0.9948 -0.0884
vn 0.0498 0.9933 -0.1044
vn 0.0186 0.9930 -0.1164
vn 0.0248 0.9914 -0.1281
vn 0.0746 0.9925 -0.0963
vn 0.0685 0.9966 -0.0443
vn 0.1180 0.9923 -0.0361
vn 0.1119 0.9926 -0.0481
vn 0.1057 0.9926 -0.0602
vn 0.0872 0.9946 -0.0563
vn 0.0873 0.9956 -0.0322
vn 0.0686 0.9972 -0.0282
vn -0.0872 0.9960 -0.0162
vn -0.1179 0.9928 0.0198
vn -0.1484 0.9878 0.0479
vn -0.1784 0.9821 0.0596
vn -0.2021 0.9776 0.0591
vn -0.1661 0.9851 0.0436
vn -0.0808 0.9965 0.0200
vn 0.0062 0.9996 0.0282
vn 0.0437 0.9972 0.0605
vn 0.0500 0.9982 -0.0322
vn 0.0000 0.9988 -0.0483
vn 0.0188 0.9988 -0.0443
vn 0.0313 0.9985 -0.0442
vn 0.0125 0.9987 -0.0483
vn 0.0062 0.9986 -0.0523
vn 0.0559 0.9966 -0.0602
vn 0.1118 0.9916 -0.0642
vn 0.1241 0.9907 -0.0560
vn 0.0807 0.9961 -0.0359
vn 0.0000 0.9997 -0.0240
vn -0.0499 0.9982 -0.0321
vn -0.0437 0.9980 -0.0444
vn 0.0562 0.9983 -0.0121
vn 0.0873 0.9961 0.0080
vn 0.0374 0.9991 0.0161
vn 0.0499 0.9971 -0.0564
vn 0.1119 0.9929 -0.0401
vn 0.1120 0.9932 -0.0321
vn 0.0996 0.9942 -0.0402
vn 0.1058 0.9937 -0.0361
vn 0.0997 0.9947 -0.0241
vn 0.0997 0.9950 -0.0081
vn 0.0997 0.9950 -0.0000
vn -0.0500 0.9987 0.0000
vn -0.0686 0.9974 0.0201
vn -0.1118 0.9926 0.0481
vn -0.1540 0.9852 0.0755
vn -0.2015 0.9752 0.0908
vn -0.1956 0.9768 0.0867
vn -0.1235 0.9903 0.0638
vn -0.0186 0.9991 0.0363
vn 0.0312 0.9993 0.0201
vn 0.0500 0.9979 0.0403
vn 0.0062 0.9998 0.0202
vn 0.0312 0.9995 -0.0040
vn 0.0809 0.9961 -0.0361
vn 0.1053 0.9915 -0.0761
vn 0.0744 0.9909 -0.1122
vn 0.0000 0.9918 -0.1280
vn -0.0374 0.9930 -0.1123
vn -0.0186 0.9969 -0.0765
vn 0.0811 0.9967 -0.0040
vn 0.0683 0.9977 -0.0040
vn 0.1181 0.9929 0.0120
vn 0.1120 0.9937 -0.0000
vn 0.1181 0.9929 0.0121
vn 0.0935 0.9955 0.0121
vn -0.0686 0.9962 0.0523
vn -0.0996 0.9945 0.0321
vn -0.1362 0.9904 0.0239
vn -0.1842 0.9824 0.0313
vn -0.2022 0.9784 0.0432
vn -0.1482 0.9878 0.0480
vn -0.0436 0.9980 0.0444
vn 0.0624 0.9969 0.0483
vn 0.0312 0.9985 0.0444
vn -0.0062 1.0000 0.0040
vn 0.0373 0.9985 -0.0402
vn 0.0187 0.9962 -0.0844
vn -0.0063 0.9941 -0.1080
vn 0.0063 0.9949 -0.1005
vn 0.0934 0.9938 -0.0602
vn 0.0872 0.9946 -0.0561
vn 0.0624 0.9975 -0.0322
vn 0.0748 0.9964 0.0403
vn 0.1242 0.9917 0.0321
vn 0.1119 0.9936 0.0160
vn 0.1120 0.9937 0.0080
vn 0.1242 0.9922 0.0080
vn 0.1119 0.9937 -0.0000
vn 0.0313 0.9995 0.0041
vn -0.0436 0.9972 0.0604
vn -0.1178 0.9923 0.0362
vn -0.1484 0.9889 -0.0079
vn -0.1545 0.9870 -0.0437
vn -0.1724 0.9834 -0.0556
vn -0.1725 0.9842 -0.0399
vn -0.1179 0.9930 -0.0040
vn 0.0249 0.9985 0.0484
vn 0.0686 0.9966 0.0443
vn 0.0625 0.9979 0.0161
vn 0.0437 0.9980 0.0444
vn 0.0749 0.9969 -0.0242
vn 0.0499 0.9982 -0.0323
vn 0.0499 0.9966 -0.0644
vn 0.0871 0.9936 -0.0722
vn 0.1118 0.9916 -0.0641
vn 0.0499 0.9982 -0.0322
vn 0.0934 0.9955 -0.0121
vn 0.0873 0.9960 -0.0161
vn 0.1242 0.9922 -0.0080
vn 0.0686 0.9970 -0.0362
vn -0.0499 0.9984 -0.0241
vn -0.1419 0.9897 -0.0201
vn -0.1964 0.9802 -0.0238
vn -0.1903 0.9807 -0.0437
vn -0.1664 0.9847 -0.0516
vn -0.1239 0.9918 -0.0318
vn -0.0623 0.9980 0.0001
vn 0.0624 0.9975 0.0323
vn -0.0188 0.9988 0.0444
vn -0.0187 0.9994 0.0282
vn 0.0809 0.9957 -0.0443
vn 0.0995 0.9930 -0.0642
vn 0.0623 0.9954 -0.0724
vn 0.0124 0.9978 -0.0645
vn 0.1362 0.9905 -0.0160
vn 0.1424 0.9897 -0.0120
vn 0.0499 0.9987 0.0081
vn -0.0623 0.9960 -0.0644
vn -0.1901 0.9804 -0.0516
vn -0.1963 0.9800 -0.0317
vn -0.1483 0.9888 -0.0159
vn -0.0873 0.9962 -0.0000
vn 0.0250 0.9989 0.0404
vn 0.1058 0.9940 -0.0280
vn 0.1120 0.9936 -0.0160
vn 0.0934 0.9956 0.0041
vn -0.0062 0.9981 0.0605
vn -0.0187 0.9980 0.0604
vn 0.0498 0.9984 -0.0241
vn 0.0747 0.9940 -0.0803
vn 0.0623 0.9941 -0.0884
vn 0.0500 0.9979 -0.0403
vn 0.1302 0.9914 0.0121
vn 0.1426 0.9898 0.0040
vn 0.0437 0.9984 0.0363
vn -0.0562 0.9977 -0.0362
vn -0.0932 0.9938 -0.0602
vn -0.1300 0.9886 -0.0760
vn -0.1603 0.9844 -0.0715
vn -0.1544 0.9870 -0.0438
vn -0.1118 0.9937 -0.0080
vn -0.0624 0.9979 0.0161
vn -0.0063 0.9986 0.0524
vn 0.0000 0.9973 0.0725
vn 0.0000 0.9967 0.0805
vn 0.0063 0.9970 0.0765
vn 0.0748 0.9970 -0.0161
vn 0.1180 0.9929 -0.0120
vn 0.0873 0.9959 0.0242
vn -0.0187 0.9969 0.0765
vn -0.0187 0.9962 0.0845
vn 0.0125 0.9973 0.0725
vn 0.0438 0.9990 -0.0119
vn 0.0686 0.9974 0.0201
vn 0.0811 0.9963 0.0282
vn 0.0872 0.9959 0.0241
vn 0.0935 0.9952 0.0281
vn 0.1181 0.9930 0.0039
vn 0.1120 0.9936 -0.0161
vn 0.0872 0.9959 -0.0240
vn 0.0625 0.9979 -0.0160
vn -0.0499 0.9986 -0.0160
vn -0.0872 0.9954 -0.0402
vn -0.1058 0.9934 -0.0441
vn -0.1242 0.9917 -0.0320
vn -0.1303 0.9914 -0.0118
vn -0.0995 0.9949 0.0162
vn -0.0686 0.9966 0.0443
vn -0.0313 0.9972 0.0684
vn -0.0062 0.9964 0.0845
vn -0.0125 0.9966 0.0805
vn 0.0313 0.9972 0.0685
vn 0.0062 0.9964 0.0846
vn -0.0437 0.9986 0.0283
vn 0.0249 0.9994 0.0242
vn 0.0933 0.9950 0.0361
vn 0.1421 0.9880 0.0596
vn 0.1423 0.9875 0.0678
vn 0.0995 0.9939 0.0483
vn 0.0811 0.9965 0.0201
vn 0.0188 0.9996 0.0201
vn -0.0187 0.9988 0.0443
vn 0.0000 0.9979 0.0645
vn 0.0062 0.9976 0.0685
vn 0.0187 0.9969 0.0765
vn 0.0249 0.9964 0.0805
vn 0.0499 0.9967 0.0644
vn 0.0934 0.9942 0.0522
vn 0.0996 0.9938 0.0482
vn 0.0810 0.9953 0.0523
vn 0.0686 0.9962 0.0523
vn 0.0312 0.9991 0.0282
vn 0.0561 0.9966 0.0603
vn 0.0870 0.9936 0.0722
vn 0.0870 0.9941 0.0643
vn 0.0747 0.9946 -0.0723
vn 0.0622 0.9960 -0.0643
vn -0.0063 0.9986 -0.0523
vn -0.0748 0.9969 -0.0240
vn -0.0749 0.9971 0.0081
vn -0.0934 0.9950 0.0362
vn -0.0871 0.9941 0.0643
vn -0.0623 0.9941 0.0884
vn -0.0435 0.9940 0.1004
vn -0.0062 0.9940 0.1085
vn -0.0125 0.9944 0.1045
vn -0.0436 0.9955 0.0845
vn -0.0437 0.9967 0.0685
vn -0.0062 0.9976 0.0685
vn 0.0186 0.9969 0.0763
vn 0.0560 0.9948 0.0843
vn -0.0561 0.9966 0.0604
vn -0.0810 0.9965 0.0202
vn -0.0686 0.9976 -0.0040
vn 0.0499 0.9979 0.0403
vn 0.1295 0.9892 0.0678
vn 0.1779 0.9798 0.0912
vn 0.1170 0.9889 0.0918
vn 0.0373 0.9977 0.0563
vn 0.0375 0.9991 0.0162
vn 0.0500 0.9987 -0.0080
vn -0.0562 0.9974 0.0443
vn -0.0748 0.9967 0.0321
vn -0.0437 0.9990 0.0121
vn 0.0499 0.9976 0.0484
vn 0.0748 0.9964 0.0402
vn 0.1058 0.9937 0.0361
vn 0.0623 0.9965 0.0563
vn 0.0187 0.9984 0.0523
vn 0.0434 0.9967 0.0681
vn 0.0807 0.9925 0.0921
vn 0.0807 0.9908 0.1082
vn 0.0807 0.9908 0.1081
vn 0.0622 0.9934 0.0963
vn 0.0686 0.9953 -0.0684
vn -0.0437 0.9990 -0.0121
vn -0.0499 0.9982 0.0322
vn -0.0249 0.9950 0.0965
vn -0.0062 0.9949 0.1005
vn -0.0685 0.9953 0.0684
vn -0.0125 0.9960 0.0885
vn 0.0124 0.9944 0.1044
vn 0.0373 0.9920 0.1203
vn 0.0435 0.9922 0.1163
vn -0.0250 0.9958 0.0885
vn -0.1118 0.9921 0.0562
vn -0.1302 0.9911 0.0280
vn -0.0684 0.9974 0.0201
vn 0.1115 0.9930 0.0400
vn 0.1721 0.9819 0.0793
vn 0.1840 0.9790 0.0871
vn 0.0798 0.9945 0.0681
vn -0.0436 0.9980 0.0443
vn -0.0872 0.9946 0.0563
vn -0.0748 0.9960 0.0483
vn -0.0374 0.9988 0.0321
vn 0.0125 0.9996 0.0241
vn 0.0125 0.9994 0.0322
vn 0.0062 0.9998 0.0201
vn 0.1119 0.9932 -0.0320
vn 0.0748 0.9969 -0.0240
vn 0.0562 0.9984 0.0042
vn 0.0624 0.9969 0.0484
vn 0.0870 0.9923 0.0882
vn 0.1053 0.9886 0.1079
vn 0.0806 0.9908 0.1081
vn 0.0622 0.9934 0.0964
vn 0.0497 0.9948 0.0884
vn 0.0000 0.9961 0.0886
vn -0.0186 0.9969 0.0765
vn 0.0500 0.9987 0.0080
vn -0.0374 0.9993 -0.0000
vn -0.0499 0.9986 -0.0161
vn -0.0063 0.9949 0.1004
vn 0.0125 0.9926 0.1204
vn 0.0248 0.9914 0.1282
vn -0.0064 0.9957 0.0924
vn -0.0685 0.9958 0.0604
vn -0.1361 0.9895 0.0480
vn -0.1422 0.9885 0.0520
vn -0.0560 0.9966 0.0604
vn 0.0063 0.9976 0.0685
vn -0.0562 0.9977 0.0363
vn -0.0500 0.9982 0.0323
vn -0.0063 0.9990 0.0443
vn -0.0000 0.9984 0.0563
vn 0.0187 0.9975 0.0684
vn 0.0685 0.9953 0.0683
vn 0.1478 0.9869 0.0639
vn 0.1902 0.9799 0.0595
vn 0.1480 0.9882 0.0396
vn 0.0496 0.9986 0.0160
vn -0.0623 0.9975 0.0321
vn -0.0686 0.9958 0.0604
vn -0.0499 0.9961 0.0725
vn 0.0437 0.9977 0.0524
vn 0.0438 0.9988 0.0201
vn 0.0063 0.9998 -0.0201
vn 0.0746 0.9956 -0.0562
vn 0.0808 0.9924 -0.0923
vn 0.0869 0.9899 -0.1120
vn 0.1176 0.9888 -0.0917
vn 0.1361 0.9895 -0.0475
vn 0.1364 0.9906 -0.0077
vn 0.1241 0.9921 0.0161
vn 0.0872 0.9957 0.0321
vn 0.0437 0.9984 0.0362
vn 0.0063 0.9999 0.0120
vn -0.0250 0.9994 0.0241
vn 0.0748 0.9951 0.0643
vn 0.0373 0.9972 0.0645
vn -0.0499 0.9971 0.0564
vn -0.0623 0.9965 0.0561
vn -0.0499 0.9979 0.0400
vn -0.0186 0.9997 0.0119
vn -0.0312 0.9972 0.0685
vn -0.0187 0.9955 0.0925
vn 0.0248 0.9933 0.1124
vn 0.0310 0.9918 0.1242
vn 0.0062 0.9932 0.1164
vn -0.0064 0.9964 0.0844
vn -0.0623 0.9969 0.0484
vn -0.1058 0.9942 0.0201
vn -0.1302 0.9914 0.0119
vn -0.1242 0.9919 0.0240
vn -0.0562 0.9980 0.0282
vn -0.0063 0.9976 0.0685
vn 0.0249 0.9950 0.0965
vn 0.0309 0.9918 0.1241
vn 0.0309 0.9897 0.1400
vn 0.0557 0.9886 0.1395
vn 0.1114 0.9875 0.1119
vn 0.1359 0.9891 0.0561
vn 0.0994 0.9950 0.0080
vn -0.0313 0.9991 0.0282
vn 0.0000 0.9984 -0.0565
vn -0.0188 0.9991 -0.0362
vn -0.0063 0.9990 -0.0443
vn 0.0249 0.9964 -0.0804
vn 0.0742 0.9918 -0.1039
vn 0.1476 0.9828 -0.1113
vn 0.1716 0.9789 -0.1109
vn 0.1535 0.9814 -0.1149
vn 0.1295 0.9839 -0.1229
vn 0.1049 0.9869 -0.1225
vn 0.0493 0.9926 -0.1107
vn 0.0063 0.9942 -0.1076
vn 0.0125 0.9936 -0.1123
vn 0.0185 0.9955 -0.0921
vn 0.0124 0.9983 -0.0563
vn 0.0935 0.9956 0.0041
vn 0.0873 0.9960 0.0160
vn 0.0249 0.9995 0.0161
vn -0.0374 0.9990 0.0240
vn -0.0500 0.9979 0.0400
vn -0.0747 0.9960 0.0480
vn -0.0499 0.9979 0.0403
vn 0.0749 0.9966 0.0322
vn 0.0561 0.9970 0.0524
vn 0.0125 0.9966 0.0805
vn 0.0000 0.9945 0.1045
vn 0.0373 0.9920 0.1202
vn 0.0247 0.9933 0.1124
vn -0.0375 0.9954 0.0885
vn -0.0685 0.9962 0.0523
vn -0.1364 0.9906 0.0080
vn -0.1303 0.9915 -0.0040
vn -0.1120 0.9937 -0.0080
vn -0.0748 0.9970 -0.0161
vn 0.0248 0.9950 0.0965
vn -0.0125 0.9960 0.0886
vn 0.0620 0.9917 0.1123
vn 0.0558 0.9907 0.1241
vn 0.0434 0.9903 0.1320
vn 0.0372 0.9911 0.1279
vn 0.0370 0.9947 0.0960
vn 0.0561 0.9970 0.0523
vn -0.0187 0.9994 -0.0282
vn 0.0250 0.9991 -0.0322
vn 0.0560 0.9980 -0.0281
vn 0.1238 0.9911 -0.0476
vn 0.1418 0.9864 -0.0833
vn 0.1234 0.9852 -0.1192
vn 0.1045 0.9836 -0.1466
vn 0.0983 0.9812 -0.1661
vn 0.0740 0.9832 -0.1667
vn 0.0186 0.9888 -0.1477
vn 0.0186 0.9911 -0.1320
vn 0.0621 0.9908 -0.1201
vn 0.0496 0.9933 -0.1044
vn 0.0186 0.9962 -0.0845
vn 0.0622 0.9960 -0.0645
vn 0.0932 0.9933 -0.0681
vn 0.0623 0.9934 -0.0963
vn 0.0065 0.9923 -0.1232
vn -0.0370 0.9890 -0.1427
vn -0.0431 0.9872 -0.1532
vn -0.0500 0.9886 -0.1417
vn -0.0253 0.9943 -0.1032
vn 0.0436 0.9967 -0.0681
vn 0.1057 0.9934 -0.0438
vn 0.1056 0.9943 -0.0117
vn 0.0686 0.9972 0.0283
vn 0.0313 0.9977 0.0602
vn 0.0187 0.9969 0.0764
vn 0.0312 0.9966 0.0761
vn -0.0001 0.9979 0.0644
vn -0.0747 0.9960 0.0483
vn -0.1119 0.9932 0.0321
vn -0.1181 0.9928 0.0201
vn -0.1424 0.9896 0.0200
vn -0.1363 0.9904 0.0240
vn -0.1181 0.9928 0.0200
vn -0.0933 0.9955 0.0120
vn 0.0371 0.9911 0.1281
vn 0.0000 0.9917 0.1281
vn 0.0682 0.9899 0.1241
vn 0.0497 0.9924 0.1123
vn 0.0311 0.9952 0.0925
vn 0.0061 0.9976 0.0685
vn -0.0062 0.9986 0.0525
vn -0.0624 0.9977 0.0242
vn 0.0748 0.9972 0.0000
vn 0.0872 0.9957 -0.0322
vn 0.0809 0.9949 -0.0602
vn 0.0933 0.9933 -0.0680
vn 0.0872 0.9941 -0.0641
vn 0.0124 0.9967 -0.0805
vn 0.0374 0.9900 -0.1358
vn 0.0371 0.9877 -0.1516
vn 0.0678 0.9856 -0.1548
vn 0.0679 0.9843 -0.1627
vn 0.0247 0.9843 -0.1748
vn -0.0367 0.9795 -0.1979
vn -0.0609 0.9735 -0.2204
vn -0.0488 0.9725 -0.2276
vn -0.0057 0.9763 -0.2161
vn 0.0433 0.9815 -0.1863
vn 0.0862 0.9847 -0.1513
vn 0.1353 0.9826 -0.1272
vn 0.1414 0.9832 -0.1151
vn 0.1051 0.9886 -0.1072
vn 0.0681 0.9935 -0.0913
vn 0.0497 0.9967 -0.0637
vn 0.0562 0.9980 -0.0280
vn 0.0124 0.9999 0.0081
vn -0.0747 0.9967 0.0322
vn -0.1119 0.9925 0.0482
vn -0.1303 0.9901 0.0519
vn -0.1423 0.9888 0.0438
vn -0.1303 0.9905 0.0440
vn -0.1117 0.9921 0.0562
vn -0.0933 0.9933 0.0682
vn -0.0685 0.9958 0.0602
vn -0.0187 0.9994 0.0283
vn 0.0248 0.9924 0.1203
vn 0.0434 0.9940 0.1003
vn 0.0248 0.9964 0.0804
vn -0.0000 0.9979 0.0645
vn 0.0062 0.9981 0.0605
vn 0.0187 0.9984 0.0524
vn 0.0250 0.9985 0.0483
vn 0.1057 0.9940 -0.0282
vn 0.1057 0.9943 -0.0121
vn -0.0188 0.9984 -0.0524
vn -0.0063 0.9964 -0.0845
vn -0.0188 0.9921 -0.1240
vn 0.0120 0.9872 -0.1592
vn 0.0554 0.9824 -0.1784
vn 0.0739 0.9819 -0.1743
vn 0.0370 0.9877 -0.1517
vn -0.0371 0.9921 -0.1197
vn -0.0620 0.9935 -0.0949
vn -0.0497 0.9949 -0.0873
vn -0.0001 0.9954 -0.0960
vn 0.0681 0.9918 -0.1079
vn 0.1112 0.9875 -0.1116
vn 0.1291 0.9839 -0.1233
vn 0.1229 0.9809 -0.1506
vn 0.0981 0.9798 -0.1742
vn 0.0798 0.9792 -0.1862
vn 0.0983 0.9798 -0.1742
vn 0.1409 0.9824 -0.1222
vn 0.1045 0.9936 -0.0432
vn -0.0000 0.9992 0.0404
vn -0.0808 0.9924 0.0922
vn -0.1417 0.9849 0.0996
vn -0.1600 0.9832 0.0873
vn -0.1359 0.9881 0.0717
vn -0.0932 0.9933 0.0682
vn -0.0808 0.9938 0.0763
vn -0.0933 0.9927 0.0762
vn -0.0187 0.9984 0.0524
vn 0.0062 0.9990 0.0443
vn 0.0000 0.9988 0.0483
vn 0.0437 0.9984 -0.0363
vn 0.0933 0.9952 -0.0282
vn 0.1057 0.9944 -0.0040
vn -0.0500 0.9979 -0.0403
vn -0.0250 0.9970 -0.0723
vn 0.0372 0.9954 -0.0880
vn 0.0869 0.9915 -0.0961
vn 0.0871 0.9930 -0.0803
vn 0.0248 0.9989 -0.0403
vn -0.0562 0.9984 -0.0040
vn 0.0373 0.9981 -0.0483
vn 0.0868 0.9899 -0.1120
vn 0.0865 0.9870 -0.1355
vn 0.0864 0.9859 -0.1434
vn 0.0679 0.9868 -0.1472
vn 0.1099 0.9813 -0.1579
vn 0.1997 0.9666 -0.1607
vn 0.2115 0.9688 -0.1286
vn 0.1093 0.9915 -0.0699
vn -0.0124 0.9999 -0.0078
vn -0.1053 0.9931 0.0518
vn -0.1601 0.9832 0.0875
vn -0.1053 0.9921 0.0681
vn -0.0810 0.9953 0.0523
vn -0.0934 0.9942 0.0522
vn -0.0437 0.9980 0.0444
vn 0.0311 0.9995 0.0040
vn 0.1058 0.9944 0.0040
vn 0.0870 0.9957 -0.0322
vn 0.0188 0.9984 -0.0523
vn -0.0249 0.9971 -0.0723
vn -0.0561 0.9955 -0.0764
vn -0.0436 0.9972 -0.0605
vn 0.0125 0.9999 -0.0080
vn 0.0622 0.9965 -0.0563
vn 0.0374 0.9981 -0.0482
vn 0.0499 0.9961 -0.0723
vn 0.0683 0.9941 -0.0841
vn 0.0870 0.9923 -0.0882
vn 0.0684 0.9940 -0.0844
vn 0.0929 0.9921 -0.0840
vn 0.1823 0.9779 -0.1017
vn 0.2234 0.9651 -0.1361
vn 0.1585 0.9746 -0.1578
vn 0.0804 0.9880 -0.1319
vn -0.0069 0.9977 -0.0681
vn -0.1177 0.9930 -0.0123
vn -0.1606 0.9869 0.0157
vn -0.0811 0.9960 0.0363
vn -0.0437 0.9972 0.0605
vn -0.0312 0.9988 0.0363
vn 0.0374 0.9990 0.0242
vn 0.0685 0.9970 -0.0363
vn 0.0375 0.9954 -0.0884
vn -0.0124 0.9926 -0.1202
vn -0.0249 0.9924 -0.1204
vn -0.0186 0.9955 -0.0924
vn 0.0063 0.9986 -0.0524
vn 0.0748 0.9970 -0.0160
vn 0.0809 0.9961 -0.0362
vn 0.1422 0.9885 -0.0519
vn 0.1720 0.9819 -0.0791
vn 0.1479 0.9836 -0.1032
vn 0.1173 0.9863 -0.1156
vn 0.0558 0.9916 -0.1163
vn -0.0560 0.9941 -0.0924
vn -0.1117 0.9926 -0.0481
vn -0.0747 0.9972 0.0001
vn -0.0561 0.9948 0.0844
vn -0.0623 0.9959 0.0644
vn -0.0499 0.9971 0.0565
vn 0.0062 0.9998 -0.0201
vn -0.0250 0.9958 -0.0885
vn -0.0311 0.9936 -0.1082
vn 0.0436 0.9967 -0.0685
vn 0.1055 0.9937 -0.0360
vn 0.1545 0.9870 -0.0439
vn 0.1363 0.9898 -0.0399
vn 0.1057 0.9934 -0.0440
vn 0.0000 0.9995 -0.0321
vn -0.0312 0.9994 0.0122
vn -0.0126 0.9983 0.0563
vn -0.0499 0.9955 0.0804
vn -0.0249 0.9964 0.0805
vn -0.0621 0.9948 0.0803
vn -0.0870 0.9930 0.0803
vn -0.0498 0.9955 0.0805
vn -0.0125 0.9966 0.0806
vn -0.0062 0.9981 0.0603
vn -0.0624 0.9969 0.0484
vn -0.0312 0.9971 0.0685
vn -0.0436 0.9967 0.0685
vn -0.0685 0.9958 0.0603
vn -0.0374 0.9981 0.0483
vn 0.0187 0.9994 0.0283
vn 0.0250 0.9988 -0.0404
vn -0.0375 0.9977 -0.0565
vn -0.0312 0.9985 -0.0444
vn 0.0374 0.9988 -0.0322
vn 0.0808 0.9965 -0.0201
vn 0.1545 0.9876 -0.0280
vn 0.1422 0.9894 -0.0279
vn 0.1058 0.9942 -0.0201
vn 0.0250 0.9964 0.0805
vn -0.0623 0.9954 0.0724
vn -0.0562 0.9970 0.0523
vn -0.0748 0.9964 0.0402
vn -0.0250 0.9985 0.0483
vn -0.0436 0.9961 0.0765
vn -0.0498 0.9961 0.0725
vn -0.0747 0.9946 0.0724
vn -0.0249 0.9989 0.0403
vn -0.0000 0.9998 0.0161
vn 0.0623 0.9972 0.0403
vn 0.0810 0.9957 0.0443
vn 0.0935 0.9954 -0.0201
vn 0.0624 0.9980 -0.0080
vn 0.0623 0.9980 -0.0080
vn 0.1179 0.9924 -0.0361
vn 0.1363 0.9886 -0.0640
vn 0.1177 0.9907 -0.0680
vn 0.0933 0.9938 -0.0602
vn 0.0996 0.9942 -0.0400
vn 0.1118 0.9937 0.0002
vn 0.0747 0.9960 0.0483
vn -0.0993 0.9924 0.0722
vn -0.0929 0.9947 0.0440
vn -0.0438 0.9980 0.0443
vn -0.0437 0.9977 0.0523
vn -0.0500 0.9987 0.0081
vn -0.0062 0.9970 0.0765
vn -0.0499 0.9966 0.0645
vn -0.0747 0.9956 0.0563
vn -0.0436 0.9977 0.0524
vn 0.0375 0.9977 0.0565
vn 0.0561 0.9974 0.0443
vn 0.0187 0.9996 0.0201
vn 0.0623 0.9980 -0.0000
vn 0.0992 0.9935 -0.0560
vn 0.1240 0.9897 -0.0720
vn 0.1056 0.9921 -0.0681
vn 0.1238 0.9902 -0.0641
vn 0.1544 0.9862 -0.0599
vn 0.1482 0.9884 -0.0312
vn 0.0367 0.9992 0.0164
vn -0.1174 0.9921 0.0439
vn -0.1053 0.9930 0.0523
vn -0.0498 0.9948 0.0884
vn -0.0623 0.9948 0.0804
vn -0.0747 0.9951 0.0643
vn -0.0747 0.9960 0.0481
vn -0.0374 0.9988 0.0322
vn 0.0187 0.9984 0.0525
vn -0.0686 0.9962 0.0524
vn -0.0747 0.9951 0.0644
vn 0.0063 0.9981 0.0605
vn -0.0312 0.9985 0.0443
vn -0.0624 0.9975 0.0322
vn 0.0375 0.9987 0.0322
vn 0.0686 0.9970 0.0362
vn 0.1118 0.9921 -0.0562
vn 0.1117 0.9916 -0.0641
vn 0.1240 0.9902 -0.0639
vn 0.1603 0.9850 -0.0635
vn 0.1841 0.9808 -0.0633
vn 0.0985 0.9940 -0.0482
vn -0.0621 0.9980 -0.0001
vn -0.0746 0.9960 0.0484
vn -0.0062 0.9970 0.0766
vn -0.0684 0.9940 0.0844
vn -0.0808 0.9924 0.0923
vn -0.0869 0.9915 0.0962
vn -0.0559 0.9941 0.0923
vn 0.0001 0.9968 0.0803
vn -0.0062 0.9976 0.0684
vn 0.0375 0.9977 0.0564
vn -0.0561 0.9961 0.0684
vn -0.0624 0.9959 0.0644
vn -0.0686 0.9972 0.0282
vn -0.0748 0.9967 0.0322
vn 0.0499 0.9966 0.0645
vn 0.0250 0.9976 0.0645
vn 0.0562 0.9984 -0.0041
vn 0.0871 0.9950 -0.0482
vn 0.1119 0.9921 -0.0561
vn 0.1361 0.9895 -0.0480
vn 0.1726 0.9845 -0.0319
vn 0.1845 0.9825 -0.0238
vn 0.1301 0.9913 -0.0200
vn -0.0124 0.9978 0.0645
vn 0.0062 0.9957 0.0925
vn -0.0062 0.9957 0.0926
vn -0.0435 0.9948 0.0925
vn -0.0498 0.9933 0.1044
vn -0.0620 0.9908 0.1202
vn -0.0681 0.9879 0.1396
vn -0.0556 0.9863 0.1553
vn -0.0246 0.9881 0.1515
vn 0.0001 0.9907 0.1360
vn -0.0062 0.9922 0.1242
vn -0.0249 0.9942 0.1045
vn 0.0001 0.9967 0.0805
vn -0.0250 0.9996 -0.0080
vn -0.0125 0.9991 -0.0402
vn 0.0250 0.9996 -0.0080
vn -0.0932 0.9947 0.0441
vn -0.0436 0.9988 0.0201
vn -0.0438 0.9986 0.0282
vn -0.0312 0.9993 0.0202
vn 0.0125 0.9966 -0.0806
vn 0.0810 0.9966 -0.0121
vn 0.1120 0.9937 -0.0080
vn 0.1303 0.9913 -0.0201
vn 0.1604 0.9859 -0.0479
vn 0.1723 0.9824 -0.0715
vn 0.1479 0.9864 -0.0711
vn 0.1055 0.9934 -0.0437
vn 0.0623 0.9980 0.0002
vn 0.0376 0.9985 0.0402
vn 0.0063 0.9976 0.0684
vn -0.0310 0.9897 0.1400
vn -0.0370 0.9865 0.1594
vn -0.0431 0.9843 0.1710
vn -0.0432 0.9843 0.1711
vn -0.0247 0.9869 0.1596
vn -0.0435 0.9922 0.1163
vn -0.0870 0.9961 0.0162
vn -0.1056 0.9934 -0.0443
vn -0.0374 0.9960 -0.0804
vn 0.0560 0.9955 -0.0765
vn 0.0809 0.9957 -0.0442
vn 0.0437 0.9990 -0.0040
vn -0.0249 0.9976 0.0645
vn -0.0250 0.9964 0.0805
vn -0.0498 0.9948 0.0885
vn -0.1054 0.9908 0.0841
vn -0.1178 0.9901 0.0761
vn -0.0808 0.9949 0.0602
vn -0.0312 0.9988 0.0362
vn -0.0375 0.9985 0.0404
vn -0.0500 0.9984 0.0242
vn -0.0687 0.9976 0.0040
vn 0.0625 0.9980 -0.0000
vn 0.0810 0.9966 0.0121
vn 0.0934 0.9956 -0.0041
vn 0.0934 0.9952 -0.0281
vn 0.1117 0.9922 -0.0560
vn 0.1661 0.9819 -0.0912
vn 0.1481 0.9857 -0.0798
vn 0.1116 0.9917 -0.0641
vn 0.0872 0.9954 -0.0402
vn 0.0623 0.9980 0.0001
vn 0.0312 0.9959 0.0845
vn 0.0063 0.9932 0.1163
vn -0.0248 0.9914 0.1282
vn -0.0435 0.9913 0.1240
vn -0.0621 0.9918 0.1120
vn -0.0498 0.9941 0.0962
vn -0.0497 0.9948 0.0883
vn -0.0994 0.9924 0.0723
vn -0.1483 0.9874 0.0558
vn -0.1543 0.9871 0.0435
vn -0.0743 0.9969 0.0236
vn 0.0558 0.9984 -0.0039
vn 0.1181 0.9929 -0.0121
vn -0.0435 0.9967 0.0684
vn -0.1055 0.9915 0.0762
vn -0.1238 0.9890 0.0800
vn -0.1055 0.9915 0.0761
vn -0.0623 0.9960 0.0644
vn -0.0749 0.9969 -0.0241
vn -0.0687 0.9974 -0.0202
vn -0.0562 0.9982 -0.0201
vn -0.0625 0.9977 -0.0242
vn 0.0686 0.9976 -0.0040
vn 0.0872 0.9959 0.0239
vn 0.0873 0.9956 0.0320
vn 0.1116 0.9934 0.0240
vn 0.1546 0.9879 0.0042
vn 0.1486 0.9888 -0.0159
vn 0.1181 0.9926 -0.0280
vn 0.0811 0.9966 -0.0120
vn 0.0873 0.9960 0.0162
vn 0.0499 0.9976 0.0483
vn -0.0187 0.9975 0.0684
vn -0.0684 0.9918 0.1081
vn -0.1050 0.9877 0.1158
vn -0.1412 0.9813 0.1309
vn -0.1471 0.9777 0.1501
vn -0.1166 0.9823 0.1465
vn -0.0117 0.9945 0.1040
vn 0.0685 0.9970 0.0362
vn 0.0686 0.9974 -0.0202
vn -0.0746 0.9951 0.0643
vn -0.1177 0.9895 0.0840
vn -0.1176 0.9895 0.0840
vn -0.0746 0.9940 0.0803
vn -0.0249 0.9970 0.0725
vn -0.0062 0.9990 -0.0443
vn -0.0496 0.9962 -0.0721
vn -0.0685 0.9940 -0.0844
vn -0.0499 0.9961 -0.0724
vn -0.0562 0.9966 -0.0604
vn -0.0374 0.9985 -0.0403
vn 0.0374 0.9988 0.0322
vn 0.0499 0.9971 0.0563
vn 0.0436 0.9972 0.0604
vn 0.0561 0.9955 0.0764
vn 0.0499 0.9961 0.0725
vn 0.0931 0.9943 0.0522
vn 0.1178 0.9901 0.0761
vn 0.0992 0.9904 0.0961
vn 0.0931 0.9906 0.1000
vn 0.1056 0.9915 0.0761
vn 0.0995 0.9945 0.0322
vn 0.0809 0.9917 -0.0999
vn 0.1175 0.9873 -0.1071
vn 0.0987 0.9913 -0.0869
vn 0.0184 0.9985 -0.0519
vn -0.0562 0.9982 -0.0202
vn -0.0624 0.9980 0.0080
vn 0.0125 0.9960 0.0885
vn -0.0124 0.9936 0.1124
vn -0.0558 0.9907 0.1241
vn -0.0988 0.9869 0.1276
vn -0.1170 0.9844 0.1311
vn -0.1228 0.9821 0.1425
vn -0.1350 0.9793 0.1504
vn -0.0987 0.9869 0.1277
vn -0.0433 0.9967 0.0683
vn 0.0126 0.9998 0.0161
vn -0.0990 0.9911 0.0881
vn -0.1114 0.9883 0.1039
vn -0.0497 0.9941 0.0964
vn -0.0312 0.9972 -0.0685
vn -0.0495 0.9941 -0.0963
vn -0.0806 0.9899 -0.1161
vn -0.0495 0.9924 -0.1122
vn -0.0187 0.9955 -0.0925
vn -0.0124 0.9983 -0.0564
vn 0.0249 0.9985 0.0483
vn 0.0934 0.9952 0.0282
vn 0.0748 0.9956 0.0563
vn 0.0374 0.9972 0.0644
vn 0.0374 0.9966 0.0725
vn 0.0746 0.9946 0.0723
vn 0.1117 0.9911 0.0721
vn 0.1300 0.9892 0.0680
vn 0.1178 0.9907 0.0681
vn 0.0932 0.9927 0.0762
vn 0.0498 0.9967 0.0642
vn 0.0124 0.9998 0.0161
vn 0.0374 0.9946 -0.0964
vn 0.0128 0.9895 -0.1437
vn 0.0366 0.9825 -0.1827
vn 0.1033 0.9725 -0.2085
vn 0.1216 0.9681 -0.2189
vn 0.0845 0.9770 -0.1957
vn 0.0176 0.9901 -0.1388
vn 0.0062 0.9970 -0.0764
vn 0.0686 0.9976 0.0122
vn 0.0125 0.9991 0.0401
vn -0.0499 0.9976 0.0482
vn -0.0932 0.9943 0.0519
vn -0.0994 0.9930 0.0642
vn -0.0993 0.9918 0.0801
vn -0.1235 0.9877 0.0956
vn -0.1296 0.9857 0.1077
vn -0.0989 0.9888 0.1120
vn -0.0185 0.9940 0.1082
vn 0.0374 0.9946 0.0964
vn 0.0437 0.9961 0.0765
vn 0.0499 0.9971 0.0564
vn 0.0562 0.9970 0.0524
vn -0.0123 0.9978 0.0645
vn -0.0684 0.9941 0.0844
vn -0.0867 0.9890 0.1200
vn -0.0743 0.9909 0.1121
vn -0.0622 0.9934 0.0963
vn -0.0437 0.9984 0.0362
vn -0.0312 0.9985 -0.0443
vn -0.0312 0.9977 -0.0605
vn -0.0622 0.9954 -0.0724
vn -0.0684 0.9934 -0.0923
vn -0.0746 0.9917 -0.1043
vn -0.0683 0.9934 -0.0922
vn -0.0186 0.9975 -0.0684
vn 0.0562 0.9984 0.0039
vn 0.0499 0.9987 -0.0081
vn 0.0996 0.9950 -0.0081
vn 0.0995 0.9949 0.0161
vn 0.0499 0.9966 0.0644
vn 0.0560 0.9941 0.0924
vn 0.0746 0.9917 0.1042
vn 0.0931 0.9914 0.0922
vn 0.0871 0.9946 0.0562
vn 0.0934 0.9955 0.0120
vn 0.0809 0.9965 -0.0202
vn 0.0063 0.9990 -0.0441
vn -0.0498 0.9967 -0.0642
vn -0.0498 0.9948 -0.0884
vn -0.0249 0.9924 -0.1203
vn -0.0248 0.9904 -0.1359
vn -0.0002 0.9897 -0.1433
vn 0.0487 0.9835 -0.1741
vn 0.0967 0.9727 -0.2110
vn 0.1150 0.9662 -0.2305
vn 0.0974 0.9706 -0.2200
vn 0.0726 0.9793 -0.1888
vn 0.0922 0.9811 -0.1698
vn 0.1224 0.9812 -0.1490
vn 0.0611 0.9919 -0.1108
vn -0.0189 0.9975 -0.0682
vn -0.0562 0.9980 -0.0283
vn -0.0931 0.9914 0.0922
vn -0.1175 0.9872 0.1076
vn -0.0928 0.9889 0.1158
vn -0.0248 0.9924 0.1203
vn 0.0124 0.9936 0.1124
vn 0.0187 0.9948 0.1005
vn 0.0622 0.9934 0.0962
vn 0.0622 0.9934 0.0960
vn 0.0062 0.9949 0.1003
vn -0.0435 0.9931 0.1083
vn -0.0558 0.9916 0.1162
vn -0.0805 0.9890 0.1239
vn -0.0928 0.9879 0.1238
vn -0.0929 0.9898 0.1080
vn -0.0868 0.9923 0.0882
vn -0.0809 0.9938 0.0763
vn -0.0374 0.9977 0.0563
vn 0.0000 0.9995 -0.0322
vn -0.0624 0.9979 -0.0161
vn -0.0187 0.9991 -0.0362
vn -0.0748 0.9956 -0.0564
vn -0.0747 0.9960 -0.0480
vn -0.0562 0.9980 -0.0280
vn -0.0187 0.9998 0.0040
vn 0.0371 0.9981 0.0478
vn 0.0806 0.9932 0.0835
vn 0.0746 0.9933 0.0884
vn 0.0437 0.9972 0.0604
vn 0.0871 0.9959 0.0241
vn 0.1120 0.9934 0.0241
vn 0.1242 0.9921 0.0161
vn 0.1180 0.9929 0.0120
vn 0.0811 0.9957 0.0443
vn 0.0810 0.9953 0.0522
vn 0.0685 0.9963 0.0521
vn 0.0499 0.9982 0.0320
vn 0.0250 0.9997 -0.0001
vn 0.0186 0.9988 -0.0444
vn 0.0126 0.9944 -0.1044
vn -0.0308 0.9886 -0.1476
vn -0.0556 0.9863 -0.1553
vn -0.0680 0.9867 -0.1473
vn -0.0371 0.9900 -0.1361
vn -0.0063 0.9932 -0.1164
vn 0.0428 0.9881 -0.1476
vn 0.0735 0.9790 -0.1899
vn 0.0967 0.9691 -0.2270
vn 0.0967 0.9654 -0.2420
vn 0.0963 0.9655 -0.2419
vn 0.1506 0.9598 -0.2369
vn 0.1326 0.9684 -0.2109
vn 0.0608 0.9854 -0.1587
vn 0.0308 0.9953 -0.0920
vn 0.0374 0.9990 -0.0240
vn -0.0496 0.9962 0.0721
vn -0.1053 0.9902 0.0920
vn -0.0868 0.9915 0.0963
vn 0.0124 0.9944 0.1045
vn 0.0434 0.9892 0.1399
vn 0.0558 0.9886 0.1399
vn 0.0557 0.9897 0.1320
vn 0.0124 0.9917 0.1281
vn -0.0309 0.9907 0.1322
vn -0.0496 0.9894 0.1360
vn -0.0866 0.9880 0.1278
vn -0.1112 0.9875 0.1118
vn -0.0992 0.9911 0.0881
vn -0.0808 0.9931 0.0843
vn -0.0062 0.9964 0.0846
vn -0.0686 0.9970 0.0363
vn 0.0375 0.9977 -0.0564
vn -0.0188 0.9991 -0.0363
vn -0.0437 0.9972 -0.0604
vn 0.0432 0.9955 0.0844
vn 0.0989 0.9878 0.1199
vn 0.0927 0.9870 0.1314
vn 0.0370 0.9930 0.1122
vn 0.0374 0.9981 0.0484
vn 0.0934 0.9954 0.0201
vn 0.0810 0.9960 -0.0361
vn 0.0749 0.9960 -0.0482
vn 0.0561 0.9966 -0.0602
vn 0.0250 0.9976 -0.0644
vn -0.0434 0.9967 -0.0684
vn -0.0745 0.9917 -0.1043
vn -0.0743 0.9868 -0.1434
vn -0.0678 0.9830 -0.1707
vn -0.0555 0.9823 -0.1787
vn -0.0060 0.9865 -0.1635
vn 0.0247 0.9893 -0.1439
vn 0.0062 0.9922 -0.1243
vn -0.0125 0.9944 -0.1045
vn -0.0063 0.9941 -0.1083
vn 0.0185 0.9911 -0.1318
vn 0.0612 0.9867 -0.1503
vn 0.0798 0.9822 -0.1699
vn 0.0792 0.9779 -0.1933
vn 0.1386 0.9668 -0.2145
vn 0.1746 0.9594 -0.2213
vn 0.1453 0.9698 -0.1958
vn 0.1288 0.9807 -0.1468
vn 0.1170 0.9881 -0.0994
vn 0.0807 0.9949 -0.0598
vn 0.0061 0.9998 -0.0201
vn -0.0685 0.9974 0.0199
vn -0.0686 0.9962 0.0522
vn 0.0374 0.9960 0.0805
vn 0.0561 0.9941 0.0921
vn 0.0498 0.9941 0.0960
vn 0.0435 0.9948 0.0921
vn 0.0374 0.9960 0.0804
vn -0.0187 0.9969 0.0763
vn -0.0497 0.9955 0.0800
vn -0.0930 0.9921 0.0841
vn -0.0992 0.9904 0.0962
vn -0.0990 0.9888 0.1119
vn -0.1172 0.9854 0.1235
vn -0.1110 0.9856 0.1274
vn -0.0866 0.9890 0.1197
vn -0.0621 0.9934 0.0963
vn -0.0311 0.9972 0.0685
vn -0.0872 0.9962 0.0001
vn -0.0996 0.9949 -0.0161
vn -0.0686 0.9970 -0.0363
vn 0.0374 0.9977 0.0565
vn 0.0808 0.9938 0.0764
vn 0.1116 0.9911 0.0719
vn 0.0746 0.9956 0.0561
vn 0.0748 0.9951 -0.0644
vn 0.0745 0.9926 -0.0963
vn 0.0559 0.9907 -0.1241
vn 0.0620 0.9888 -0.1357
vn 0.0743 0.9900 -0.1199
vn 0.0372 0.9946 -0.0965
vn 0.0125 0.9960 -0.0885
vn -0.0558 0.9948 -0.0844
vn -0.1176 0.9895 -0.0840
vn -0.1174 0.9880 -0.0999
vn -0.1051 0.9867 -0.1237
vn -0.0495 0.9895 -0.1356
vn 0.0249 0.9915 -0.1280
vn 0.0560 0.9926 -0.1082
vn 0.0374 0.9954 -0.0884
vn 0.0062 0.9970 -0.0766
vn -0.0187 0.9975 -0.0685
vn 0.0436 0.9972 -0.0604
vn 0.0374 0.9960 -0.0804
vn 0.0308 0.9927 -0.1160
vn 0.0915 0.9837 -0.1545
vn 0.1636 0.9692 -0.1838
vn 0.1934 0.9631 -0.1872
vn 0.1870 0.9678 -0.1681
vn 0.1528 0.9762 -0.1538
vn 0.1290 0.9818 -0.1389
vn 0.0676 0.9919 -0.1077
vn -0.0001 0.9979 -0.0644
vn -0.0623 0.9965 0.0562
vn -0.0746 0.9940 0.0801
vn -0.0928 0.9906 0.0999
vn -0.0990 0.9879 0.1196
vn -0.1050 0.9867 0.1237
vn -0.1051 0.9886 0.1079
vn -0.0745 0.9940 0.0802
vn -0.0623 0.9965 0.0564
vn -0.0748 0.9956 0.0563
vn -0.0561 0.9955 0.0764
vn -0.0436 0.9948 0.0924
vn -0.0373 0.9954 0.0884
vn -0.0436 0.9977 -0.0523
vn -0.0872 0.9946 -0.0563
vn -0.0934 0.9950 -0.0362
vn -0.0749 0.9970 -0.0161
vn 0.0623 0.9964 0.0564
vn 0.0810 0.9965 0.0201
vn 0.0562 0.9974 0.0443
vn 0.0250 0.9985 -0.0483
vn 0.0374 0.9954 -0.0885
vn 0.0435 0.9940 -0.1004
vn 0.0311 0.9936 -0.1082
vn 0.0556 0.9917 -0.1157
vn 0.0990 0.9878 -0.1200
vn 0.0493 0.9915 -0.1200
vn -0.0062 0.9912 -0.1322
vn -0.0494 0.9885 -0.1431
vn -0.0990 0.9869 -0.1275
vn -0.1114 0.9891 -0.0961
vn -0.1054 0.9921 -0.0680
vn -0.0373 0.9981 -0.0482
vn 0.0437 0.9984 -0.0362
vn -0.0063 0.9981 -0.0605
vn 0.0495 0.9962 -0.0720
vn 0.1232 0.9878 -0.0950
vn 0.1700 0.9763 -0.1334
vn 0.1822 0.9680 -0.1726
vn 0.1577 0.9694 -0.1881
vn 0.1398 0.9713 -0.1923
vn 0.1099 0.9758 -0.1888
vn 0.0733 0.9846 -0.1582
vn 0.0431 0.9923 -0.1158
vn 0.0435 0.9955 -0.0840
vn 0.0809 0.9949 -0.0600
vn 0.0933 0.9950 -0.0359
vn 0.0435 0.9988 -0.0200
vn -0.0313 0.9981 -0.0524
vn -0.0562 0.9977 0.0362
vn -0.1176 0.9888 0.0919
vn -0.1053 0.9901 0.0921
vn -0.0311 0.9959 0.0844
vn -0.0250 0.9995 0.0162
vn -0.0623 0.9954 -0.0725
vn -0.0747 0.9951 -0.0643
vn -0.0625 0.9980 0.0081
vn 0.0872 0.9946 0.0563
vn 0.0622 0.9965 0.0563
vn 0.0249 0.9976 -0.0645
vn 0.0500 0.9976 -0.0484
vn 0.0125 0.9960 -0.0886
vn 0.0000 0.9953 -0.0966
vn 0.0248 0.9950 -0.0965
vn 0.0988 0.9888 -0.1116
vn 0.0496 0.9883 -0.1438
vn -0.0247 0.9868 -0.1596
vn -0.0493 0.9805 -0.1903
vn -0.0738 0.9819 -0.1744
vn -0.0869 0.9908 -0.1039
vn -0.0872 0.9954 -0.0401
vn 0.0995 0.9945 -0.0321
vn 0.1358 0.9868 -0.0874
vn 0.1582 0.9736 -0.1645
vn 0.1573 0.9648 -0.2105
vn 0.1331 0.9649 -0.2261
vn 0.1208 0.9647 -0.2340
vn 0.1096 0.9710 -0.2123
vn 0.0739 0.9818 -0.1747
vn 0.0616 0.9865 -0.1516
vn 0.0986 0.9869 -0.1278
vn 0.1114 0.9883 -0.1039
vn 0.0499 0.9955 -0.0805
vn -0.0374 0.9966 -0.0725
vn -0.0871 0.9946 0.0562
vn -0.1116 0.9911 0.0721
vn -0.1116 0.9898 0.0880
vn -0.0870 0.9923 0.0883
vn -0.0623 0.9954 0.0725
vn 0.0002 0.0000 -1.0000
vn -1.0000 0.0000 -0.0002
vn 0.0001 0.0000 -1.0000
vn 0.0001 -0.0000 -1.0000
vn 0.0000 0.0000 -1.0000
vn 0.0000 -0.0000 -1.0000
vn -0.0000 0.0000 -1.0000
vn -0.0001 0.0000 -1.0000
vn -0.0001 -0.0000 -1.0000
vn -0.0002 -0.0000 -1.0000
vn -0.0002 0.0000 -1.0000
vn 1.0000 0.0000 -0.0002
vn 1.0000 -0.0000 -0.0002
vn -0.0002 0.0000 1.0000
vn -0.0001 0.0000 1.0000
vn -0.0000 0.0000 1.0000
vn 0.0000 0.0000 1.0000
vn 0.0001 0.0000 1.0000
vn 0.0002 0.0000 1.0000
vn -0.0000 -1.0000 -0.0000
# 2379 vertex normals

o Terrain
g Terrain
usemtl Material__37
s off
f 1//1 2//2 3//3 4//4 
f 5//5 6//6 2//2 1//1 
f 7//7 8//8 6//6 5//5 
f 9//9 10//10 8//8 7//7 
f 11//11 12//12 10//10 9//9 
f 13//13 14//14 12//12 11//11 
f 15//15 16//16 14//14 13//13 
f 17//17 18//18 16//16 15//15 
f 19//19 20//20 18//18 17//17 
f 21//21 22//22 20//20 19//19 
f 23//23 24//24 22//22 21//21 
f 25//25 26//24 24//24 23//23 
f 27//26 28//27 26//24 25//25 
f 29//28 30//29 28//27 27//26 
f 31//30 32//31 30//29 29//28 
f 33//32 34//33 32//31 31//30 
f 35//34 36//35 34//33 33//32 
f 37//36 38//37 36//35 35//34 
f 39//38 40//39 38//37 37//36 
f 41//40 42//41 40//39 39//38 
f 43//42 44//43 42//41 41//40 
f 45//44 46//45 44//43 43//42 
f 47//46 48//47 46//45 45//44 
f 49//48 50//49 48//47 47//46 
f 51//50 52//51 50//49 49//48 
f 53//52 54//53 52//51 51//50 
f 55//54 56//55 54//53 53//52 
f 57//56 58//57 56//55 55//54 
f 59//58 60//59 58//57 57//56 
f 61//60 62//61 60//59 59//58 
f 63//62 64//63 62//61 61//60 
f 65//64 66//65 64//63 63//62 
f 67//66 68//67 66//65 65//64 
f 69//68 70//69 68//67 67//66 
f 71//70 72//71 70//69 69//68 
f 73//72 74//63 72//71 71//70 
f 75//73 76//74 74//63 73//72 
f 77//75 78//76 76//74 75//73 
f 79//77 80//78 78//76 77//75 
f 81//79 82//80 80//78 79//77 
f 83//81 84//82 82//80 81//79 
f 85//83 86//84 84//82 83//81 
f 87//85 88//84 86//84 85//83 
f 89//82 90//82 88//84 87//85 
f 91//86 92//81 90//82 89//82 
f 93//87 94//84 92//81 91//86 
f 95//88 96//89 94//84 93//87 
f 97//90 98//89 96//89 95//88 
f 99//91 100//89 98//89 97//90 
f 101//89 102//89 100//89 99//91 
f 103//92 104//92 102//89 101//89 
f 105//93 106//94 104//92 103//92 
f 107//95 108//96 106//94 105//93 
f 109//97 110//96 108//96 107//95 
f 111//98 112//96 110//96 109//97 
f 113//99 114//100 112//96 111//98 
f 115//99 116//89 114//100 113//99 
f 117//89 118//101 116//89 115//99 
f 119//84 120//74 118//101 117//89 
f 121//102 122//103 120//74 119//84 
f 123//104 124//105 122//103 121//102 
f 125//81 126//81 124//105 123//104 
f 127//81 128//81 126//81 125//81 
f 129//85 130//100 128//81 127//81 
f 131//106 132//107 130//100 129//85 
f 133//99 134//108 132//107 131//106 
f 135//109 136//110 134//108 133//99 
f 137//59 138//111 136//110 135//109 
f 139//112 140//113 138//111 137//59 
f 141//114 142//115 140//113 139//112 
f 143//116 144//39 142//115 141//114 
f 145//117 146//49 144//39 143//116 
f 147//118 148//119 146//49 145//117 
f 149//120 150//121 148//119 147//118 
f 151//122 152//123 150//121 149//120 
f 153//124 154//125 152//123 151//122 
f 155//126 156//127 154//125 153//124 
f 157//128 158//129 156//127 155//126 
f 159//63 160//130 158//129 157//128 
f 161//85 162//131 160//130 159//63 
f 163//132 164//133 162//131 161//85 
f 165//134 166//135 164//133 163//132 
f 167//136 168//137 166//135 165//134 
f 169//138 170//139 168//137 167//136 
f 171//140 172//80 170//139 169//138 
f 173//100 174//141 172//80 171//140 
f 175//142 176//143 174//141 173//100 
f 177//144 178//145 176//143 175//142 
f 179//146 180//53 178//145 177//144 
f 181//120 182//147 180//53 179//146 
f 183//148 184//92 182//147 181//120 
f 185//149 186//150 184//92 183//148 
f 187//151 188//141 186//150 185//149 
f 189//91 190//84 188//141 187//151 
f 191//152 192//89 190//84 189//91 
f 193//153 194//63 192//89 191//152 
f 195//154 196//63 194//63 193//153 
f 197//155 198//100 196//63 195//154 
f 199//156 200//94 198//100 197//155 
f 201//95 202//121 200//94 199//156 
f 203//92 204//147 202//121 201//95 
f 205//157 206//121 204//147 203//92 
f 207//158 208//159 206//121 205//157 
f 209//160 210//161 208//159 207//158 
f 211//159 212//162 210//161 209//160 
f 213//157 214//121 212//162 211//159 
f 215//163 216//96 214//121 213//157 
f 217//156 218//141 216//96 215//163 
f 219//86 220//141 218//141 217//156 
f 221//164 222//74 220//141 219//86 
f 223//165 224//101 222//74 221//164 
f 225//89 226//166 224//101 223//165 
f 227//166 228//147 226//166 225//89 
f 229//167 1//1 4//4 230//168 
f 231//169 5//5 1//1 229//167 
f 232//170 7//7 5//5 231//169 
f 233//171 9//9 7//7 232//170 
f 234//172 11//11 9//9 233//171 
f 235//173 13//13 11//11 234//172 
f 236//174 15//15 13//13 235//173 
f 237//175 17//17 15//15 236//174 
f 238//176 19//19 17//17 237//175 
f 239//177 21//21 19//19 238//176 
f 240//178 23//23 21//21 239//177 
f 241//61 25//25 23//23 240//178 
f 242//179 27//26 25//25 241//61 
f 243//180 29//28 27//26 242//179 
f 244//181 31//30 29//28 243//180 
f 245//182 33//32 31//30 244//181 
f 246//183 35//34 33//32 245//182 
f 247//184 37//36 35//34 246//183 
f 248//184 39//38 37//36 247//184 
f 249//183 41//40 39//38 248//184 
f 250//185 43//42 41//40 249//183 
f 251//186 45//44 43//42 250//185 
f 252//187 47//46 45//44 251//186 
f 253//188 49//48 47//46 252//187 
f 254//189 51//50 49//48 253//188 
f 255//190 53//52 51//50 254//189 
f 256//191 55//54 53//52 255//190 
f 257//192 57//56 55//54 256//191 
f 258//193 59//58 57//56 257//192 
f 259//194 61//60 59//58 258//193 
f 260//195 63//62 61//60 259//194 
f 261//196 65//64 63//62 260//195 
f 262//197 67//66 65//64 261//196 
f 263//198 69//68 67//66 262//197 
f 264//199 71//70 69//68 263//198 
f 265//200 73//72 71//70 264//199 
f 266//201 75//73 73//72 265//200 
f 267//202 77//75 75//73 266//201 
f 268//203 79//77 77//75 267//202 
f 269//204 81//79 79//77 268//203 
f 270//205 83//81 81//79 269//204 
f 271//206 85//83 83//81 270//205 
f 272//207 87//85 85//83 271//206 
f 273//81 89//82 87//85 272//207 
f 274//208 91//86 89//82 273//81 
f 275//88 93//87 91//86 274//208 
f 276//74 95//88 93//87 275//88 
f 277//209 97//90 95//88 276//74 
f 278//153 99//91 97//90 277//209 
f 279//84 101//89 99//91 278//153 
f 280//210 103//92 101//89 279//84 
f 281//93 105//93 103//92 280//210 
f 282//92 107//95 105//93 281//93 
f 283//140 109//97 107//95 282//92 
f 284//211 111//98 109//97 283//140 
f 285//212 113//99 111//98 284//211 
f 286//98 115//99 113//99 285//212 
f 287//97 117//89 115//99 286//98 
f 288//210 119//84 117//89 287//97 
f 289//84 121//102 119//84 288//210 
f 290//88 123//104 121//102 289//84 
f 291//85 125//81 123//104 290//88 
f 292//83 127//81 125//81 291//85 
f 293//81 129//85 127//81 292//83 
f 294//103 131//106 129//85 293//81 
f 295//207 133//99 131//106 294//103 
f 296//213 135//109 133//99 295//207 
f 297//75 137//59 135//109 296//213 
f 298//214 139//112 137//59 297//75 
f 299//215 141//114 139//112 298//214 
f 300//216 143//116 141//114 299//215 
f 301//217 145//117 143//116 300//216 
f 302//218 147//118 145//117 301//217 
f 303//55 149//120 147//118 302//218 
f 304//219 151//122 149//120 303//55 
f 305//220 153//124 151//122 304//219 
f 306//221 155//126 153//124 305//220 
f 307//99 157//128 155//126 306//221 
f 308//140 159//63 157//128 307//99 
f 309//96 161//85 159//63 308//140 
f 310//222 163//132 161//85 309//96 
f 311//119 165//134 163//132 310//222 
f 312//117 167//136 165//134 311//119 
f 313//223 169//138 167//136 312//117 
f 314//224 171//140 169//138 313//223 
f 315//225 173//100 171//140 314//224 
f 316//226 175//142 173//100 315//225 
f 317//227 177//144 175//142 316//226 
f 318//228 179//146 177//144 317//227 
f 319//229 181//120 179//146 318//228 
f 320//230 183//148 181//120 319//229 
f 321//231 185//149 183//148 320//230 
f 322//232 187//151 185//149 321//231 
f 323//233 189//91 187//151 322//232 
f 324//147 191//152 189//91 323//233 
f 325//95 193//153 191//152 324//147 
f 326//234 195//154 193//153 325//95 
f 327//235 197//155 195//154 326//234 
f 328//236 199//156 197//155 327//235 
f 329//81 201//95 199//156 328//236 
f 330//215 203//92 201//95 329//81 
f 331//237 205//157 203//92 330//215 
f 332//157 207//158 205//157 331//237 
f 333//159 209//160 207//158 332//157 
f 334//159 211//159 209//160 333//159 
f 335//238 213//157 211//159 334//159 
f 336//239 215//163 213//157 335//238 
f 337//240 217//156 215//163 336//239 
f 338//212 219//86 217//156 337//240 
f 339//241 221//164 219//86 338//212 
f 340//165 223//165 221//164 339//241 
f 341//153 225//89 223//165 340//165 
f 342//84 227//166 225//89 341//153 
f 343//166 229//167 230//168 344//147 
f 345//242 231//169 229//167 343//166 
f 346//243 232//170 231//169 345//242 
f 347//177 233//171 232//170 346//243 
f 348//244 234//172 233//171 347//177 
f 349//245 235//173 234//172 348//244 
f 350//233 236//174 235//173 349//245 
f 351//246 237//175 236//174 350//233 
f 352//178 238//176 237//175 351//246 
f 353//247 239//177 238//176 352//178 
f 354//177 240//178 239//177 353//247 
f 355//248 241//61 240//178 354//177 
f 356//179 242//179 241//61 355//248 
f 357//147 243//180 242//179 356//179 
f 358//243 244//181 243//180 357//147 
f 359//249 245//182 244//181 358//243 
f 360//250 246//183 245//182 359//249 
f 361//47 247//184 246//183 360//250 
f 362//251 248//184 247//184 361//47 
f 363//252 249//183 248//184 362//251 
f 364//253 250//185 249//183 363//252 
f 365//254 251//186 250//185 364//253 
f 366//255 252//187 251//186 365//254 
f 367//256 253//188 252//187 366//255 
f 368//257 254//189 253//188 367//256 
f 369//258 255//190 254//189 368//257 
f 370//259 256//191 255//190 369//258 
f 371//260 257//192 256//191 370//259 
f 372//261 258//193 257//192 371//260 
f 373//262 259//194 258//193 372//261 
f 374//263 260//195 259//194 373//262 
f 375//264 261//196 260//195 374//263 
f 376//265 262//197 261//196 375//264 
f 377//266 263//198 262//197 376//265 
f 378//267 264//199 263//198 377//266 
f 379//268 265//200 264//199 378//267 
f 380//269 266//201 265//200 379//268 
f 381//270 267//202 266//201 380//269 
f 382//271 268//203 267//202 381//270 
f 383//272 269//204 268//203 382//271 
f 384//273 270//205 269//204 383//272 
f 385//274 271//206 270//205 384//273 
f 386//275 272//207 271//206 385//274 
f 387//77 273//81 272//207 386//275 
f 388//276 274//208 273//81 387//77 
f 389//277 275//88 274//208 388//276 
f 390//153 276//74 275//88 389//277 
f 391//209 277//209 276//74 390//153 
f 392//74 278//153 277//209 391//209 
f 393//88 279//84 278//153 392//74 
f 394//278 280//210 279//84 393//88 
f 395//95 281//93 280//210 394//278 
f 396//98 282//92 281//93 395//95 
f 397//98 283//140 282//92 396//98 
f 398//279 284//211 283//140 397//98 
f 399//280 285//212 284//211 398//279 
f 400//96 286//98 285//212 399//280 
f 401//96 287//97 286//98 400//96 
f 402//96 288//210 287//97 401//96 
f 403//84 289//84 288//210 402//96 
f 404//90 290//88 289//84 403//84 
f 405//91 291//85 290//88 404//90 
f 406//89 292//83 291//85 405//91 
f 407//281 293//81 292//83 406//89 
f 408//84 294//103 293//81 407//281 
f 409//86 295//207 294//103 408//84 
f 410//201 296//213 295//207 409//86 
f 411//75 297//75 296//213 410//201 
f 412//79 298//214 297//75 411//75 
f 413//213 299//215 298//214 412//79 
f 414//282 300//216 299//215 413//213 
f 415//283 301//217 300//216 414//282 
f 416//284 302//218 301//217 415//283 
f 417//176 303//55 302//218 416//284 
f 418//285 304//219 303//55 417//176 
f 419//286 305//220 304//219 418//285 
f 420//287 306//221 305//220 419//286 
f 421//140 307//99 306//221 420//287 
f 422//288 308//140 307//99 421//140 
f 423//289 309//96 308//140 422//288 
f 424//149 310//222 309//96 423//289 
f 425//242 311//119 310//222 424//149 
f 426//290 312//117 311//119 425//242 
f 427//291 313//223 312//117 426//290 
f 428//292 314//224 313//223 427//291 
f 429//293 315//225 314//224 428//292 
f 430//294 316//226 315//225 429//293 
f 431//295 317//227 316//226 430//294 
f 432//296 318//228 317//227 431//295 
f 433//297 319//229 318//228 432//296 
f 434//298 320//230 319//229 433//297 
f 435//168 321//231 320//230 434//298 
f 436//299 322//232 321//231 435//168 
f 437//300 323//233 322//232 436//299 
f 438//301 324//147 323//233 437//300 
f 439//302 325//95 324//147 438//301 
f 440//283 326//234 325//95 439//302 
f 441//96 327//235 326//234 440//283 
f 442//303 328//236 327//235 441//96 
f 443//304 329//81 328//236 442//303 
f 444//84 330//215 329//81 443//304 
f 445//92 331//237 330//215 444//84 
f 446//121 332//157 331//237 445//92 
f 447//239 333//159 332//157 446//121 
f 448//230 334//159 333//159 447//239 
f 449//178 335//238 334//159 448//230 
f 450//247 336//239 335//238 449//178 
f 451//107 337//240 336//239 450//247 
f 452//248 338//212 337//240 451//107 
f 453//305 339//241 338//212 452//248 
f 454//287 340//165 339//241 453//305 
f 455//306 341//153 340//165 454//287 
f 456//96 342//84 341//153 455//306 
f 457//120 343//166 344//147 458//53 
f 459//240 345//242 343//166 457//120 
f 460//120 346//243 345//242 459//240 
f 461//307 347//177 346//243 460//120 
f 462//59 348//244 347//177 461//307 
f 463//107 349//245 348//244 462//59 
f 464//246 350//233 349//245 463//107 
f 465//246 351//246 350//233 464//246 
f 466//231 352//178 351//246 465//246 
f 467//308 353//247 352//178 466//231 
f 468//55 354//177 353//247 467//308 
f 469//107 355//248 354//177 468//55 
f 470//305 356//179 355//248 469//107 
f 471//240 357//147 356//179 470//305 
f 472//302 358//243 357//147 471//240 
f 473//229 359//249 358//243 472//302 
f 474//309 360//250 359//249 473//229 
f 475//310 361//47 360//250 474//309 
f 476//311 362//251 361//47 475//310 
f 477//312 363//252 362//251 476//311 
f 478//313 364//253 363//252 477//312 
f 479//314 365//254 364//253 478//313 
f 480//315 366//255 365//254 479//314 
f 481//316 367//256 366//255 480//315 
f 482//317 368//257 367//256 481//316 
f 483//318 369//258 368//257 482//317 
f 484//319 370//259 369//258 483//318 
f 485//320 371//260 370//259 484//319 
f 486//321 372//261 371//260 485//320 
f 487//322 373//262 372//261 486//321 
f 488//323 374//263 373//262 487//322 
f 489//324 375//264 374//263 488//323 
f 490//325 376//265 375//264 489//324 
f 491//326 377//266 376//265 490//325 
f 492//327 378//267 377//266 491//326 
f 493//328 379//268 378//267 492//327 
f 494//329 380//269 379//268 493//328 
f 495//330 381//270 380//269 494//329 
f 496//331 382//271 381//270 495//330 
f 497//332 383//272 382//271 496//331 
f 498//333 384//273 383//272 497//332 
f 499//334 385//274 384//273 498//333 
f 500//334 386//275 385//274 499//334 
f 501//335 387//77 386//275 500//334 
f 502//336 388//276 387//77 501//335 
f 503//337 389//277 388//276 502//336 
f 504//338 390//153 389//277 503//337 
f 505//339 391//209 390//153 504//338 
f 506//204 392//74 391//209 505//339 
f 507//340 393//88 392//74 506//204 
f 508//89 394//278 393//88 507//340 
f 509//99 395//95 394//278 508//89 
f 510//305 396//98 395//95 509//99 
f 511//147 397//98 396//98 510//305 
f 512//341 398//279 397//98 511//147 
f 513//98 399//280 398//279 512//341 
f 514//92 400//96 399//280 513//98 
f 515//92 401//96 400//96 514//92 
f 516//92 402//96 401//96 515//92 
f 517//279 403//84 402//96 516//92 
f 518//101 404//90 403//84 517//279 
f 519//342 405//91 404//90 518//101 
f 520//287 406//89 405//91 519//342 
f 521//341 407//281 406//89 520//287 
f 522//341 408//84 407//281 521//341 
f 523//98 409//86 408//84 522//341 
f 524//92 410//201 409//86 523//98 
f 525//89 411//75 410//201 524//92 
f 526//91 412//79 411//75 525//89 
f 527//151 413//213 412//79 526//91 
f 528//343 414//282 413//213 527//151 
f 529//344 415//283 414//282 528//343 
f 530//222 416//284 415//283 529//344 
f 531//58 417//176 416//284 530//222 
f 532//208 418//285 417//176 531//58 
f 533//85 419//286 418//285 532//208 
f 534//88 420//287 419//286 533//85 
f 535//278 421//140 420//287 534//88 
f 536//149 422//288 421//140 535//278 
f 537//148 423//289 422//288 536//149 
f 538//341 424//149 423//289 537//148 
f 539//305 425//242 424//149 538//341 
f 540//120 426//290 425//242 539//305 
f 541//162 427//291 426//290 540//120 
f 542//302 428//292 427//291 541//162 
f 543//249 429//293 428//292 542//302 
f 544//345 430//294 429//293 543//249 
f 545//346 431//295 430//294 544//345 
f 546//347 432//296 431//295 545//346 
f 547//348 433//297 432//296 546//347 
f 548//349 434//298 433//297 547//348 
f 549//350 435//168 434//298 548//349 
f 550//351 436//299 435//168 549//350 
f 551//250 437//300 436//299 550//351 
f 552//352 438//301 437//300 551//250 
f 553//353 439//302 438//301 552//352 
f 554//243 440//283 439//302 553//353 
f 555//354 441//96 440//283 554//243 
f 556//355 442//303 441//96 555//354 
f 557//165 443//304 442//303 556//355 
f 558//165 444//84 443//304 557//165 
f 559//279 445//92 444//84 558//165 
f 560//148 446//121 445//92 559//279 
f 561//159 447//239 446//121 560//148 
f 562//148 448//230 447//239 561//159 
f 563//92 449//178 448//230 562//148 
f 564//356 450//247 449//178 563//92 
f 565//240 451//107 450//247 564//356 
f 566//166 452//248 451//107 565//240 
f 567//341 453//305 452//248 566//166 
f 568//61 454//287 453//305 567//341 
f 569//341 455//306 454//287 568//61 
f 570//161 456//96 455//306 569//341 
f 571//357 457//120 458//53 572//358 
f 573//359 459//240 457//120 571//357 
f 574//360 460//120 459//240 573//359 
f 575//245 461//307 460//120 574//360 
f 576//107 462//59 461//307 575//245 
f 577//354 463//107 462//59 576//107 
f 578//246 464//246 463//107 577//354 
f 579//248 465//246 464//246 578//246 
f 580//307 466//231 465//246 579//248 
f 581//107 467//308 466//231 580//307 
f 582//177 468//55 467//308 581//107 
f 583//177 469//107 468//55 582//177 
f 584//180 470//305 469//107 583//177 
f 585//178 471//240 470//305 584//180 
f 586//162 472//302 471//240 585//178 
f 587//361 473//229 472//302 586//162 
f 588//180 474//309 473//229 587//361 
f 589//308 475//310 474//309 588//180 
f 590//300 476//311 475//310 589//308 
f 591//362 477//312 476//311 590//300 
f 592//363 478//313 477//312 591//362 
f 593//364 479//314 478//313 592//363 
f 594//365 480//315 479//314 593//364 
f 595//366 481//316 480//315 594//365 
f 596//367 482//317 481//316 595//366 
f 597//368 483//318 482//317 596//367 
f 598//369 484//319 483//318 597//368 
f 599//370 485//320 484//319 598//369 
f 600//371 486//321 485//320 599//370 
f 601//372 487//322 486//321 600//371 
f 602//373 488//323 487//322 601//372 
f 603//374 489//324 488//323 602//373 
f 604//375 490//325 489//324 603//374 
f 605//376 491//326 490//325 604//375 
f 606//377 492//327 491//326 605//376 
f 607//378 493//328 492//327 606//377 
f 608//379 494//329 493//328 607//378 
f 609//380 495//330 494//329 608//379 
f 610//381 496//331 495//330 609//380 
f 611//382 497//332 496//331 610//381 
f 612//383 498//333 497//332 611//382 
f 613//384 499//334 498//333 612//383 
f 614//194 500//334 499//334 613//384 
f 615//385 501//335 500//334 614//194 
f 616//386 502//336 501//335 615//385 
f 617//387 503//337 502//336 616//386 
f 618//333 504//338 503//337 617//387 
f 619//388 505//339 504//338 618//333 
f 620//389 506//204 505//339 619//388 
f 621//390 507//340 506//204 620//389 
f 622//391 508//89 507//340 621//390 
f 623//212 509//99 508//89 622//391 
f 624//166 510//305 509//99 623//212 
f 625//305 511//147 510//305 624//166 
f 626//307 512//341 511//147 625//305 
f 627//392 513//98 512//341 626//307 
f 628//393 514//92 513//98 627//392 
f 629//394 515//92 514//92 628//393 
f 630//180 516//92 515//92 629//394 
f 631//147 517//279 516//92 630//180 
f 632//287 518//101 517//279 631//147 
f 633//63 519//342 518//101 632//287 
f 634//241 520//287 519//342 633//63 
f 635//140 521//341 520//287 634//241 
f 636//92 522//341 521//341 635//140 
f 637//92 523//98 522//341 636//92 
f 638//92 524//92 523//98 637//92 
f 639//89 525//89 524//92 638//92 
f 640//89 526//91 525//89 639//89 
f 641//95 527//151 526//91 640//89 
f 642//395 528//343 527//151 641//95 
f 643//396 529//344 528//343 642//395 
f 644//397 530//222 529//344 643//396 
f 645//398 531//58 530//222 644//397 
f 646//206 532//208 531//58 645//398 
f 647//141 533//85 532//208 646//206 
f 648//399 534//88 533//85 647//141 
f 649//400 535//278 534//88 648//399 
f 650//86 536//149 535//278 649//400 
f 651//106 537//148 536//149 650//86 
f 652//166 538//341 537//148 651//106 
f 653//98 539//305 538//341 652//166 
f 654//157 540//120 539//305 653//98 
f 655//401 541//162 540//120 654//157 
f 656//132 542//302 541//162 655//401 
f 657//94 543//249 542//302 656//132 
f 658//248 544//345 543//249 657//94 
f 659//402 545//346 544//345 658//248 
f 660//171 546//347 545//346 659//402 
f 661//224 547//348 546//347 660//171 
f 662//403 548//349 547//348 661//224 
f 663//162 549//350 548//349 662//403 
f 664//404 550//351 549//350 663//162 
f 665//405 551//250 550//351 664//404 
f 666//406 552//352 551//250 665//405 
f 667//301 553//353 552//352 666//406 
f 668//247 554//243 553//353 667//301 
f 669//407 555//354 554//243 668//247 
f 670//180 556//355 555//354 669//407 
f 671//61 557//165 556//355 670//180 
f 672//241 558//165 557//165 671//61 
f 673//280 559//279 558//165 672//241 
f 674//149 560//148 559//279 673//280 
f 675//158 561//159 560//148 674//149 
f 676//237 562//148 561//159 675//158 
f 677//96 563//92 562//148 676//237 
f 678//96 564//356 563//92 677//96 
f 679//96 565//240 564//356 678//96 
f 680//280 566//166 565//240 679//96 
f 681//279 567//341 566//166 680//280 
f 682//89 568//61 567//341 681//279 
f 683//408 569//341 568//61 682//89 
f 684//161 570//161 569//341 683//408 
f 685//180 571//357 572//358 686//409 
f 687//107 573//359 571//357 685//180 
f 688//177 574//360 573//359 687//107 
f 689//410 575//245 574//360 688//177 
f 690//230 576//107 575//245 689//410 
f 691//230 577//354 576//107 690//230 
f 692//411 578//246 577//354 691//230 
f 693//122 579//248 578//246 692//411 
f 694//246 580//307 579//248 693//122 
f 695//147 581//107 580//307 694//246 
f 696//178 582//177 581//107 695//147 
f 697//412 583//177 582//177 696//178 
f 698//354 584//180 583//177 697//412 
f 699//120 585//178 584//180 698//354 
f 700//162 586//162 585//178 699//120 
f 701//354 587//361 586//162 700//162 
f 702//231 588//180 587//361 701//354 
f 703//107 589//308 588//180 702//231 
f 704//180 590//300 589//308 703//107 
f 705//118 591//362 590//300 704//180 
f 706//413 592//363 591//362 705//118 
f 707//414 593//364 592//363 706//413 
f 708//415 594//365 593//364 707//414 
f 709//416 595//366 594//365 708//415 
f 710//417 596//367 595//366 709//416 
f 711//418 597//368 596//367 710//417 
f 712//419 598//369 597//368 711//418 
f 713//420 599//370 598//369 712//419 
f 714//421 600//371 599//370 713//420 
f 715//422 601//372 600//371 714//421 
f 716//423 602//373 601//372 715//422 
f 717//424 603//374 602//373 716//423 
f 718//425 604//375 603//374 717//424 
f 719//426 605//376 604//375 718//425 
f 720//427 606//377 605//376 719//426 
f 721//428 607//378 606//377 720//427 
f 722//429 608//379 607//378 721//428 
f 723//430 609//380 608//379 722//429 
f 724//431 610//381 609//380 723//430 
f 725//432 611//382 610//381 724//431 
f 726//433 612//383 611//382 725//432 
f 727//434 613//384 612//383 726//433 
f 728//435 614//194 613//384 727//434 
f 729//436 615//385 614//194 728//435 
f 730//437 616//386 615//385 729//436 
f 731//438 617//387 616//386 730//437 
f 732//439 618//333 617//387 731//438 
f 733//440 619//388 618//333 732//439 
f 734//441 620//389 619//388 733//440 
f 735//442 621//390 620//389 734//441 
f 736//443 622//391 621//390 735//442 
f 737//90 623//212 622//391 736//443 
f 738//89 624//166 623//212 737//90 
f 739//444 625//305 624//166 738//89 
f 740//445 626//307 625//305 739//444 
f 741//446 627//392 626//307 740//445 
f 742//300 628//393 627//392 741//446 
f 743//447 629//394 628//393 742//300 
f 744//403 630//180 629//394 743//447 
f 745//177 631//147 630//180 744//403 
f 746//248 632//287 631//147 745//177 
f 747//444 633//63 632//287 746//248 
f 748//89 634//241 633//63 747//444 
f 749//210 635//140 634//241 748//89 
f 750//96 636//92 635//140 749//210 
f 751//96 637//92 636//92 750//96 
f 752//96 638//92 637//92 751//96 
f 753//73 639//89 638//92 752//96 
f 754//86 640//89 639//89 753//73 
f 755//448 641//95 640//89 754//86 
f 756//449 642//395 641//95 755//448 
f 757//450 643//396 642//395 756//449 
f 758//282 644//397 643//396 757//450 
f 759//73 645//398 644//397 758//282 
f 760//84 646//206 645//398 759//73 
f 761//451 647//141 646//206 760//84 
f 762//452 648//399 647//141 761//451 
f 763//453 649//400 648//399 762//452 
f 764//454 650//86 649//400 763//453 
f 765//455 651//106 650//86 764//454 
f 766//456 652//166 651//106 765//455 
f 767//201 653//98 652//166 766//456 
f 768//457 654//157 653//98 767//201 
f 769//401 655//401 654//157 768//457 
f 770//238 656//132 655//401 769//401 
f 771//411 657//94 656//132 770//238 
f 772//458 658//248 657//94 771//411 
f 773//459 659//402 658//248 772//458 
f 774//177 660//171 659//402 773//459 
f 775//406 661//224 660//171 774//177 
f 776//460 662//403 661//224 775//406 
f 777//52 663//162 662//403 776//460 
f 778//461 664//404 663//162 777//52 
f 779//462 665//405 664//404 778//461 
f 780//290 666//406 665//405 779//462 
f 781//463 667//301 666//406 780//290 
f 782//403 668//247 667//301 781//463 
f 783//407 669//407 668//247 782//403 
f 784//177 670//180 669//407 783//407 
f 785//231 671//61 670//180 784//177 
f 786//305 672//241 671//61 785//231 
f 787//92 673//280 672//241 786//305 
f 788//95 674//149 673//280 787//92 
f 789//148 675//158 674//149 788//95 
f 790//230 676//237 675//158 789//148 
f 791//147 677//96 676//237 790//230 
f 792//464 678//96 677//96 791//147 
f 793//356 679//96 678//96 792//464 
f 794//89 680//280 679//96 793//356 
f 795//89 681//279 680//280 794//89 
f 796//279 682//89 681//279 795//89 
f 797//100 683//408 682//89 796//279 
f 798//94 684//161 683//408 797//100 
f 799//288 685//180 686//409 800//159 
f 801//97 687//107 685//180 799//288 
f 802//240 688//177 687//107 801//97 
f 803//230 689//410 688//177 802//240 
f 804//239 690//230 689//410 803//230 
f 805//464 691//230 690//230 804//239 
f 806//99 692//411 691//230 805//464 
f 807//211 693//122 692//411 806//99 
f 808//98 694//246 693//122 807//211 
f 809//341 695//147 694//246 808//98 
f 810//464 696//178 695//147 809//341 
f 811//238 697//412 696//178 810//464 
f 812//159 698//354 697//412 811//238 
f 813//148 699//120 698//354 812//159 
f 814//238 700//162 699//120 813//148 
f 815//465 701//354 700//162 814//238 
f 816//411 702//231 701//354 815//465 
f 817//231 703//107 702//231 816//411 
f 818//177 704//180 703//107 817//231 
f 819//466 705//118 704//180 818//177 
f 820//467 706//413 705//118 819//466 
f 821//468 707//414 706//413 820//467 
f 822//469 708//415 707//414 821//468 
f 823//470 709//416 708//415 822//469 
f 824//471 710//417 709//416 823//470 
f 825//472 711//418 710//417 824//471 
f 826//110 712//419 711//418 825//472 
f 827//473 713//420 712//419 826//110 
f 828//474 714//421 713//420 827//473 
f 829//475 715//422 714//421 828//474 
f 830//476 716//423 715//422 829//475 
f 831//477 717//424 716//423 830//476 
f 832//478 718//425 717//424 831//477 
f 833//479 719//426 718//425 832//478 
f 834//480 720//427 719//426 833//479 
f 835//481 721//428 720//427 834//480 
f 836//482 722//429 721//428 835//481 
f 837//410 723//430 722//429 836//482 
f 838//483 724//431 723//430 837//410 
f 839//377 725//432 724//431 838//483 
f 840//484 726//433 725//432 839//377 
f 841//485 727//434 726//433 840//484 
f 842//486 728//435 727//434 841//485 
f 843//487 729//436 728//435 842//486 
f 844//488 730//437 729//436 843//487 
f 845//489 731//438 730//437 844//488 
f 846//490 732//439 731//438 845//489 
f 847//491 733//440 732//439 846//490 
f 848//492 734//441 733//440 847//491 
f 849//493 735//442 734//441 848//492 
f 850//494 736//443 735//442 849//493 
f 851//444 737//90 736//443 850//494 
f 852//444 738//89 737//90 851//444 
f 853//495 739//444 738//89 852//444 
f 854//496 740//445 739//444 853//495 
f 855//211 741//446 740//445 854//496 
f 856//356 742//300 741//446 855//211 
f 857//230 743//447 742//300 856//356 
f 858//354 744//403 743//447 857//230 
f 859//180 745//177 744//403 858//354 
f 860//231 746//248 745//177 859//180 
f 861//305 747//444 746//248 860//231 
f 862//98 748//89 747//444 861//305 
f 863//92 749//210 748//89 862//98 
f 864//92 750//96 749//210 863//92 
f 865//92 751//96 750//96 864//92 
f 866//92 752//96 751//96 865//92 
f 867//281 753//73 752//96 866//92 
f 868//96 754//86 753//73 867//281 
f 869//344 755//448 754//86 868//96 
f 870//497 756//449 755//448 869//344 
f 871//498 757//450 756//449 870//497 
f 872//96 758//282 757//450 871//498 
f 873//90 759//73 758//282 872//96 
f 874//91 760//84 759//73 873//90 
f 875//238 761//451 760//84 874//91 
f 876//238 762//452 761//451 875//238 
f 877//96 763//453 762//452 876//238 
f 878//452 764//454 763//453 877//96 
f 879//499 765//455 764//454 878//452 
f 880//500 766//456 765//455 879//499 
f 881//80 767//201 766//456 880//500 
f 882//150 768//457 767//201 881//80 
f 883//163 769//401 768//457 882//150 
f 884//97 770//238 769//401 883//163 
f 885//89 771//411 770//238 884//97 
f 886//101 772//458 771//411 885//89 
f 887//88 773//459 772//458 886//101 
f 888//96 774//177 773//459 887//88 
f 889//501 775//406 774//177 888//96 
f 890//502 776//460 775//406 889//501 
f 891//284 777//52 776//460 890//502 
f 892//284 778//461 777//52 891//284 
f 893//301 779//462 778//461 892//284 
f 894//247 780//290 779//462 893//301 
f 895//407 781//463 780//290 894//247 
f 896//407 782//403 781//463 895//407 
f 897//407 783//407 782//403 896//407 
f 898//177 784//177 783//407 897//407 
f 899//180 785//231 784//177 898//177 
f 900//178 786//305 785//231 899//180 
f 901//120 787//92 786//305 900//178 
f 902//147 788//95 787//92 901//120 
f 903//246 789//148 788//95 902//147 
f 904//180 790//230 789//148 903//246 
f 905//107 791//147 790//230 904//180 
f 906//177 792//464 791//147 905//107 
f 907//177 793//356 792//464 906//177 
f 908//123 794//89 793//356 907//177 
f 909//166 795//89 794//89 908//123 
f 910//97 796//279 795//89 909//166 
f 911//96 797//100 796//279 910//97 
f 912//451 798//94 797//100 911//96 
f 913//120 799//288 800//159 914//162 
f 915//503 801//97 799//288 913//120 
f 916//248 802//240 801//97 915//503 
f 917//407 803//230 802//240 916//248 
f 918//407 804//239 803//230 917//407 
f 919//107 805//464 804//239 918//407 
f 920//231 806//99 805//464 919//107 
f 921//246 807//211 806//99 920//231 
f 922//305 808//98 807//211 921//246 
f 923//305 809//341 808//98 922//305 
f 924//120 810//464 809//341 923//305 
f 925//162 811//238 810//464 924//120 
f 926//302 812//159 811//238 925//162 
f 927//238 813//148 812//159 926//302 
f 928//148 814//238 813//148 927//238 
f 929//92 815//465 814//238 928//148 
f 930//89 816//411 815//465 929//92 
f 931//140 817//231 816//411 930//89 
f 932//356 818//177 817//231 931//140 
f 933//504 819//466 818//177 932//356 
f 934//117 820//467 819//466 933//504 
f 935//505 821//468 820//467 934//117 
f 936//252 822//469 821//468 935//505 
f 937//506 823//470 822//469 936//252 
f 938//507 824//471 823//470 937//506 
f 939//247 825//472 824//471 938//507 
f 940//178 826//110 825//472 939//247 
f 941//508 827//473 826//110 940//178 
f 942//352 828//474 827//473 941//508 
f 943//509 829//475 828//474 942//352 
f 944//510 830//476 829//475 943//509 
f 945//511 831//477 830//476 944//510 
f 946//512 832//478 831//477 945//511 
f 947//513 833//479 832//478 946//512 
f 948//514 834//480 833//479 947//513 
f 949//515 835//481 834//480 948//514 
f 950//516 836//482 835//481 949//515 
f 951//517 837//410 836//482 950//516 
f 952//518 838//483 837//410 951//517 
f 953//519 839//377 838//483 952//518 
f 954//520 840//484 839//377 953//519 
f 955//521 841//485 840//484 954//520 
f 956//522 842//486 841//485 955//521 
f 957//523 843//487 842//486 956//522 
f 958//524 844//488 843//487 957//523 
f 959//525 845//489 844//488 958//524 
f 960//526 846//490 845//489 959//525 
f 961//527 847//491 846//490 960//526 
f 962//528 848//492 847//491 961//527 
f 963//529 849//493 848//492 962//528 
f 964//124 850//494 849//493 963//529 
f 965//530 851//444 850//494 964//124 
f 966//531 852//444 851//444 965//530 
f 967//445 853//495 852//444 966//531 
f 968//61 854//496 853//495 967//445 
f 969//98 855//211 854//496 968//61 
f 970//288 856//356 855//211 969//98 
f 971//94 857//230 856//356 970//288 
f 972//288 858//354 857//230 971//94 
f 973//92 859//180 858//354 972//288 
f 974//98 860//231 859//180 973//92 
f 975//341 861//305 860//231 974//98 
f 976//147 862//98 861//305 975//341 
f 977//147 863//92 862//98 976//147 
f 978//147 864//92 863//92 977//147 
f 979//147 865//92 864//92 978//147 
f 980//147 866//92 865//92 979//147 
f 981//147 867//281 866//92 980//147 
f 982//230 868//96 867//281 981//147 
f 983//238 869//344 868//96 982//230 
f 984//238 870//497 869//344 983//238 
f 985//508 871//498 870//497 984//238 
f 986//246 872//96 871//498 985//508 
f 987//532 873//90 872//96 986//246 
f 988//532 874//91 873//90 987//532 
f 989//107 875//238 874//91 988//532 
f 990//463 876//238 875//238 989//107 
f 991//290 877//96 876//238 990//463 
f 992//533 878//452 877//96 991//290 
f 993//534 879//499 878//452 992//533 
f 994//535 880//500 879//499 993//534 
f 995//241 881//80 880//500 994//535 
f 996//140 882//150 881//80 995//241 
f 997//288 883//163 882//150 996//140 
f 998//536 884//97 883//163 997//288 
f 999//141 885//89 884//97 998//536 
f 1000//80 886//101 885//89 999//141 
f 1001//203 887//88 886//101 1000//80 
f 1002//81 888//96 887//88 1001//203 
f 1003//237 889//501 888//96 1002//81 
f 1004//302 890//502 889//501 1003//237 
f 1005//537 891//284 890//502 1004//302 
f 1006//351 892//284 891//284 1005//537 
f 1007//538 893//301 892//284 1006//351 
f 1008//539 894//247 893//301 1007//538 
f 1009//540 895//407 894//247 1008//539 
f 1010//506 896//407 895//407 1009//540 
f 1011//541 897//407 896//407 1010//506 
f 1012//537 898//177 897//407 1011//541 
f 1013//247 899//180 898//177 1012//537 
f 1014//354 900//178 899//180 1013//247 
f 1015//178 901//120 900//178 1014//354 
f 1016//410 902//147 901//120 1015//178 
f 1017//246 903//246 902//147 1016//410 
f 1018//147 904//180 903//246 1017//246 
f 1019//147 905//107 904//180 1018//147 
f 1020//178 906//177 905//107 1019//147 
f 1021//180 907//177 906//177 1020//178 
f 1022//180 908//123 907//177 1021//180 
f 1023//120 909//166 908//123 1022//180 
f 1024//148 910//97 909//166 1023//120 
f 1025//237 911//96 910//97 1024//148 
f 1026//498 912//451 911//96 1025//237 
f 1027//176 913//120 914//162 1028//55 
f 1029//245 915//503 913//120 1027//176 
f 1030//542 916//248 915//503 1029//245 
f 1031//407 917//407 916//248 1030//542 
f 1032//407 918//407 917//407 1031//407 
f 1033//107 919//107 918//407 1032//407 
f 1034//107 920//231 919//107 1033//107 
f 1035//543 921//246 920//231 1034//107 
f 1036//59 922//305 921//246 1035//543 
f 1037//543 923//305 922//305 1036//59 
f 1038//177 924//120 923//305 1037//543 
f 1039//407 925//162 924//120 1038//177 
f 1040//290 926//302 925//162 1039//407 
f 1041//226 927//238 926//302 1040//290 
f 1042//162 928//148 927//238 1041//226 
f 1043//148 929//92 928//148 1042//162 
f 1044//278 930//89 929//92 1043//148 
f 1045//544 931//140 930//89 1044//278 
f 1046//150 932//356 931//140 1045//544 
f 1047//545 933//504 932//356 1046//150 
f 1048//546 934//117 933//504 1047//545 
f 1049//227 935//505 934//117 1048//546 
f 1050//184 936//252 935//505 1049//227 
f 1051//502 937//506 936//252 1050//184 
f 1052//547 938//507 937//506 1051//502 
f 1053//497 939//247 938//507 1052//547 
f 1054//395 940//178 939//247 1053//497 
f 1055//450 941//508 940//178 1054//395 
f 1056//548 942//352 941//508 1055//450 
f 1057//549 943//509 942//352 1056//548 
f 1058//449 944//510 943//509 1057//549 
f 1059//550 945//511 944//510 1058//449 
f 1060//551 946//512 945//511 1059//550 
f 1061//552 947//513 946//512 1060//551 
f 1062//553 948//514 947//513 1061//552 
f 1063//554 949//515 948//514 1062//553 
f 1064//555 950//516 949//515 1063//554 
f 1065//556 951//517 950//516 1064//555 
f 1066//557 952//518 951//517 1065//556 
f 1067//252 953//519 952//518 1066//557 
f 1068//558 954//520 953//519 1067//252 
f 1069//246 955//521 954//520 1068//558 
f 1070//140 956//522 955//521 1069//246 
f 1071//559 957//523 956//522 1070//140 
f 1072//560 958//524 957//523 1071//559 
f 1073//561 959//525 958//524 1072//560 
f 1074//562 960//526 959//525 1073//561 
f 1075//563 961//527 960//526 1074//562 
f 1076//564 962//528 961//527 1075//563 
f 1077//565 963//529 962//528 1076//564 
f 1078//566 964//124 963//529 1077//565 
f 1079//530 965//530 964//124 1078//566 
f 1080//446 966//531 965//530 1079//530 
f 1081//307 967//445 966//531 1080//446 
f 1082//246 968//61 967//445 1081//307 
f 1083//147 969//98 968//61 1082//246 
f 1084//230 970//288 969//98 1083//147 
f 1085//238 971//94 970//288 1084//230 
f 1086//92 972//288 971//94 1085//238 
f 1087//98 973//92 972//288 1086//92 
f 1088//99 974//98 973//92 1087//98 
f 1089//411 975//341 974//98 1088//99 
f 1090//410 976//147 975//341 1089//411 
f 1091//178 977//147 976//147 1090//410 
f 1092//464 978//147 977//147 1091//178 
f 1093//356 979//147 978//147 1092//464 
f 1094//98 980//147 979//147 1093//356 
f 1095//341 981//147 980//147 1094//98 
f 1096//354 982//230 981//147 1095//341 
f 1097//247 983//238 982//230 1096//354 
f 1098//308 984//238 983//238 1097//247 
f 1099//57 985//508 984//238 1098//308 
f 1100//567 986//246 985//508 1099//57 
f 1101//568 987//532 986//246 1100//567 
f 1102//569 988//532 987//532 1101//568 
f 1103//59 989//107 988//532 1102//569 
f 1104//463 990//463 989//107 1103//59 
f 1105//570 991//290 990//463 1104//463 
f 1106//506 992//533 991//290 1105//570 
f 1107//571 993//534 992//533 1106//506 
f 1108//572 994//535 993//534 1107//571 
f 1109//569 995//241 994//535 1108//572 
f 1110//543 996//140 995//241 1109//569 
f 1111//301 997//288 996//140 1110//543 
f 1112//119 998//536 997//288 1111//301 
f 1113//457 999//141 998//536 1112//119 
f 1114//573 1000//80 999//141 1113//457 
f 1115//62 1001//203 1000//80 1114//573 
f 1116//209 1002//81 1001//203 1115//62 
f 1117//574 1003//237 1002//81 1116//209 
f 1118//288 1004//302 1003//237 1117//574 
f 1119//166 1005//537 1004//302 1118//288 
f 1120//307 1006//351 1005//537 1119//166 
f 1121//575 1007//538 1006//351 1120//307 
f 1122//576 1008//539 1007//538 1121//575 
f 1123//577 1009//540 1008//539 1122//576 
f 1124//578 1010//506 1009//540 1123//577 
f 1125//579 1011//541 1010//506 1124//578 
f 1126//580 1012//537 1011//541 1125//579 
f 1127//541 1013//247 1012//537 1126//580 
f 1128//463 1014//354 1013//247 1127//541 
f 1129//177 1015//178 1014//354 1128//463 
f 1130//178 1016//410 1015//178 1129//177 
f 1131//464 1017//246 1016//410 1130//178 
f 1132//356 1018//147 1017//246 1131//464 
f 1133//98 1019//147 1018//147 1132//356 
f 1134//305 1020//178 1019//147 1133//98 
f 1135//231 1021//180 1020//178 1134//305 
f 1136//308 1022//180 1021//180 1135//231 
f 1137//463 1023//120 1022//180 1136//308 
f 1138//290 1024//148 1023//120 1137//463 
f 1139//243 1025//237 1024//148 1138//290 
f 1140//161 1026//498 1025//237 1139//243 
f 1141//308 1027//176 1028//55 1142//55 
f 1143//231 1029//245 1027//176 1141//308 
f 1144//147 1030//542 1029//245 1143//231 
f 1145//239 1031//407 1030//542 1144//147 
f 1146//230 1032//407 1031//407 1145//239 
f 1147//147 1033//107 1032//407 1146//230 
f 1148//246 1034//107 1033//107 1147//147 
f 1149//248 1035//543 1034//107 1148//246 
f 1150//307 1036//59 1035//543 1149//248 
f 1151//107 1037//543 1036//59 1150//307 
f 1152//247 1038//177 1037//543 1151//107 
f 1153//301 1039//407 1038//177 1152//247 
f 1154//226 1040//290 1039//407 1153//301 
f 1155//284 1041//226 1040//290 1154//226 
f 1156//229 1042//162 1041//226 1155//284 
f 1157//161 1043//148 1042//162 1156//229 
f 1158//237 1044//278 1043//148 1157//161 
f 1159//282 1045//544 1044//278 1158//237 
f 1160//150 1046//150 1045//544 1159//282 
f 1161//581 1047//545 1046//150 1160//150 
f 1162//582 1048//546 1047//545 1161//581 
f 1163//401 1049//227 1048//546 1162//582 
f 1164//583 1050//184 1049//227 1163//401 
f 1165//584 1051//502 1050//184 1164//583 
f 1166//585 1052//547 1051//502 1165//584 
f 1167//586 1053//497 1052//547 1166//585 
f 1168//587 1054//395 1053//497 1167//586 
f 1169//588 1055//450 1054//395 1168//587 
f 1170//589 1056//548 1055//450 1169//588 
f 1171//590 1057//549 1056//548 1170//589 
f 1172//397 1058//449 1057//549 1171//590 
f 1173//450 1059//550 1058//449 1172//397 
f 1174//591 1060//551 1059//550 1173//450 
f 1175//592 1061//552 1060//551 1174//591 
f 1176//119 1062//553 1061//552 1175//592 
f 1177//546 1063//554 1062//553 1176//119 
f 1178//593 1064//555 1063//554 1177//546 
f 1179//594 1065//556 1064//555 1178//593 
f 1180//595 1066//557 1065//556 1179//594 
f 1181//579 1067//252 1066//557 1180//595 
f 1182//596 1068//558 1067//252 1181//579 
f 1183//597 1069//246 1068//558 1182//596 
f 1184//598 1070//140 1069//246 1183//597 
f 1185//599 1071//559 1070//140 1184//598 
f 1186//600 1072//560 1071//559 1185//599 
f 1187//601 1073//561 1072//560 1186//600 
f 1188//602 1074//562 1073//561 1187//601 
f 1189//603 1075//563 1074//562 1188//602 
f 1190//604 1076//564 1075//563 1189//603 
f 1191//605 1077//565 1076//564 1190//604 
f 1192//606 1078//566 1077//565 1191//605 
f 1193//607 1079//530 1078//566 1192//606 
f 1194//166 1080//446 1079//530 1193//607 
f 1195//341 1081//307 1080//446 1194//166 
f 1196//147 1082//246 1081//307 1195//341 
f 1197//147 1083//147 1082//246 1196//147 
f 1198//354 1084//230 1083//147 1197//147 
f 1199//247 1085//238 1084//230 1198//354 
f 1200//107 1086//92 1085//238 1199//247 
f 1201//307 1087//98 1086//92 1200//107 
f 1202//233 1088//99 1087//98 1201//307 
f 1203//233 1089//411 1088//99 1202//233 
f 1204//180 1090//410 1089//411 1203//233 
f 1205//354 1091//178 1090//410 1204//180 
f 1206//120 1092//464 1091//178 1205//354 
f 1207//120 1093//356 1092//464 1206//120 
f 1208//305 1094//98 1093//356 1207//120 
f 1209//305 1095//341 1094//98 1208//305 
f 1210//410 1096//354 1095//341 1209//305 
f 1211//608 1097//247 1096//354 1210//410 
f 1212//57 1098//308 1097//247 1211//608 
f 1213//112 1099//57 1098//308 1212//57 
f 1214//446 1100//567 1099//57 1213//112 
f 1215//543 1101//568 1100//567 1214//446 
f 1216//248 1102//569 1101//568 1215//543 
f 1217//609 1103//59 1102//569 1216//248 
f 1218//162 1104//463 1103//59 1217//609 
f 1219//361 1105//570 1104//463 1218//162 
f 1220//177 1106//506 1105//570 1219//361 
f 1221//232 1107//571 1106//506 1220//177 
f 1222//610 1108//572 1107//571 1221//232 
f 1223//233 1109//569 1108//572 1222//610 
f 1224//180 1110//543 1109//569 1223//233 
f 1225//611 1111//301 1110//543 1224//180 
f 1226//50 1112//119 1111//301 1225//611 
f 1227//283 1113//457 1112//119 1226//50 
f 1228//89 1114//573 1113//457 1227//283 
f 1229//612 1115//62 1114//573 1228//89 
f 1230//613 1116//209 1115//62 1229//612 
f 1231//210 1117//574 1116//209 1230//613 
f 1232//536 1118//288 1117//574 1231//210 
f 1233//86 1119//166 1118//288 1232//536 
f 1234//303 1120//307 1119//166 1233//86 
f 1235//101 1121//575 1120//307 1234//303 
f 1236//410 1122//576 1121//575 1235//101 
f 1237//506 1123//577 1122//576 1236//410 
f 1238//614 1124//578 1123//577 1237//506 
f 1239//615 1125//579 1124//578 1238//614 
f 1240//616 1126//580 1125//579 1239//615 
f 1241//617 1127//541 1126//580 1240//616 
f 1242//618 1128//463 1127//541 1241//617 
f 1243//619 1129//177 1128//463 1242//618 
f 1244//407 1130//178 1129//177 1243//619 
f 1245//354 1131//464 1130//178 1244//407 
f 1246//120 1132//356 1131//464 1245//354 
f 1247//411 1133//98 1132//356 1246//120 
f 1248//445 1134//305 1133//98 1247//411 
f 1249//245 1135//231 1134//305 1248//445 
f 1250//225 1136//308 1135//231 1249//245 
f 1251//290 1137//463 1136//308 1250//225 
f 1252//620 1138//290 1137//463 1251//290 
f 1253//621 1139//243 1138//290 1252//620 
f 1254//509 1140//161 1139//243 1253//621 
f 1255//247 1141//308 1142//55 1256//407 
f 1257//178 1143//231 1141//308 1255//247 
f 1258//230 1144//147 1143//231 1257//178 
f 1259//239 1145//239 1144//147 1258//230 
f 1260//464 1146//230 1145//239 1259//239 
f 1261//147 1147//147 1146//230 1260//464 
f 1262//411 1148//246 1147//147 1261//147 
f 1263//122 1149//248 1148//246 1262//411 
f 1264//246 1150//307 1149//248 1263//122 
f 1265//464 1151//107 1150//307 1264//246 
f 1266//353 1152//247 1151//107 1265//464 
f 1267//159 1153//301 1152//247 1266//353 
f 1268//159 1154//226 1153//301 1267//159 
f 1269//352 1155//284 1154//226 1268//159 
f 1270//462 1156//229 1155//284 1269//352 
f 1271//249 1157//161 1156//229 1270//462 
f 1272//462 1158//237 1157//161 1271//249 
f 1273//159 1159//282 1158//237 1272//462 
f 1274//163 1160//150 1159//282 1273//159 
f 1275//448 1161//581 1160//150 1274//163 
f 1276//396 1162//582 1161//581 1275//448 
f 1277//588 1163//401 1162//582 1276//396 
f 1278//622 1164//583 1163//401 1277//588 
f 1279//623 1165//584 1164//583 1278//622 
f 1280//550 1166//585 1165//584 1279//623 
f 1281//353 1167//586 1166//585 1280//550 
f 1282//361 1168//587 1167//586 1281//353 
f 1283//620 1169//588 1168//587 1282//361 
f 1284//405 1170//589 1169//588 1283//620 
f 1285//624 1171//590 1170//589 1284//405 
f 1286//147 1172//397 1171//590 1285//624 
f 1287//178 1173//450 1172//397 1286//147 
f 1288//226 1174//591 1173//450 1287//178 
f 1289//227 1175//592 1174//591 1288//226 
f 1290//290 1176//119 1175//592 1289//227 
f 1291//625 1177//546 1176//119 1290//290 
f 1292//626 1178//593 1177//546 1291//625 
f 1293//509 1179//594 1178//593 1292//626 
f 1294//403 1180//595 1179//594 1293//509 
f 1295//627 1181//579 1180//595 1294//403 
f 1296//628 1182//596 1181//579 1295//627 
f 1297//629 1183//597 1182//596 1296//628 
f 1298//37 1184//598 1183//597 1297//629 
f 1299//630 1185//599 1184//598 1298//37 
f 1300//631 1186//600 1185//599 1299//630 
f 1301//632 1187//601 1186//600 1300//631 
f 1302//633 1188//602 1187//601 1301//632 
f 1303//634 1189//603 1188//602 1302//633 
f 1304//635 1190//604 1189//603 1303//634 
f 1305//636 1191//605 1190//604 1304//635 
f 1306//637 1192//606 1191//605 1305//636 
f 1307//306 1193//607 1192//606 1306//637 
f 1308//152 1194//166 1193//607 1307//306 
f 1309//211 1195//341 1194//166 1308//152 
f 1310//341 1196//147 1195//341 1309//211 
f 1311//147 1197//147 1196//147 1310//341 
f 1312//178 1198//354 1197//147 1311//147 
f 1313//180 1199//247 1198//354 1312//178 
f 1314//107 1200//107 1199//247 1313//180 
f 1315//231 1201//307 1200//107 1314//107 
f 1316//411 1202//233 1201//307 1315//231 
f 1317//99 1203//233 1202//233 1316//411 
f 1318//121 1204//180 1203//233 1317//99 
f 1319//230 1205//354 1204//180 1318//121 
f 1320//178 1206//120 1205//354 1319//230 
f 1321//107 1207//120 1206//120 1320//178 
f 1322//59 1208//305 1207//120 1321//107 
f 1323//543 1209//305 1208//305 1322//59 
f 1324//307 1210//410 1209//305 1323//543 
f 1325//307 1211//608 1210//410 1324//307 
f 1326//107 1212//57 1211//608 1325//307 
f 1327//231 1213//112 1212//57 1326//107 
f 1328//246 1214//446 1213//112 1327//231 
f 1329//147 1215//543 1214//446 1328//246 
f 1330//341 1216//248 1215//543 1329//147 
f 1331//240 1217//609 1216//248 1330//341 
f 1332//230 1218//162 1217//609 1331//240 
f 1333//354 1219//361 1218//162 1332//230 
f 1334//231 1220//177 1219//361 1333//354 
f 1335//248 1221//232 1220//177 1334//231 
f 1336//99 1222//610 1221//232 1335//248 
f 1337//100 1223//233 1222//610 1336//99 
f 1338//163 1224//180 1223//233 1337//100 
f 1339//592 1225//611 1224//180 1338//163 
f 1340//638 1226//50 1225//611 1339//592 
f 1341//301 1227//283 1226//50 1340//638 
f 1342//248 1228//89 1227//283 1341//301 
f 1343//496 1229//612 1228//89 1342//248 
f 1344//306 1230//613 1229//612 1343//496 
f 1345//536 1231//210 1230//613 1344//306 
f 1346//395 1232//536 1231//210 1345//536 
f 1347//639 1233//86 1232//536 1346//395 
f 1348//62 1234//303 1233//86 1347//639 
f 1349//640 1235//101 1234//303 1348//62 
f 1350//641 1236//410 1235//101 1349//640 
f 1351//642 1237//506 1236//410 1350//641 
f 1352//95 1238//614 1237//506 1351//642 
f 1353//464 1239//615 1238//614 1352//95 
f 1354//643 1240//616 1239//615 1353//464 
f 1355//644 1241//617 1240//616 1354//643 
f 1356//645 1242//618 1241//617 1355//644 
f 1357//646 1243//619 1242//618 1356//645 
f 1358//229 1244//407 1243//619 1357//646 
f 1359//162 1245//354 1244//407 1358//229 
f 1360//120 1246//120 1245//354 1359//162 
f 1361//61 1247//411 1246//120 1360//120 
f 1362//495 1248//445 1247//411 1361//61 
f 1363//61 1249//245 1248//445 1362//495 
f 1364//647 1250//225 1249//245 1363//61 
f 1365//648 1251//290 1250//225 1364//647 
f 1366//649 1252//620 1251//290 1365//648 
f 1367//592 1253//621 1252//620 1366//649 
f 1368//650 1254//509 1253//621 1367//592 
f 1369//463 1255//247 1256//407 1370//55 
f 1371//407 1257//178 1255//247 1369//463 
f 1372//301 1258//230 1257//178 1371//407 
f 1373//301 1259//239 1258//230 1372//301 
f 1374//178 1260//464 1259//239 1373//301 
f 1375//147 1261//147 1260//464 1374//178 
f 1376//99 1262//411 1261//147 1375//147 
f 1377//212 1263//122 1262//411 1376//99 
f 1378//341 1264//246 1263//122 1377//212 
f 1379//230 1265//464 1264//246 1378//341 
f 1380//352 1266//353 1265//464 1379//230 
f 1381//160 1267//159 1266//353 1380//352 
f 1382//651 1268//159 1267//159 1381//160 
f 1383//651 1269//352 1268//159 1382//651 
f 1384//160 1270//462 1269//352 1383//651 
f 1385//119 1271//249 1270//462 1384//160 
f 1386//119 1272//462 1271//249 1385//119 
f 1387//652 1273//159 1272//462 1386//119 
f 1388//401 1274//163 1273//159 1387//652 
f 1389//449 1275//448 1274//163 1388//401 
f 1390//653 1276//396 1275//448 1389//449 
f 1391//450 1277//588 1276//396 1390//653 
f 1392//654 1278//622 1277//588 1391//450 
f 1393//243 1279//623 1278//622 1392//654 
f 1394//655 1280//550 1279//623 1393//243 
f 1395//656 1281//353 1280//550 1394//655 
f 1396//115 1282//361 1281//353 1395//656 
f 1397//657 1283//620 1282//361 1396//115 
f 1398//658 1284//405 1283//620 1397//657 
f 1399//659 1285//624 1284//405 1398//658 
f 1400//660 1286//147 1285//624 1399//659 
f 1401//661 1287//178 1286//147 1400//660 
f 1402//662 1288//226 1287//178 1401//661 
f 1403//663 1289//227 1288//226 1402//662 
f 1404//664 1290//290 1289//227 1403//663 
f 1405//665 1291//625 1290//290 1404//664 
f 1406//666 1292//626 1291//625 1405//665 
f 1407//118 1293//509 1292//626 1406//666 
f 1408//667 1294//403 1293//509 1407//118 
f 1409//668 1295//627 1294//403 1408//667 
f 1410//669 1296//628 1295//627 1409//668 
f 1411//670 1297//629 1296//628 1410//669 
f 1412//671 1298//37 1297//629 1411//670 
f 1413//672 1299//630 1298//37 1412//671 
f 1414//673 1300//631 1299//630 1413//672 
f 1415//674 1301//632 1300//631 1414//673 
f 1416//675 1302//633 1301//632 1415//674 
f 1417//676 1303//634 1302//633 1416//675 
f 1418//677 1304//635 1303//634 1417//676 
f 1419//678 1305//636 1304//635 1418//677 
f 1420//679 1306//637 1305//636 1419//678 
f 1421//211 1307//306 1306//637 1420//679 
f 1422//89 1308//152 1307//306 1421//211 
f 1423//89 1309//211 1308//152 1422//89 
f 1424//211 1310//341 1309//211 1423//89 
f 1425//341 1311//147 1310//341 1424//211 
f 1426//464 1312//178 1311//147 1425//341 
f 1427//356 1313//180 1312//178 1426//464 
f 1428//98 1314//107 1313//180 1427//356 
f 1429//341 1315//231 1314//107 1428//98 
f 1430//341 1316//411 1315//231 1429//341 
f 1431//98 1317//99 1316//411 1430//341 
f 1432//356 1318//121 1317//99 1431//98 
f 1433//147 1319//230 1318//121 1432//356 
f 1434//231 1320//178 1319//230 1433//147 
f 1435//307 1321//107 1320//178 1434//231 
f 1436//307 1322//59 1321//107 1435//307 
f 1437//107 1323//543 1322//59 1436//307 
f 1438//231 1324//307 1323//543 1437//107 
f 1439//147 1325//307 1324//307 1438//231 
f 1440//356 1326//107 1325//307 1439//147 
f 1441//92 1327//231 1326//107 1440//356 
f 1442//92 1328//246 1327//231 1441//92 
f 1443//92 1329//147 1328//246 1442//92 
f 1444//92 1330//341 1329//147 1443//92 
f 1445//98 1331//240 1330//341 1444//92 
f 1446//147 1332//230 1331//240 1445//98 
f 1447//107 1333//354 1332//230 1446//147 
f 1448//245 1334//231 1333//354 1447//107 
f 1449//680 1335//248 1334//231 1448//245 
f 1450//247 1336//99 1335//248 1449//680 
f 1451//238 1337//100 1336//99 1450//247 
f 1452//289 1338//163 1337//100 1451//238 
f 1453//547 1339//592 1338//163 1452//289 
f 1454//302 1340//638 1339//592 1453//547 
f 1455//107 1341//301 1340//638 1454//302 
f 1456//59 1342//248 1341//301 1455//107 
f 1457//231 1343//496 1342//248 1456//59 
f 1458//356 1344//306 1343//496 1457//231 
f 1459//237 1345//536 1344//306 1458//356 
f 1460//289 1346//395 1345//536 1459//237 
f 1461//100 1347//639 1346//395 1460//289 
f 1462//165 1348//62 1347//639 1461//100 
f 1463//74 1349//640 1348//62 1462//165 
f 1464//573 1350//641 1349//640 1463//74 
f 1465//213 1351//642 1350//641 1464//573 
f 1466//81 1352//95 1351//642 1465//213 
f 1467//73 1353//464 1352//95 1466//81 
f 1468//149 1354//643 1353//464 1467//73 
f 1469//681 1355//644 1354//643 1468//149 
f 1470//682 1356//645 1355//644 1469//681 
f 1471//682 1357//646 1356//645 1470//682 
f 1472//119 1358//229 1357//646 1471//682 
f 1473//160 1359//162 1358//229 1472//119 
f 1474//237 1360//120 1359//162 1473//160 
f 1475//84 1361//61 1360//120 1474//237 
f 1476//164 1362//495 1361//61 1475//84 
f 1477//86 1363//61 1362//495 1476//164 
f 1478//683 1364//647 1363//61 1477//86 
f 1479//684 1365//648 1364//647 1478//683 
f 1480//119 1366//649 1365//648 1479//684 
f 1481//243 1367//592 1366//649 1480//119 
f 1482//53 1368//650 1367//592 1481//243 
f 1483//537 1369//463 1370//55 1484//107 
f 1485//295 1371//407 1369//463 1483//537 
f 1486//309 1372//301 1371//407 1485//295 
f 1487//407 1373//301 1372//301 1486//309 
f 1488//177 1374//178 1373//301 1487//407 
f 1489//107 1375//147 1374//178 1488//177 
f 1490//231 1376//99 1375//147 1489//107 
f 1491//411 1377//212 1376//99 1490//231 
f 1492//341 1378//341 1377//212 1491//411 
f 1493//239 1379//230 1378//341 1492//341 
f 1494//546 1380//352 1379//230 1493//239 
f 1495//119 1381//160 1380//352 1494//546 
f 1496//685 1382//651 1381//160 1495//119 
f 1497//498 1383//651 1382//651 1496//685 
f 1498//498 1384//160 1383//651 1497//498 
f 1499//685 1385//119 1384//160 1498//498 
f 1500//652 1386//119 1385//119 1499//685 
f 1501//686 1387//652 1386//119 1500//652 
f 1502//687 1388//401 1387//652 1501//686 
f 1503//283 1389//449 1388//401 1502//687 
f 1504//508 1390//653 1389//449 1503//283 
f 1505//178 1391//450 1390//653 1504//508 
f 1506//308 1392//654 1391//450 1505//178 
f 1507//688 1393//243 1392//654 1506//308 
f 1508//113 1394//655 1393//243 1507//688 
f 1509//689 1395//656 1394//655 1508//113 
f 1510//690 1396//115 1395//656 1509//689 
f 1511//170 1397//657 1396//115 1510//690 
f 1512//691 1398//658 1397//657 1511//170 
f 1513//692 1399//659 1398//658 1512//691 
f 1514//693 1400//660 1399//659 1513//692 
f 1515//694 1401//661 1400//660 1514//693 
f 1516//695 1402//662 1401//661 1515//694 
f 1517//696 1403//663 1402//662 1516//695 
f 1518//697 1404//664 1403//663 1517//696 
f 1519//698 1405//665 1404//664 1518//697 
f 1520//699 1406//666 1405//665 1519//698 
f 1521//700 1407//118 1406//666 1520//699 
f 1522//701 1408//667 1407//118 1521//700 
f 1523//702 1409//668 1408//667 1522//701 
f 1524//703 1410//669 1409//668 1523//702 
f 1525//704 1411//670 1410//669 1524//703 
f 1526//49 1412//671 1411//670 1525//704 
f 1527//309 1413//672 1412//671 1526//49 
f 1528//705 1414//673 1413//672 1527//309 
f 1529//706 1415//674 1414//673 1528//705 
f 1530//707 1416//675 1415//674 1529//706 
f 1531//708 1417//676 1416//675 1530//707 
f 1532//709 1418//677 1417//676 1531//708 
f 1533//710 1419//678 1418//677 1532//709 
f 1534//459 1420//679 1419//678 1533//710 
f 1535//341 1421//211 1420//679 1534//459 
f 1536//211 1422//89 1421//211 1535//341 
f 1537//89 1423//89 1422//89 1536//211 
f 1538//89 1424//211 1423//89 1537//89 
f 1539//140 1425//341 1424//211 1538//89 
f 1540//148 1426//464 1425//341 1539//140 
f 1541//148 1427//356 1426//464 1540//148 
f 1542//140 1428//98 1427//356 1541//148 
f 1543//140 1429//341 1428//98 1542//140 
f 1544//98 1430//341 1429//341 1543//140 
f 1545//341 1431//98 1430//341 1544//98 
f 1546//147 1432//356 1431//98 1545//341 
f 1547//305 1433//147 1432//356 1546//147 
f 1548//305 1434//231 1433//147 1547//305 
f 1549//341 1435//307 1434//231 1548//305 
f 1550//98 1436//307 1435//307 1549//341 
f 1551//92 1437//107 1436//307 1550//98 
f 1552//98 1438//231 1437//107 1551//92 
f 1553//464 1439//147 1438//231 1552//98 
f 1554//120 1440//356 1439//147 1553//464 
f 1555//147 1441//92 1440//356 1554//120 
f 1556//147 1442//92 1441//92 1555//147 
f 1557//464 1443//92 1442//92 1556//147 
f 1558//356 1444//92 1443//92 1557//464 
f 1559//140 1445//98 1444//92 1558//356 
f 1560//211 1446//147 1445//98 1559//140 
f 1561//61 1447//107 1446//147 1560//211 
f 1562//445 1448//245 1447//107 1561//61 
f 1563//608 1449//680 1448//245 1562//445 
f 1564//711 1450//247 1449//680 1563//608 
f 1565//284 1451//238 1450//247 1564//711 
f 1566//361 1452//289 1451//238 1565//284 
f 1567//354 1453//547 1452//289 1566//361 
f 1568//180 1454//302 1453//547 1567//354 
f 1569//307 1455//107 1454//302 1568//180 
f 1570//231 1456//59 1455//107 1569//307 
f 1571//354 1457//231 1456//59 1570//231 
f 1572//162 1458//356 1457//231 1571//354 
f 1573//162 1459//237 1458//356 1572//162 
f 1574//120 1460//289 1459//237 1573//162 
f 1575//341 1461//100 1460//289 1574//120 
f 1576//89 1462//165 1461//100 1575//341 
f 1577//280 1463//74 1462//165 1576//89 
f 1578//278 1464//573 1463//74 1577//280 
f 1579//90 1465//213 1464//573 1578//278 
f 1580//342 1466//81 1465//213 1579//90 
f 1581//89 1467//73 1466//81 1580//342 
f 1582//288 1468//149 1467//73 1581//89 
f 1583//712 1469//681 1468//149 1582//288 
f 1584//713 1470//682 1469//681 1583//712 
f 1585//714 1471//682 1470//682 1584//713 
f 1586//687 1472//119 1471//682 1585//714 
f 1587//52 1473//160 1472//119 1586//687 
f 1588//497 1474//237 1473//160 1587//52 
f 1589//83 1475//84 1474//237 1588//497 
f 1590//164 1476//164 1475//84 1589//83 
f 1591//278 1477//86 1476//164 1590//164 
f 1592//94 1478//683 1477//86 1591//278 
f 1593//302 1479//684 1478//683 1592//94 
f 1594//407 1480//119 1479//684 1593//302 
f 1595//300 1481//243 1480//119 1594//407 
f 1596//715 1482//53 1481//243 1595//300 
f 1597//356 1483//537 1484//107 1598//92 
f 1599//162 1485//295 1483//537 1597//356 
f 1600//226 1486//309 1485//295 1599//162 
f 1601//407 1487//407 1486//309 1600//226 
f 1602//177 1488//177 1487//407 1601//407 
f 1603//107 1489//107 1488//177 1602//177 
f 1604//107 1490//231 1489//107 1603//107 
f 1605//410 1491//411 1490//231 1604//107 
f 1606//121 1492//341 1491//411 1605//410 
f 1607//159 1493//239 1492//341 1606//121 
f 1608//716 1494//546 1493//239 1607//159 
f 1609//717 1495//119 1494//546 1608//716 
f 1610//652 1496//685 1495//119 1609//717 
f 1611//159 1497//498 1496//685 1610//652 
f 1612//238 1498//498 1497//498 1611//159 
f 1613//302 1499//685 1498//498 1612//238 
f 1614//243 1500//652 1499//685 1613//302 
f 1615//118 1501//686 1500//652 1614//243 
f 1616//146 1502//687 1501//686 1615//118 
f 1617//403 1503//283 1502//687 1616//146 
f 1618//57 1504//508 1503//283 1617//403 
f 1619//718 1505//178 1504//508 1618//57 
f 1620//688 1506//308 1505//178 1619//718 
f 1621//719 1507//688 1506//308 1620//688 
f 1622//173 1508//113 1507//688 1621//719 
f 1623//718 1509//689 1508//113 1622//173 
f 1624//359 1510//690 1509//689 1623//718 
f 1625//720 1511//170 1510//690 1624//359 
f 1626//618 1512//691 1511//170 1625//720 
f 1627//720 1513//692 1512//691 1626//618 
f 1628//359 1514//693 1513//692 1627//720 
f 1629//721 1515//694 1514//693 1628//359 
f 1630//722 1516//695 1515//694 1629//721 
f 1631//723 1517//696 1516//695 1630//722 
f 1632//724 1518//697 1517//696 1631//723 
f 1633//725 1519//698 1518//697 1632//724 
f 1634//726 1520//699 1519//698 1633//725 
f 1635//727 1521//700 1520//699 1634//726 
f 1636//306 1522//701 1521//700 1635//727 
f 1637//728 1523//702 1522//701 1636//306 
f 1638//729 1524//703 1523//702 1637//728 
f 1639//156 1525//704 1524//703 1638//729 
f 1640//283 1526//49 1525//704 1639//156 
f 1641//730 1527//309 1526//49 1640//283 
f 1642//731 1528//705 1527//309 1641//730 
f 1643//732 1529//706 1528//705 1642//731 
f 1644//733 1530//707 1529//706 1643//732 
f 1645//734 1531//708 1530//707 1644//733 
f 1646//735 1532//709 1531//708 1645//734 
f 1647//736 1533//710 1532//709 1646//735 
f 1648//246 1534//459 1533//710 1647//736 
f 1649//147 1535//341 1534//459 1648//246 
f 1650//305 1536//211 1535//341 1649//147 
f 1651//61 1537//89 1536//211 1650//305 
f 1652//99 1538//89 1537//89 1651//61 
f 1653//98 1539//140 1538//89 1652//99 
f 1654//148 1540//148 1539//140 1653//98 
f 1655//356 1541//148 1540//148 1654//148 
f 1656//166 1542//140 1541//148 1655//356 
f 1657//98 1543//140 1542//140 1656//166 
f 1658//140 1544//98 1543//140 1657//98 
f 1659//211 1545//341 1544//98 1658//140 
f 1660//341 1546//147 1545//341 1659//211 
f 1661//341 1547//305 1546//147 1660//341 
f 1662//98 1548//305 1547//305 1661//341 
f 1663//92 1549//341 1548//305 1662//98 
f 1664//92 1550//98 1549//341 1663//92 
f 1665//92 1551//92 1550//98 1664//92 
f 1666//211 1552//98 1551//92 1665//92 
f 1667//305 1553//464 1552//98 1666//211 
f 1668//180 1554//120 1553//464 1667//305 
f 1669//107 1555//147 1554//120 1668//180 
f 1670//107 1556//147 1555//147 1669//107 
f 1671//247 1557//464 1556//147 1670//107 
f 1672//354 1558//356 1557//464 1671//247 
f 1673//341 1559//140 1558//356 1672//354 
f 1674//211 1560//211 1559//140 1673//341 
f 1675//241 1561//61 1560//211 1674//211 
f 1676//342 1562//445 1561//61 1675//241 
f 1677//95 1563//608 1562//445 1676//342 
f 1678//652 1564//711 1563//608 1677//95 
f 1679//352 1565//284 1564//711 1678//652 
f 1680//162 1566//361 1565//284 1679//352 
f 1681//180 1567//354 1566//361 1680//162 
f 1682//107 1568//180 1567//354 1681//180 
f 1683//410 1569//307 1568//180 1682//107 
f 1684//121 1570//231 1569//307 1683//410 
f 1685//238 1571//354 1570//231 1684//121 
f 1686//230 1572//162 1571//354 1685//238 
f 1687//162 1573//162 1572//162 1686//230 
f 1688//120 1574//120 1573//162 1687//162 
f 1689//464 1575//341 1574//120 1688//120 
f 1690//92 1576//89 1575//341 1689//464 
f 1691//100 1577//280 1576//89 1690//92 
f 1692//89 1578//278 1577//280 1691//100 
f 1693//496 1579//90 1578//278 1692//89 
f 1694//496 1580//342 1579//90 1693//496 
f 1695//212 1581//89 1580//342 1694//496 
f 1696//519 1582//288 1581//89 1695//212 
f 1697//737 1583//712 1582//288 1696//519 
f 1698//738 1584//713 1583//712 1697//737 
f 1699//243 1585//714 1584//713 1698//738 
f 1700//739 1586//687 1585//714 1699//243 
f 1701//118 1587//52 1586//687 1700//739 
f 1702//462 1588//497 1587//52 1701//118 
f 1703//355 1589//83 1588//497 1702//462 
f 1704//63 1590//164 1589//83 1703//355 
f 1705//211 1591//278 1590//164 1704//63 
f 1706//341 1592//94 1591//278 1705//211 
f 1707//178 1593//302 1592//94 1706//341 
f 1708//107 1594//407 1593//302 1707//178 
f 1709//680 1595//300 1594//407 1708//107 
f 1710//57 1596//715 1595//300 1709//680 
f 1711//343 1597//356 1598//92 1712//82 
f 1713//740 1599//162 1597//356 1711//343 
f 1714//148 1600//226 1599//162 1713//740 
f 1715//230 1601//407 1600//226 1714//148 
f 1716//120 1602//177 1601//407 1715//230 
f 1717//147 1603//107 1602//177 1716//120 
f 1718//464 1604//107 1603//107 1717//147 
f 1719//238 1605//410 1604//107 1718//464 
f 1720//160 1606//121 1605//410 1719//238 
f 1721//401 1607//159 1606//121 1720//160 
f 1722//585 1608//716 1607//159 1721//401 
f 1723//681 1609//717 1608//716 1722//585 
f 1724//162 1610//652 1609//717 1723//681 
f 1725//301 1611//159 1610//652 1724//162 
f 1726//412 1612//238 1611//159 1725//301 
f 1727//301 1613//302 1612//238 1726//412 
f 1728//53 1614//243 1613//302 1727//301 
f 1729//309 1615//118 1614//243 1728//53 
f 1730//741 1616//146 1615//118 1729//309 
f 1731//224 1617//403 1616//146 1730//741 
f 1732//688 1618//57 1617//403 1731//224 
f 1733//688 1619//718 1618//57 1732//688 
f 1734//718 1620//688 1619//718 1733//688 
f 1735//571 1621//719 1620//688 1734//718 
f 1736//232 1622//173 1621//719 1735//571 
f 1737//680 1623//718 1622//173 1736//232 
f 1738//176 1624//359 1623//718 1737//680 
f 1739//309 1625//720 1624//359 1738//176 
f 1740//406 1626//618 1625//720 1739//309 
f 1741//546 1627//720 1626//618 1740//406 
f 1742//288 1628//359 1627//720 1741//546 
f 1743//84 1629//721 1628//359 1742//288 
f 1744//642 1630//722 1629//721 1743//84 
f 1745//742 1631//723 1630//722 1744//642 
f 1746//743 1632//724 1631//723 1745//742 
f 1747//744 1633//725 1632//724 1746//743 
f 1748//745 1634//726 1633//725 1747//744 
f 1749//746 1635//727 1634//726 1748//745 
f 1750//241 1636//306 1635//727 1749//746 
f 1751//747 1637//728 1636//306 1750//241 
f 1752//391 1638//729 1637//728 1751//747 
f 1753//152 1639//156 1638//729 1752//391 
f 1754//179 1640//283 1639//156 1753//152 
f 1755//748 1641//730 1640//283 1754//179 
f 1756//749 1642//731 1641//730 1755//748 
f 1757//750 1643//732 1642//731 1756//749 
f 1758//751 1644//733 1643//732 1757//750 
f 1759//752 1645//734 1644//733 1758//751 
f 1760//753 1646//735 1645//734 1759//752 
f 1761//147 1647//736 1646//735 1760//753 
f 1762//240 1648//246 1647//736 1761//147 
f 1763//341 1649//147 1648//246 1762//240 
f 1764//305 1650//305 1649//147 1763//341 
f 1765//99 1651//61 1650//305 1764//305 
f 1766//98 1652//99 1651//61 1765//99 
f 1767//92 1653//98 1652//99 1766//98 
f 1768//148 1654//148 1653//98 1767//92 
f 1769//92 1655//356 1654//148 1768//148 
f 1770//140 1656//166 1655//356 1769//92 
f 1771//98 1657//98 1656//166 1770//140 
f 1772//99 1658//140 1657//98 1771//98 
f 1773//61 1659//211 1658//140 1772//99 
f 1774//305 1660//341 1659//211 1773//61 
f 1775//147 1661//341 1660//341 1774//305 
f 1776//147 1662//98 1661//341 1775//147 
f 1777//147 1663//92 1662//98 1776//147 
f 1778//246 1664//92 1663//92 1777//147 
f 1779//231 1665//92 1664//92 1778//246 
f 1780//248 1666//211 1665//92 1779//231 
f 1781//411 1667//305 1666//211 1780//248 
f 1782//147 1668//180 1667//305 1781//411 
f 1783//464 1669//107 1668//180 1782//147 
f 1784//356 1670//107 1669//107 1783//464 
f 1785//159 1671//247 1670//107 1784//356 
f 1786//159 1672//354 1671//247 1785//159 
f 1787//92 1673//341 1672//354 1786//159 
f 1788//140 1674//211 1673//341 1787//92 
f 1789//91 1675//241 1674//211 1788//140 
f 1790//90 1676//342 1675//241 1789//91 
f 1791//96 1677//95 1676//342 1790//90 
f 1792//401 1678//652 1677//95 1791//96 
f 1793//651 1679//352 1678//652 1792//401 
f 1794//288 1680//162 1679//352 1793//651 
f 1795//92 1681//180 1680//162 1794//288 
f 1796//92 1682//107 1681//180 1795//92 
f 1797//148 1683//410 1682//107 1796//92 
f 1798//159 1684//121 1683//410 1797//148 
f 1799//148 1685//238 1684//121 1798//159 
f 1800//148 1686//230 1685//238 1799//148 
f 1801//238 1687//162 1686//230 1800//148 
f 1802//121 1688//120 1687//162 1801//238 
f 1803//121 1689//464 1688//120 1802//121 
f 1804//464 1690//92 1689//464 1803//121 
f 1805//503 1691//100 1690//92 1804//464 
f 1806//754 1692//89 1691//100 1805//503 
f 1807//128 1693//496 1692//89 1806//754 
f 1808//755 1694//496 1693//496 1807//128 
f 1809//305 1695//212 1694//496 1808//755 
f 1810//756 1696//519 1695//212 1809//305 
f 1811//551 1697//737 1696//519 1810//756 
f 1812//462 1698//738 1697//737 1811//551 
f 1813//354 1699//243 1698//738 1812//462 
f 1814//146 1700//739 1699//243 1813//354 
f 1815//646 1701//118 1700//739 1814//146 
f 1816//711 1702//462 1701//118 1815//646 
f 1817//757 1703//355 1702//462 1816//711 
f 1818//179 1704//63 1703//355 1817//757 
f 1819//140 1705//211 1704//63 1818//179 
f 1820//210 1706//341 1705//211 1819//140 
f 1821//758 1707//178 1706//341 1820//210 
f 1822//152 1708//107 1707//178 1821//758 
f 1823//211 1709//680 1708//107 1822//152 
f 1824//166 1710//57 1709//680 1823//211 
f 1825//278 1711//343 1712//82 1826//84 
f 1827//96 1713//740 1711//343 1825//278 
f 1828//96 1714//148 1713//740 1827//96 
f 1829//740 1715//230 1714//148 1828//96 
f 1830//288 1716//120 1715//230 1829//740 
f 1831//92 1717//147 1716//120 1830//288 
f 1832//157 1718//464 1717//147 1831//92 
f 1833//158 1719//238 1718//464 1832//157 
f 1834//654 1720//160 1719//238 1833//158 
f 1835//759 1721//401 1720//160 1834//654 
f 1836//132 1722//585 1721//401 1835//759 
f 1837//94 1723//681 1722//585 1836//132 
f 1838//356 1724//162 1723//681 1837//94 
f 1839//230 1725//301 1724//162 1838//356 
f 1840//120 1726//412 1725//301 1839//230 
f 1841//162 1727//301 1726//412 1840//120 
f 1842//243 1728//53 1727//301 1841//162 
f 1843//120 1729//309 1728//53 1842//243 
f 1844//410 1730//741 1729//309 1843//120 
f 1845//608 1731//224 1730//741 1844//410 
f 1846//760 1732//688 1731//224 1845//608 
f 1847//757 1733//688 1732//688 1846//760 
f 1848//107 1734//718 1733//688 1847//757 
f 1849//231 1735//571 1734//718 1848//107 
f 1850//122 1736//232 1735//571 1849//231 
f 1851//248 1737//680 1736//232 1850//122 
f 1852//177 1738//176 1737//680 1851//248 
f 1853//290 1739//309 1738//176 1852//177 
f 1854//761 1740//406 1739//309 1853//290 
f 1855//762 1741//546 1740//406 1854//761 
f 1856//508 1742//288 1741//546 1855//762 
f 1857//98 1743//84 1742//288 1856//508 
f 1858//92 1744//642 1743//84 1857//98 
f 1859//763 1745//742 1744//642 1858//92 
f 1860//764 1746//743 1745//742 1859//763 
f 1861//765 1747//744 1746//743 1860//764 
f 1862//766 1748//745 1747//744 1861//765 
f 1863//767 1749//746 1748//745 1862//766 
f 1864//281 1750//241 1749//746 1863//767 
f 1865//768 1751//747 1750//241 1864//281 
f 1866//769 1752//391 1751//747 1865//768 
f 1867//770 1753//152 1752//391 1866//769 
f 1868//771 1754//179 1753//152 1867//770 
f 1869//772 1755//748 1754//179 1868//771 
f 1870//773 1756//749 1755//748 1869//772 
f 1871//774 1757//750 1756//749 1870//773 
f 1872//775 1758//751 1757//750 1871//774 
f 1873//776 1759//752 1758//751 1872//775 
f 1874//92 1760//753 1759//752 1873//776 
f 1875//157 1761//147 1760//753 1874//92 
f 1876//95 1762//240 1761//147 1875//157 
f 1877//279 1763//341 1762//240 1876//95 
f 1878//97 1764//305 1763//341 1877//279 
f 1879//210 1765//99 1764//305 1878//97 
f 1880//96 1766//98 1765//99 1879//210 
f 1881//96 1767//92 1766//98 1880//96 
f 1882//149 1768//148 1767//92 1881//96 
f 1883//97 1769//92 1768//148 1882//149 
f 1884//140 1770//140 1769//92 1883//97 
f 1885//211 1771//98 1770//140 1884//140 
f 1886//607 1772//99 1771//98 1885//211 
f 1887//99 1773//61 1772//99 1886//607 
f 1888//98 1774//305 1773//61 1887//99 
f 1889//92 1775//147 1774//305 1888//98 
f 1890//92 1776//147 1775//147 1889//92 
f 1891//98 1777//147 1776//147 1890//92 
f 1892//99 1778//246 1777//147 1891//98 
f 1893//305 1779//231 1778//246 1892//99 
f 1894//305 1780//248 1779//231 1893//305 
f 1895//305 1781//411 1780//248 1894//305 
f 1896//147 1782//147 1781//411 1895//305 
f 1897//230 1783//464 1782//147 1896//147 
f 1898//238 1784//356 1783//464 1897//230 
f 1899//159 1785//159 1784//356 1898//238 
f 1900//159 1786//159 1785//159 1899//159 
f 1901//92 1787//92 1786//159 1900//159 
f 1902//211 1788//140 1787//92 1901//92 
f 1903//607 1789//91 1788//140 1902//211 
f 1904//61 1790//90 1789//91 1903//607 
f 1905//147 1791//96 1790//90 1904//61 
f 1906//243 1792//401 1791//96 1905//147 
f 1907//302 1793//651 1792//401 1906//243 
f 1908//148 1794//288 1793//651 1907//302 
f 1909//149 1795//92 1794//288 1908//148 
f 1910//210 1796//92 1795//92 1909//149 
f 1911//92 1797//148 1796//92 1910//210 
f 1912//230 1798//159 1797//148 1911//92 
f 1913//120 1799//148 1798//159 1912//230 
f 1914//178 1800//148 1799//148 1913//120 
f 1915//180 1801//238 1800//148 1914//178 
f 1916//247 1802//121 1801//238 1915//180 
f 1917//412 1803//121 1802//121 1916//247 
f 1918//307 1804//464 1803//121 1917//412 
f 1919//569 1805//503 1804//464 1918//307 
f 1920//572 1806//754 1805//503 1919//569 
f 1921//777 1807//128 1806//754 1920//572 
f 1922//307 1808//755 1807//128 1921//777 
f 1923//230 1809//305 1808//755 1922//307 
f 1924//652 1810//756 1809//305 1923//230 
f 1925//716 1811//551 1810//756 1924//652 
f 1926//652 1812//462 1811//551 1925//716 
f 1927//237 1813//354 1812//462 1926//652 
f 1928//651 1814//146 1813//354 1927//237 
f 1929//716 1815//646 1814//146 1928//651 
f 1930//353 1816//711 1815//646 1929//716 
f 1931//240 1817//757 1816//711 1930//353 
f 1932//98 1818//179 1817//757 1931//240 
f 1933//288 1819//140 1818//179 1932//98 
f 1934//163 1820//210 1819//140 1933//288 
f 1935//778 1821//758 1820//210 1934//163 
f 1936//83 1822//152 1821//758 1935//778 
f 1937//86 1823//211 1822//152 1936//83 
f 1938//81 1824//166 1823//211 1937//86 
f 1939//107 1825//278 1826//84 1940//59 
f 1941//178 1827//96 1825//278 1939//107 
f 1942//464 1828//96 1827//96 1941//178 
f 1943//356 1829//740 1828//96 1942//464 
f 1944//288 1830//288 1829//740 1943//356 
f 1945//740 1831//92 1830//288 1944//288 
f 1946//237 1832//157 1831//92 1945//740 
f 1947//158 1833//158 1832//157 1946//237 
f 1948//687 1834//654 1833//158 1947//158 
f 1949//738 1835//759 1834//654 1948//687 
f 1950//239 1836//132 1835//759 1949//738 
f 1951//356 1837//94 1836//132 1950//239 
f 1952//98 1838//356 1837//94 1951//356 
f 1953//147 1839//230 1838//356 1952//98 
f 1954//180 1840//120 1839//230 1953//147 
f 1955//407 1841//162 1840//120 1954//180 
f 1956//290 1842//243 1841//162 1955//407 
f 1957//247 1843//120 1842//243 1956//290 
f 1958//246 1844//410 1843//120 1957//247 
f 1959//305 1845//608 1844//410 1958//246 
f 1960//147 1846//760 1845//608 1959//305 
f 1961//246 1847//757 1846//760 1960//147 
f 1962//410 1848//107 1847//757 1961//246 
f 1963//410 1849//231 1848//107 1962//410 
f 1964//755 1850//122 1849//231 1963//410 
f 1965//779 1851//248 1850//122 1964//755 
f 1966//176 1852//177 1851//248 1965//779 
f 1967//619 1853//290 1852//177 1966//176 
f 1968//780 1854//761 1853//290 1967//619 
f 1969//781 1855//762 1854//761 1968//780 
f 1970//720 1856//508 1855//762 1969//781 
f 1971//360 1857//98 1856//508 1970//720 
f 1972//57 1858//92 1857//98 1971//360 
f 1973//782 1859//763 1858//92 1972//57 
f 1974//783 1860//764 1859//763 1973//782 
f 1975//784 1861//765 1860//764 1974//783 
f 1976//785 1862//766 1861//765 1975//784 
f 1977//786 1863//767 1862//766 1976//785 
f 1978//53 1864//281 1863//767 1977//786 
f 1979//787 1865//768 1864//281 1978//53 
f 1980//788 1866//769 1865//768 1979//787 
f 1981//789 1867//770 1866//769 1980//788 
f 1982//790 1868//771 1867//770 1981//789 
f 1983//791 1869//772 1868//771 1982//790 
f 1984//792 1870//773 1869//772 1983//791 
f 1985//793 1871//774 1870//773 1984//792 
f 1986//794 1872//775 1871//774 1985//793 
f 1987//795 1873//776 1872//775 1986//794 
f 1988//97 1874//92 1873//776 1987//795 
f 1989//159 1875//157 1874//92 1988//97 
f 1990//288 1876//95 1875//157 1989//159 
f 1991//280 1877//279 1876//95 1990//288 
f 1992//96 1878//97 1877//279 1991//280 
f 1993//96 1879//210 1878//97 1992//96 
f 1994//210 1880//96 1879//210 1993//96 
f 1995//97 1881//96 1880//96 1994//210 
f 1996//92 1882//149 1881//96 1995//97 
f 1997//140 1883//97 1882//149 1996//92 
f 1998//211 1884//140 1883//97 1997//140 
f 1999//212 1885//211 1884//140 1998//211 
f 2000//89 1886//607 1885//211 1999//212 
f 2001//210 1887//99 1886//607 2000//89 
f 2002//96 1888//98 1887//99 2001//210 
f 2003//96 1889//92 1888//98 2002//96 
f 2004//210 1890//92 1889//92 2003//96 
f 2005//152 1891//98 1890//92 2004//210 
f 2006//89 1892//99 1891//98 2005//152 
f 2007//140 1893//305 1892//99 2006//89 
f 2008//140 1894//305 1893//305 2007//140 
f 2009//140 1895//305 1894//305 2008//140 
f 2010//98 1896//147 1895//305 2009//140 
f 2011//230 1897//230 1896//147 2010//98 
f 2012//162 1898//238 1897//230 2011//230 
f 2013//354 1899//159 1898//238 2012//162 
f 2014//301 1900//159 1899//159 2013//354 
f 2015//410 1901//92 1900//159 2014//301 
f 2016//122 1902//211 1901//92 2015//410 
f 2017//532 1903//607 1902//211 2016//122 
f 2018//122 1904//61 1903//607 2017//532 
f 2019//410 1905//147 1904//61 2018//122 
f 2020//226 1906//243 1905//147 2019//410 
f 2021//284 1907//302 1906//243 2020//226 
f 2022//361 1908//148 1907//302 2021//284 
f 2023//230 1909//149 1908//148 2022//361 
f 2024//166 1910//210 1909//149 2023//230 
f 2025//99 1911//92 1910//210 2024//166 
f 2026//410 1912//230 1911//92 2025//99 
f 2027//680 1913//120 1912//230 2026//410 
f 2028//796 1914//178 1913//120 2027//680 
f 2029//797 1915//180 1914//178 2028//796 
f 2030//798 1916//247 1915//180 2029//797 
f 2031//799 1917//412 1916//247 2030//798 
f 2032//59 1918//307 1917//412 2031//799 
f 2033//445 1919//569 1918//307 2032//59 
f 2034//128 1920//572 1919//569 2033//445 
f 2035//122 1921//777 1920//572 2034//128 
f 2036//121 1922//307 1921//777 2035//122 
f 2037//652 1923//230 1922//307 2036//121 
f 2038//592 1924//652 1923//230 2037//652 
f 2039//550 1925//716 1924//652 2038//592 
f 2040//547 1926//652 1925//716 2039//550 
f 2041//238 1927//237 1926//652 2040//547 
f 2042//239 1928//651 1927//237 2041//238 
f 2043//462 1929//716 1928//651 2042//239 
f 2044//302 1930//353 1929//716 2043//462 
f 2045//356 1931//240 1930//353 2044//302 
f 2046//92 1932//98 1931//240 2045//356 
f 2047//148 1933//288 1932//98 2046//92 
f 2048//159 1934//163 1933//288 2047//148 
f 2049//281 1935//778 1934//163 2048//159 
f 2050//306 1936//83 1935//778 2049//281 
f 2051//100 1937//86 1936//83 2050//306 
f 2052//100 1938//81 1937//86 2051//100 
f 2053//797 1939//107 1940//59 2054//800 
f 2055//801 1941//178 1939//107 2053//797 
f 2056//506 1942//464 1941//178 2055//801 
f 2057//407 1943//356 1942//464 2056//506 
f 2058//162 1944//288 1943//356 2057//407 
f 2059//159 1945//740 1944//288 2058//162 
f 2060//94 1946//237 1945//740 2059//159 
f 2061//158 1947//158 1946//237 2060//94 
f 2062//652 1948//687 1947//158 2061//158 
f 2063//161 1949//738 1948//687 2062//652 
f 2064//162 1950//239 1949//738 2063//161 
f 2065//120 1951//356 1950//239 2064//162 
f 2066//411 1952//98 1951//356 2065//120 
f 2067//248 1953//147 1952//98 2066//411 
f 2068//107 1954//180 1953//147 2067//248 
f 2069//55 1955//407 1954//180 2068//107 
f 2070//224 1956//290 1955//407 2069//55 
f 2071//802 1957//247 1956//290 2070//224 
f 2072//803 1958//246 1957//247 2071//802 
f 2073//114 1959//305 1958//246 2072//803 
f 2074//308 1960//147 1959//305 2073//114 
f 2075//307 1961//246 1960//147 2074//308 
f 2076//107 1962//410 1961//246 2075//307 
f 2077//107 1963//410 1962//410 2076//107 
f 2078//445 1964//755 1963//410 2077//107 
f 2079//610 1965//779 1964//755 2078//445 
f 2080//680 1966//176 1965//779 2079//610 
f 2081//540 1967//619 1966//176 2080//680 
f 2082//252 1968//780 1967//619 2081//540 
f 2083//253 1969//781 1968//780 2082//252 
f 2084//358 1970//720 1969//781 2083//253 
f 2085//403 1971//360 1970//720 2084//358 
f 2086//180 1972//57 1971//360 2085//403 
f 2087//804 1973//782 1972//57 2086//180 
f 2088//805 1974//783 1973//782 2087//804 
f 2089//806 1975//784 1974//783 2088//805 
f 2090//807 1976//785 1975//784 2089//806 
f 2091//808 1977//786 1976//785 2090//807 
f 2092//809 1978//53 1977//786 2091//808 
f 2093//463 1979//787 1978//53 2092//809 
f 2094//178 1980//788 1979//787 2093//463 
f 2095//810 1981//789 1980//788 2094//178 
f 2096//811 1982//790 1981//789 2095//810 
f 2097//812 1983//791 1982//790 2096//811 
f 2098//813 1984//792 1983//791 2097//812 
f 2099//814 1985//793 1984//792 2098//813 
f 2100//815 1986//794 1985//793 2099//814 
f 2101//816 1987//795 1986//794 2100//815 
f 2102//817 1988//97 1987//795 2101//816 
f 2103//403 1989//159 1988//97 2102//817 
f 2104//403 1990//288 1989//159 2103//403 
f 2105//178 1991//280 1990//288 2104//403 
f 2106//356 1992//96 1991//280 2105//178 
f 2107//92 1993//96 1992//96 2106//356 
f 2108//211 1994//210 1993//96 2107//92 
f 2109//99 1995//97 1994//210 2108//211 
f 2110//147 1996//92 1995//97 2109//99 
f 2111//341 1997//140 1996//92 2110//147 
f 2112//212 1998//211 1997//140 2111//341 
f 2113//212 1999//212 1998//211 2112//212 
f 2114//98 2000//89 1999//212 2113//212 
f 2115//92 2001//210 2000//89 2114//98 
f 2116//92 2002//96 2001//210 2115//92 
f 2117//92 2003//96 2002//96 2116//92 
f 2118//140 2004//210 2003//96 2117//92 
f 2119//89 2005//152 2004//210 2118//140 
f 2120//89 2006//89 2005//152 2119//89 
f 2121//211 2007//140 2006//89 2120//89 
f 2122//166 2008//140 2007//140 2121//211 
f 2123//98 2009//140 2008//140 2122//166 
f 2124//140 2010//98 2009//140 2123//98 
f 2125//356 2011//230 2010//98 2124//140 
f 2126//230 2012//162 2011//230 2125//356 
f 2127//178 2013//354 2012//162 2126//230 
f 2128//247 2014//301 2013//354 2127//178 
f 2129//107 2015//410 2014//301 2128//247 
f 2130//248 2016//122 2015//410 2129//107 
f 2131//61 2017//532 2016//122 2130//248 
f 2132//211 2018//122 2017//532 2131//61 
f 2133//92 2019//410 2018//122 2132//211 
f 2134//238 2020//226 2019//410 2133//92 
f 2135//462 2021//284 2020//226 2134//238 
f 2136//361 2022//361 2021//284 2135//462 
f 2137//247 2023//230 2022//361 2136//361 
f 2138//231 2024//166 2023//230 2137//247 
f 2139//411 2025//99 2024//166 2138//231 
f 2140//305 2026//410 2025//99 2139//411 
f 2141//179 2027//680 2026//410 2140//305 
f 2142//248 2028//796 2027//680 2141//179 
f 2143//177 2029//797 2028//796 2142//248 
f 2144//403 2030//798 2029//797 2143//177 
f 2145//558 2031//799 2030//798 2144//403 
f 2146//225 2032//59 2031//799 2145//558 
f 2147//779 2033//445 2032//59 2146//225 
f 2148//754 2034//128 2033//445 2147//779 
f 2149//609 2035//122 2034//128 2148//754 
f 2150//302 2036//121 2035//122 2149//609 
f 2151//738 2037//652 2036//121 2150//302 
f 2152//818 2038//592 2037//652 2151//738 
f 2153//52 2039//550 2038//592 2152//818 
f 2154//148 2040//547 2039//550 2153//52 
f 2155//147 2041//238 2040//547 2154//148 
f 2156//177 2042//239 2041//238 2155//147 
f 2157//819 2043//462 2042//239 2156//177 
f 2158//619 2044//302 2043//462 2157//819 
f 2159//558 2045//356 2044//302 2158//619 
f 2160//394 2046//92 2045//356 2159//558 
f 2161//247 2047//148 2046//92 2160//394 
f 2162//301 2048//159 2047//148 2161//247 
f 2163//231 2049//281 2048//159 2162//301 
f 2164//233 2050//306 2049//281 2163//231 
f 2165//307 2051//100 2050//306 2164//233 
f 2166//107 2052//100 2051//100 2165//307 
f 2167//543 2053//797 2054//800 2168//233 
f 2169//463 2055//801 2053//797 2167//543 
f 2170//295 2056//506 2055//801 2169//463 
f 2171//711 2057//407 2056//506 2170//295 
f 2172//406 2058//162 2057//407 2171//711 
f 2173//462 2059//159 2058//162 2172//406 
f 2174//159 2060//94 2059//159 2173//462 
f 2175//158 2061//158 2060//94 2174//159 
f 2176//160 2062//652 2061//158 2175//158 
f 2177//160 2063//161 2062//652 2176//160 
f 2178//93 2064//162 2063//161 2177//160 
f 2179//240 2065//120 2064//162 2178//93 
f 2180//99 2066//411 2065//120 2179//240 
f 2181//212 2067//248 2066//411 2180//99 
f 2182//341 2068//107 2067//248 2181//212 
f 2183//123 2069//55 2068//107 2182//341 
f 2184//530 2070//224 2069//55 2183//123 
f 2185//820 2071//802 2070//224 2184//530 
f 2186//821 2072//803 2071//802 2185//820 
f 2187//579 2073//114 2072//803 2186//821 
f 2188//346 2074//308 2073//114 2187//579 
f 2189//107 2075//307 2074//308 2188//346 
f 2190//178 2076//107 2075//307 2189//107 
f 2191//464 2077//107 2076//107 2190//178 
f 2192//287 2078//445 2077//107 2191//464 
f 2193//63 2079//610 2078//445 2192//287 
f 2194//355 2080//680 2079//610 2193//63 
f 2195//120 2081//540 2080//680 2194//355 
f 2196//822 2082//252 2081//540 2195//120 
f 2197//183 2083//253 2082//252 2196//822 
f 2198//183 2084//358 2083//253 2197//183 
f 2199//290 2085//403 2084//358 2198//183 
f 2200//302 2086//180 2085//403 2199//290 
f 2201//823 2087//804 2086//180 2200//302 
f 2202//824 2088//805 2087//804 2201//823 
f 2203//825 2089//806 2088//805 2202//824 
f 2204//826 2090//807 2089//806 2203//825 
f 2205//827 2091//808 2090//807 2204//826 
f 2206//828 2092//809 2091//808 2205//827 
f 2207//829 2093//463 2092//809 2206//828 
f 2208//536 2094//178 2093//463 2207//829 
f 2209//830 2095//810 2094//178 2208//536 
f 2210//831 2096//811 2095//810 2209//830 
f 2211//832 2097//812 2096//811 2210//831 
f 2212//833 2098//813 2097//812 2211//832 
f 2213//834 2099//814 2098//813 2212//833 
f 2214//835 2100//815 2099//814 2213//834 
f 2215//836 2101//816 2100//815 2214//835 
f 2216//837 2102//817 2101//816 2215//836 
f 2217//360 2103//403 2102//817 2216//837 
f 2218//619 2104//403 2103//403 2217//360 
f 2219//290 2105//178 2104//403 2218//619 
f 2220//354 2106//356 2105//178 2219//290 
f 2221//147 2107//92 2106//356 2220//354 
f 2222//61 2108//211 2107//92 2221//147 
f 2223//61 2109//99 2108//211 2222//61 
f 2224//147 2110//147 2109//99 2223//61 
f 2225//147 2111//341 2110//147 2224//147 
f 2226//99 2112//212 2111//341 2225//147 
f 2227//211 2113//212 2112//212 2226//99 
f 2228//92 2114//98 2113//212 2227//211 
f 2229//98 2115//92 2114//98 2228//92 
f 2230//341 2116//92 2115//92 2229//98 
f 2231//147 2117//92 2116//92 2230//341 
f 2232//341 2118//140 2117//92 2231//147 
f 2233//212 2119//89 2118//140 2232//341 
f 2234//212 2120//89 2119//89 2233//212 
f 2235//211 2121//211 2120//89 2234//212 
f 2236//211 2122//166 2121//211 2235//211 
f 2237//341 2123//98 2122//166 2236//211 
f 2238//341 2124//140 2123//98 2237//341 
f 2239//240 2125//356 2124//140 2238//341 
f 2240//464 2126//230 2125//356 2239//240 
f 2241//147 2127//178 2126//230 2240//464 
f 2242//120 2128//247 2127//178 2241//147 
f 2243//147 2129//107 2128//247 2242//120 
f 2244//305 2130//248 2129//107 2243//147 
f 2245//341 2131//61 2130//248 2244//305 
f 2246//98 2132//211 2131//61 2245//341 
f 2247//92 2133//92 2132//211 2246//98 
f 2248//356 2134//238 2133//92 2247//92 
f 2249//302 2135//462 2134//238 2248//356 
f 2250//162 2136//361 2135//462 2249//302 
f 2251//120 2137//247 2136//361 2250//162 
f 2252//464 2138//231 2137//247 2251//120 
f 2253//98 2139//411 2138//231 2252//464 
f 2254//95 2140//305 2139//411 2253//98 
f 2255//86 2141//179 2140//305 2254//95 
f 2256//573 2142//248 2141//179 2255//86 
f 2257//156 2143//177 2142//248 2256//573 
f 2258//281 2144//403 2143//177 2257//156 
f 2259//246 2145//558 2144//403 2258//281 
f 2260//608 2146//225 2145//558 2259//246 
f 2261//571 2147//779 2146//225 2260//608 
f 2262//569 2148//754 2147//779 2261//571 
f 2263//308 2149//609 2148//754 2262//569 
f 2264//406 2150//302 2149//609 2263//308 
f 2265//838 2151//738 2150//302 2264//406 
f 2266//839 2152//818 2151//738 2265//838 
f 2267//161 2153//52 2152//818 2266//839 
f 2268//240 2154//148 2153//52 2267//161 
f 2269//99 2155//147 2154//148 2268//240 
f 2270//123 2156//177 2155//147 2269//99 
f 2271//537 2157//819 2156//177 2270//123 
f 2272//506 2158//619 2157//819 2271//537 
f 2273//840 2159//558 2158//619 2272//506 
f 2274//840 2160//394 2159//558 2273//840 
f 2275//798 2161//247 2160//394 2274//840 
f 2276//840 2162//301 2161//247 2275//798 
f 2277//688 2163//231 2162//301 2276//840 
f 2278//841 2164//233 2163//231 2277//688 
f 2279//842 2165//307 2164//233 2278//841 
f 2280//57 2166//107 2165//307 2279//842 
f 2281//98 2167//543 2168//233 2282//166 
f 2283//159 2169//463 2167//543 2281//98 
f 2284//283 2170//295 2169//463 2283//159 
f 2285//142 2171//711 2170//295 2284//283 
f 2286//509 2172//406 2171//711 2285//142 
f 2287//460 2173//462 2172//406 2286//509 
f 2288//283 2174//159 2173//462 2287//460 
f 2289//159 2175//158 2174//159 2288//283 
f 2290//159 2176//160 2175//158 2289//159 
f 2291//353 2177//160 2176//160 2290//159 
f 2292//465 2178//93 2177//160 2291//353 
f 2293//411 2179//240 2178//93 2292//465 
f 2294//123 2180//99 2179//240 2293//411 
f 2295//305 2181//212 2180//99 2294//123 
f 2296//166 2182//341 2181//212 2295//305 
f 2297//607 2183//123 2182//341 2296//166 
f 2298//494 2184//530 2183//123 2297//607 
f 2299//817 2185//820 2184//530 2298//494 
f 2300//407 2186//821 2185//820 2299//817 
f 2301//182 2187//579 2186//821 2300//407 
f 2302//182 2188//346 2187//579 2301//182 
f 2303//537 2189//107 2188//346 2302//182 
f 2304//247 2190//178 2189//107 2303//537 
f 2305//162 2191//464 2190//178 2304//247 
f 2306//140 2192//287 2191//464 2305//162 
f 2307//153 2193//63 2192//287 2306//140 
f 2308//85 2194//355 2193//63 2307//153 
f 2309//343 2195//120 2194//355 2308//85 
f 2310//94 2196//822 2195//120 2309//343 
f 2311//843 2197//183 2196//822 2310//94 
f 2312//844 2198//183 2197//183 2311//843 
f 2313//47 2199//290 2198//183 2312//844 
f 2314//762 2200//302 2199//290 2313//47 
f 2315//845 2201//823 2200//302 2314//762 
f 2316//846 2202//824 2201//823 2315//845 
f 2317//847 2203//825 2202//824 2316//846 
f 2318//848 2204//826 2203//825 2317//847 
f 2319//849 2205//827 2204//826 2318//848 
f 2320//850 2206//828 2205//827 2319//849 
f 2321//851 2207//829 2206//828 2320//850 
f 2322//573 2208//536 2207//829 2321//851 
f 2323//852 2209//830 2208//536 2322//573 
f 2324//853 2210//831 2209//830 2323//852 
f 2325//854 2211//832 2210//831 2324//853 
f 2326//855 2212//833 2211//832 2325//854 
f 2327//856 2213//834 2212//833 2326//855 
f 2328//857 2214//835 2213//834 2327//856 
f 2329//858 2215//836 2214//835 2328//857 
f 2330//859 2216//837 2215//836 2329//858 
f 2331//410 2217//360 2216//837 2330//859 
f 2332//118 2218//619 2217//360 2331//410 
f 2333//249 2219//290 2218//619 2332//118 
f 2334//162 2220//354 2219//290 2333//249 
f 2335//246 2221//147 2220//354 2334//162 
f 2336//411 2222//61 2221//147 2335//246 
f 2337//166 2223//61 2222//61 2336//411 
f 2338//92 2224//147 2223//61 2337//166 
f 2339//92 2225//147 2224//147 2338//92 
f 2340//97 2226//99 2225//147 2339//92 
f 2341//210 2227//211 2226//99 2340//97 
f 2342//96 2228//92 2227//211 2341//210 
f 2343//280 2229//98 2228//92 2342//96 
f 2344//279 2230//341 2229//98 2343//280 
f 2345//98 2231//147 2230//341 2344//279 
f 2346//341 2232//341 2231//147 2345//98 
f 2347//61 2233//212 2232//341 2346//341 
f 2348//61 2234//212 2233//212 2347//61 
f 2349//341 2235//211 2234//212 2348//61 
f 2350//211 2236//211 2235//211 2349//341 
f 2351//140 2237//341 2236//211 2350//211 
f 2352//92 2238//341 2237//341 2351//140 
f 2353//98 2239//240 2238//341 2352//92 
f 2354//341 2240//464 2239//240 2353//98 
f 2355//147 2241//147 2240//464 2354//341 
f 2356//230 2242//120 2241//147 2355//147 
f 2357//356 2243//147 2242//120 2356//230 
f 2358//211 2244//305 2243//147 2357//356 
f 2359//341 2245//341 2244//305 2358//211 
f 2360//246 2246//98 2245//341 2359//341 
f 2361//410 2247//92 2246//98 2360//246 
f 2362//178 2248//356 2247//92 2361//410 
f 2363//162 2249//302 2248//356 2362//178 
f 2364//162 2250//162 2249//302 2363//162 
f 2365//120 2251//120 2250//162 2364//162 
f 2366//120 2252//464 2251//120 2365//120 
f 2367//464 2253//98 2252//464 2366//120 
f 2368//238 2254//95 2253//98 2367//464 
f 2369//94 2255//86 2254//95 2368//238 
f 2370//778 2256//573 2255//86 2369//94 
f 2371//87 2257//156 2256//573 2370//778 
f 2372//165 2258//281 2257//156 2371//87 
f 2373//496 2259//246 2258//281 2372//165 
f 2374//248 2260//608 2259//246 2373//496 
f 2375//248 2261//571 2260//608 2374//248 
f 2376//503 2262//569 2261//571 2375//248 
f 2377//508 2263//308 2262//569 2376//503 
f 2378//860 2264//406 2263//308 2377//508 
f 2379//405 2265//838 2264//406 2378//860 
f 2380//761 2266//839 2265//838 2379//405 
f 2381//146 2267//161 2266//839 2380//761 
f 2382//178 2268//240 2267//161 2381//146 
f 2383//61 2269//99 2268//240 2382//178 
f 2384//61 2270//123 2269//99 2383//61 
f 2385//178 2271//537 2270//123 2384//61 
f 2386//180 2272//506 2271//537 2385//178 
f 2387//394 2273//840 2272//506 2386//180 
f 2388//463 2274//840 2273//840 2387//394 
f 2389//463 2275//798 2274//840 2388//463 
f 2390//861 2276//840 2275//798 2389//463 
f 2391//392 2277//688 2276//840 2390//861 
f 2392//543 2278//841 2277//688 2391//392 
f 2393//107 2279//842 2278//841 2392//543 
f 2394//107 2280//57 2279//842 2393//107 
f 2395//448 2281//98 2282//166 2396//451 
f 2397//653 2283//159 2281//98 2395//448 
f 2398//862 2284//283 2283//159 2397//653 
f 2399//683 2285//142 2284//283 2398//862 
f 2400//550 2286//509 2285//142 2399//683 
f 2401//119 2287//460 2286//509 2400//550 
f 2402//302 2288//283 2287//460 2401//119 
f 2403//162 2289//159 2288//283 2402//302 
f 2404//354 2290//159 2289//159 2403//162 
f 2405//177 2291//353 2290//159 2404//354 
f 2406//608 2292//465 2291//353 2405//177 
f 2407//232 2293//411 2292//465 2406//608 
f 2408//59 2294//123 2293//411 2407//232 
f 2409//177 2295//305 2294//123 2408//59 
f 2410//246 2296//166 2295//305 2409//177 
f 2411//607 2297//607 2296//166 2410//246 
f 2412//63 2298//494 2297//607 2411//607 
f 2413//90 2299//817 2298//494 2412//63 
f 2414//163 2300//407 2299//817 2413//90 
f 2415//547 2301//182 2300//407 2414//163 
f 2416//863 2302//182 2301//182 2415//547 
f 2417//247 2303//537 2302//182 2416//863 
f 2418//537 2304//247 2303//537 2417//247 
f 2419//295 2305//162 2304//247 2418//537 
f 2420//864 2306//140 2305//162 2419//295 
f 2421//92 2307//153 2306//140 2420//864 
f 2422//82 2308//85 2307//153 2421//92 
f 2423//639 2309//343 2308//85 2422//82 
f 2424//150 2310//94 2309//343 2423//639 
f 2425//282 2311//843 2310//94 2424//150 
f 2426//401 2312//844 2311//843 2425//282 
f 2427//737 2313//47 2312//844 2426//401 
f 2428//865 2314//762 2313//47 2427//737 
f 2429//866 2315//845 2314//762 2428//865 
f 2430//846 2316//846 2315//845 2429//866 
f 2431//846 2317//847 2316//846 2430//846 
f 2432//137 2318//848 2317//847 2431//846 
f 2433//867 2319//849 2318//848 2432//137 
f 2434//868 2320//850 2319//849 2433//867 
f 2435//869 2321//851 2320//850 2434//868 
f 2436//870 2322//573 2321//851 2435//869 
f 2437//871 2323//852 2322//573 2436//870 
f 2438//872 2324//853 2323//852 2437//871 
f 2439//873 2325//854 2324//853 2438//872 
f 2440//874 2326//855 2325//854 2439//873 
f 2441//875 2327//856 2326//855 2440//874 
f 2442//876 2328//857 2327//856 2441//875 
f 2443//877 2329//858 2328//857 2442//876 
f 2444//878 2330//859 2329//858 2443//877 
f 2445//879 2331//410 2330//859 2444//878 
f 2446//652 2332//118 2331//410 2445//879 
f 2447//243 2333//249 2332//118 2446//652 
f 2448//247 2334//162 2333//249 2447//243 
f 2449//307 2335//246 2334//162 2448//247 
f 2450//410 2336//411 2335//246 2449//307 
f 2451//121 2337//166 2336//411 2450//410 
f 2452//92 2338//92 2337//166 2451//121 
f 2453//92 2339//92 2338//92 2452//92 
f 2454//92 2340//97 2339//92 2453//92 
f 2455//92 2341//210 2340//97 2454//92 
f 2456//98 2342//96 2341//210 2455//92 
f 2457//212 2343//280 2342//96 2456//98 
f 2458//211 2344//279 2343//280 2457//212 
f 2459//140 2345//98 2344//279 2458//211 
f 2460//140 2346//341 2345//98 2459//140 
f 2461//152 2347//61 2346//341 2460//140 
f 2462//151 2348//61 2347//61 2461//152 
f 2463//758 2349//341 2348//61 2462//151 
f 2464//100 2350//211 2349//341 2463//758 
f 2465//210 2351//140 2350//211 2464//100 
f 2466//210 2352//92 2351//140 2465//210 
f 2467//152 2353//98 2352//92 2466//210 
f 2468//140 2354//341 2353//98 2467//152 
f 2469//92 2355//147 2354//341 2468//140 
f 2470//238 2356//230 2355//147 2469//92 
f 2471//121 2357//356 2356//230 2470//238 
f 2472//212 2358//211 2357//356 2471//121 
f 2473//99 2359//341 2358//211 2472//212 
f 2474//305 2360//246 2359//341 2473//99 
f 2475//147 2361//410 2360//246 2474//305 
f 2476//120 2362//178 2361//410 2475//147 
f 2477//354 2363//162 2362//178 2476//120 
f 2478//301 2364//162 2363//162 2477//354 
f 2479//412 2365//120 2364//162 2478//301 
f 2480//107 2366//120 2365//120 2479//412 
f 2481//225 2367//464 2366//120 2480//107 
f 2482//506 2368//238 2367//464 2481//225 
f 2483//506 2369//94 2368//238 2482//506 
f 2484//55 2370//778 2369//94 2483//506 
f 2485//122 2371//87 2370//778 2484//55 
f 2486//494 2372//165 2371//87 2485//122 
f 2487//494 2373//496 2372//165 2486//494 
f 2488//179 2374//248 2373//496 2487//494 
f 2489//123 2375//248 2374//248 2488//179 
f 2490//147 2376//503 2375//248 2489//123 
f 2491//353 2377//508 2376//503 2490//147 
f 2492//880 2378//860 2377//508 2491//353 
f 2493//621 2379//405 2378//860 2492//880 
f 2494//118 2380//761 2379//405 2493//621 
f 2495//406 2381//146 2380//761 2494//118 
f 2496//354 2382//178 2381//146 2495//406 
f 2497//99 2383//61 2382//178 2496//354 
f 2498//212 2384//61 2383//61 2497//99 
f 2499//341 2385//178 2384//61 2498//212 
f 2500//147 2386//180 2385//178 2499//341 
f 2501//464 2387//394 2386//180 2500//147 
f 2502//239 2388//463 2387//394 2501//464 
f 2503//230 2389//463 2388//463 2502//239 
f 2504//147 2390//861 2389//463 2503//230 
f 2505//147 2391//392 2390//861 2504//147 
f 2506//246 2392//543 2391//392 2505//147 
f 2507//231 2393//107 2392//543 2506//246 
f 2508//107 2394//107 2393//107 2507//231 
f 2509//497 2395//448 2396//451 2510//498 
f 2511//881 2397//653 2395//448 2509//497 
f 2512//395 2398//862 2397//653 2511//881 
f 2513//582 2399//683 2398//862 2512//395 
f 2514//158 2400//550 2399//683 2513//582 
f 2515//230 2401//119 2400//550 2514//158 
f 2516//247 2402//302 2401//119 2515//230 
f 2517//407 2403//162 2402//302 2516//247 
f 2518//177 2404//354 2403//162 2517//407 
f 2519//107 2405//177 2404//354 2518//177 
f 2520//107 2406//608 2405//177 2519//107 
f 2521//233 2407//232 2406//608 2520//107 
f 2522//307 2408//59 2407//232 2521//233 
f 2523//403 2409//177 2408//59 2522//307 
f 2524//608 2410//246 2409//177 2523//403 
f 2525//307 2411//607 2410//246 2524//608 
f 2526//99 2412//63 2411//607 2525//307 
f 2527//100 2413//90 2412//63 2526//99 
f 2528//582 2414//163 2413//90 2527//100 
f 2529//683 2415//547 2414//163 2528//582 
f 2530//451 2416//863 2415//547 2529//683 
f 2531//97 2417//247 2416//863 2530//451 
f 2532//147 2418//537 2417//247 2531//97 
f 2533//407 2419//295 2418//537 2532//147 
f 2534//711 2420//864 2419//295 2533//407 
f 2535//229 2421//92 2420//864 2534//711 
f 2536//93 2422//82 2421//92 2535//229 
f 2537//882 2423//639 2422//82 2536//93 
f 2538//150 2424//150 2423//639 2537//882 
f 2539//883 2425//282 2424//150 2538//150 
f 2540//884 2426//401 2425//282 2539//883 
f 2541//885 2427//737 2426//401 2540//884 
f 2542//623 2428//865 2427//737 2541//885 
f 2543//886 2429//866 2428//865 2542//623 
f 2544//887 2430//846 2429//866 2543//886 
f 2545//888 2431//846 2430//846 2544//887 
f 2546//414 2432//137 2431//846 2545//888 
f 2547//889 2433//867 2432//137 2546//414 
f 2548//890 2434//868 2433//867 2547//889 
f 2549//891 2435//869 2434//868 2548//890 
f 2550//892 2436//870 2435//869 2549//891 
f 2551//893 2437//871 2436//870 2550//892 
f 2552//894 2438//872 2437//871 2551//893 
f 2553//99 2439//873 2438//872 2552//894 
f 2554//895 2440//874 2439//873 2553//99 
f 2555//896 2441//875 2440//874 2554//895 
f 2556//897 2442//876 2441//875 2555//896 
f 2557//898 2443//877 2442//876 2556//897 
f 2558//899 2444//878 2443//877 2557//898 
f 2559//900 2445//879 2444//878 2558//899 
f 2560//148 2446//652 2445//879 2559//900 
f 2561//120 2447//243 2446//652 2560//148 
f 2562//107 2448//247 2447//243 2561//120 
f 2563//59 2449//307 2448//247 2562//107 
f 2564//403 2450//410 2449//307 2563//59 
f 2565//407 2451//121 2450//410 2564//403 
f 2566//107 2452//92 2451//121 2565//407 
f 2567//107 2453//92 2452//92 2566//107 
f 2568//107 2454//92 2453//92 2567//107 
f 2569//107 2455//92 2454//92 2568//107 
f 2570//307 2456//98 2455//92 2569//107 
f 2571//248 2457//212 2456//98 2570//307 
f 2572//246 2458//211 2457//212 2571//248 
f 2573//341 2459//140 2458//211 2572//246 
f 2574//98 2460//140 2459//140 2573//341 
f 2575//95 2461//152 2460//140 2574//98 
f 2576//215 2462//151 2461//152 2575//95 
f 2577//208 2463//758 2462//151 2576//215 
f 2578//280 2464//100 2463//758 2577//208 
f 2579//97 2465//210 2464//100 2578//280 
f 2580//140 2466//210 2465//210 2579//97 
f 2581//152 2467//152 2466//210 2580//140 
f 2582//210 2468//140 2467//152 2581//152 
f 2583//96 2469//92 2468//140 2582//210 
f 2584//149 2470//238 2469//92 2583//96 
f 2585//288 2471//121 2470//238 2584//149 
f 2586//89 2472//212 2471//121 2585//288 
f 2587//89 2473//99 2472//212 2586//89 
f 2588//140 2474//305 2473//99 2587//89 
f 2589//98 2475//147 2474//305 2588//140 
f 2590//464 2476//120 2475//147 2589//98 
f 2591//178 2477//354 2476//120 2590//464 
f 2592//247 2478//301 2477//354 2591//178 
f 2593//177 2479//412 2478//301 2592//247 
f 2594//307 2480//107 2479//412 2593//177 
f 2595//543 2481//225 2480//107 2594//307 
f 2596//558 2482//506 2481//225 2595//543 
f 2597//506 2483//506 2482//506 2596//558 
f 2598//506 2484//55 2483//506 2597//506 
f 2599//112 2485//122 2484//55 2598//506 
f 2600//901 2486//494 2485//122 2599//112 
f 2601//128 2487//494 2486//494 2600//901 
f 2602//179 2488//179 2487//494 2601//128 
f 2603//305 2489//123 2488//179 2602//179 
f 2604//120 2490//147 2489//123 2603//305 
f 2605//243 2491//353 2490//147 2604//120 
f 2606//249 2492//880 2491//353 2605//243 
f 2607//249 2493//621 2492//880 2606//249 
f 2608//249 2494//118 2493//621 2607//249 
f 2609//229 2495//406 2494//118 2608//249 
f 2610//247 2496//354 2495//406 2609//229 
f 2611//231 2497//99 2496//354 2610//247 
f 2612//411 2498//212 2497//99 2611//231 
f 2613//305 2499//341 2498//212 2612//411 
f 2614//464 2500//147 2499//341 2613//305 
f 2615//238 2501//464 2500//147 2614//464 
f 2616//121 2502//239 2501//464 2615//238 
f 2617//410 2503//230 2502//239 2616//121 
f 2618//107 2504//147 2503//230 2617//410 
f 2619//107 2505//147 2504//147 2618//107 
f 2620//307 2506//246 2505//147 2619//107 
f 2621//902 2507//231 2506//246 2620//307 
f 2622//59 2508//107 2507//231 2621//902 
f 2623//159 2509//497 2510//498 2624//94 
f 2625//302 2511//881 2509//497 2623//159 
f 2626//120 2512//395 2511//881 2625//302 
f 2627//120 2513//582 2512//395 2626//120 
f 2628//120 2514//158 2513//582 2627//120 
f 2629//147 2515//230 2514//158 2628//120 
f 2630//120 2516//247 2515//230 2629//147 
f 2631//162 2517//407 2516//247 2630//120 
f 2632//178 2518//177 2517//407 2631//162 
f 2633//231 2519//107 2518//177 2632//178 
f 2634//757 2520//107 2519//107 2633//231 
f 2635//232 2521//233 2520//107 2634//757 
f 2636//903 2522//307 2521//233 2635//232 
f 2637//359 2523//403 2522//307 2636//903 
f 2638//402 2524//608 2523//403 2637//359 
f 2639//402 2525//307 2524//608 2638//402 
f 2640//715 2526//99 2525//307 2639//402 
f 2641//904 2527//100 2526//99 2640//715 
f 2642//361 2528//582 2527//100 2641//904 
f 2643//462 2529//683 2528//582 2642//361 
f 2644//242 2530//451 2529//683 2643//462 
f 2645//152 2531//97 2530//451 2644//242 
f 2646//100 2532//147 2531//97 2645//152 
f 2647//288 2533//407 2532//147 2646//100 
f 2648//119 2534//711 2533//407 2647//288 
f 2649//460 2535//229 2534//711 2648//119 
f 2650//161 2536//93 2535//229 2649//460 
f 2651//238 2537//882 2536//93 2650//161 
f 2652//288 2538//150 2537//882 2651//238 
f 2653//237 2539//883 2538//150 2652//288 
f 2654//401 2540//884 2539//883 2653//237 
f 2655//905 2541//885 2540//884 2654//401 
f 2656//592 2542//623 2541//885 2655//905 
f 2657//404 2543//886 2542//623 2656//592 
f 2658//906 2544//887 2543//886 2657//404 
f 2659//907 2545//888 2544//887 2658//906 
f 2660//316 2546//414 2545//888 2659//907 
f 2661//908 2547//889 2546//414 2660//316 
f 2662//906 2548//890 2547//889 2661//908 
f 2663//909 2549//891 2548//890 2662//906 
f 2664//910 2550//892 2549//891 2663//909 
f 2665//305 2551//893 2550//892 2664//910 
f 2666//464 2552//894 2551//893 2665//305 
f 2667//305 2553//99 2552//894 2666//464 
f 2668//444 2554//895 2553//99 2667//305 
f 2669//911 2555//896 2554//895 2668//444 
f 2670//912 2556//897 2555//896 2669//911 
f 2671//913 2557//898 2556//897 2670//912 
f 2672//914 2558//899 2557//898 2671//913 
f 2673//915 2559//900 2558//899 2672//914 
f 2674//503 2560//148 2559//900 2673//915 
f 2675//180 2561//120 2560//148 2674//503 
f 2676//123 2562//107 2561//120 2675//180 
f 2677//248 2563//59 2562//107 2676//123 
f 2678//537 2564//403 2563//59 2677//248 
f 2679//447 2565//407 2564//403 2678//537 
f 2680//176 2566//107 2565//407 2679//447 
f 2681//308 2567//107 2566//107 2680//176 
f 2682//107 2568//107 2567//107 2681//308 
f 2683//107 2569//107 2568//107 2682//107 
f 2684//231 2570//307 2569//107 2683//107 
f 2685//246 2571//248 2570//307 2684//231 
f 2686//147 2572//246 2571//248 2685//246 
f 2687//147 2573//341 2572//246 2686//147 
f 2688//464 2574//98 2573//341 2687//147 
f 2689//238 2575//95 2574//98 2688//464 
f 2690//92 2576//215 2575//95 2689//238 
f 2691//152 2577//208 2576//215 2690//92 
f 2692//306 2578//280 2577//208 2691//152 
f 2693//89 2579//97 2578//280 2692//306 
f 2694//166 2580//140 2579//97 2693//89 
f 2695//98 2581//152 2580//140 2694//166 
f 2696//92 2582//210 2581//152 2695//98 
f 2697//92 2583//96 2582//210 2696//92 
f 2698//92 2584//149 2583//96 2697//92 
f 2699//92 2585//288 2584//149 2698//92 
f 2700//279 2586//89 2585//288 2699//92 
f 2701//280 2587//89 2586//89 2700//279 
f 2702//280 2588//140 2587//89 2701//280 
f 2703//279 2589//98 2588//140 2702//280 
f 2704//98 2590//464 2589//98 2703//279 
f 2705//341 2591//178 2590//464 2704//98 
f 2706//178 2592//247 2591//178 2705//341 
f 2707//180 2593//177 2592//247 2706//178 
f 2708//410 2594//307 2593//177 2707//180 
f 2709//240 2595//543 2594//307 2708//410 
f 2710//148 2596//558 2595//543 2709//240 
f 2711//238 2597//506 2596//558 2710//148 
f 2712//178 2598//506 2597//506 2711//238 
f 2713//232 2599//112 2598//506 2712//178 
f 2714//572 2600//901 2599//112 2713//232 
f 2715//569 2601//128 2600//901 2714//572 
f 2716//231 2602//179 2601//128 2715//569 
f 2717//356 2603//305 2602//179 2716//231 
f 2718//237 2604//120 2603//305 2717//356 
f 2719//916 2605//243 2604//120 2718//237 
f 2720//652 2606//249 2605//243 2719//916 
f 2721//352 2607//249 2606//249 2720//652 
f 2722//243 2608//249 2607//249 2721//352 
f 2723//226 2609//229 2608//249 2722//243 
f 2724//177 2610//247 2609//229 2723//226 
f 2725//107 2611//231 2610//247 2724//177 
f 2726//231 2612//411 2611//231 2725//107 
f 2727//246 2613//305 2612//411 2726//231 
f 2728//120 2614//464 2613//305 2727//246 
f 2729//354 2615//238 2614//464 2728//120 
f 2730//231 2616//121 2615//238 2729//354 
f 2731//307 2617//410 2616//121 2730//231 
f 2732//107 2618//107 2617//410 2731//307 
f 2733//107 2619//107 2618//107 2732//107 
f 2734//307 2620//307 2619//107 2733//107 
f 2735//233 2621//902 2620//307 2734//307 
f 2736//233 2622//59 2621//902 2735//233 
f 2737//92 2623//159 2624//94 2738//100 
f 2739//120 2625//302 2623//159 2737//92 
f 2740//180 2626//120 2625//302 2739//120 
f 2741//247 2627//120 2626//120 2740//180 
f 2742//354 2628//120 2627//120 2741//247 
f 2743//464 2629//147 2628//120 2742//354 
f 2744//238 2630//120 2629//147 2743//464 
f 2745//121 2631//162 2630//120 2744//238 
f 2746//917 2632//178 2631//162 2745//121 
f 2747//571 2633//231 2632//178 2746//917 
f 2748//173 2634//757 2633//231 2747//571 
f 2749//918 2635//232 2634//757 2748//173 
f 2750//918 2636//903 2635//232 2749//918 
f 2751//919 2637//359 2636//903 2750//918 
f 2752//920 2638//402 2637//359 2751//919 
f 2753//224 2639//402 2638//402 2752//920 
f 2754//741 2640//715 2639//402 2753//224 
f 2755//921 2641//904 2640//715 2754//741 
f 2756//922 2642//361 2641//904 2755//921 
f 2757//358 2643//462 2642//361 2756//922 
f 2758//309 2644//242 2643//462 2757//358 
f 2759//121 2645//152 2644//242 2758//309 
f 2760//574 2646//100 2645//152 2759//121 
f 2761//96 2647//288 2646//100 2760//574 
f 2762//547 2648//119 2647//288 2761//96 
f 2763//923 2649//460 2648//119 2762//547 
f 2764//243 2650//161 2649//460 2763//923 
f 2765//162 2651//238 2650//161 2764//243 
f 2766//120 2652//288 2651//238 2765//162 
f 2767//354 2653//237 2652//288 2766//120 
f 2768//226 2654//401 2653//237 2767//354 
f 2769//711 2655//905 2654//401 2768//226 
f 2770//924 2656//592 2655//905 2769//711 
f 2771//924 2657//404 2656//592 2770//924 
f 2772//218 2658//906 2657//404 2771//924 
f 2773//925 2659//907 2658//906 2772//218 
f 2774//827 2660//316 2659//907 2773//925 
f 2775//907 2661//908 2660//316 2774//827 
f 2776//926 2662//906 2661//908 2775//907 
f 2777//53 2663//909 2662//906 2776//926 
f 2778//927 2664//910 2663//909 2777//53 
f 2779//928 2665//305 2664//910 2778//927 
f 2780//929 2666//464 2665//305 2779//928 
f 2781//85 2667//305 2666//464 2780//929 
f 2782//153 2668//444 2667//305 2781//85 
f 2783//930 2669//911 2668//444 2782//153 
f 2784//931 2670//912 2669//911 2783//930 
f 2785//932 2671//913 2670//912 2784//931 
f 2786//933 2672//914 2671//913 2785//932 
f 2787//934 2673//915 2672//914 2786//933 
f 2788//935 2674//503 2673//915 2787//934 
f 2789//608 2675//180 2674//503 2788//935 
f 2790//608 2676//123 2675//180 2789//608 
f 2791//123 2677//248 2676//123 2790//608 
f 2792//178 2678//537 2677//248 2791//123 
f 2793//412 2679//447 2678//537 2792//178 
f 2794//354 2680//176 2679//447 2793//412 
f 2795//120 2681//308 2680//176 2794//354 
f 2796//147 2682//107 2681//308 2795//120 
f 2797//147 2683//107 2682//107 2796//147 
f 2798//246 2684//231 2683//107 2797//147 
f 2799//410 2685//246 2684//231 2798//246 
f 2800//178 2686//147 2685//246 2799//410 
f 2801//147 2687//147 2686//147 2800//178 
f 2802//120 2688//464 2687//147 2801//147 
f 2803//162 2689//238 2688//464 2802//120 
f 2804//464 2690//92 2689//238 2803//162 
f 2805//166 2691//152 2690//92 2804//464 
f 2806//607 2692//306 2691//152 2805//166 
f 2807//444 2693//89 2692//306 2806//607 
f 2808//305 2694//166 2693//89 2807//444 
f 2809//464 2695//98 2694//166 2808//305 
f 2810//356 2696//92 2695//98 2809//464 
f 2811//98 2697//92 2696//92 2810//356 
f 2812//341 2698//92 2697//92 2811//98 
f 2813//147 2699//92 2698//92 2812//341 
f 2814//341 2700//279 2699//92 2813//147 
f 2815//98 2701//280 2700//279 2814//341 
f 2816//279 2702//280 2701//280 2815//98 
f 2817//306 2703//279 2702//280 2816//279 
f 2818//89 2704//98 2703//279 2817//306 
f 2819//99 2705//341 2704//98 2818//89 
f 2820//147 2706//178 2705//341 2819//99 
f 2821//464 2707//180 2706//178 2820//147 
f 2822//238 2708//410 2707//180 2821//464 
f 2823//93 2709//240 2708//410 2822//238 
f 2824//237 2710//148 2709//240 2823//93 
f 2825//95 2711//238 2710//148 2824//237 
f 2826//444 2712//178 2711//238 2825//95 
f 2827//901 2713//232 2712//178 2826//444 
f 2828//936 2714//572 2713//232 2827//901 
f 2829//567 2715//569 2714//572 2828//936 
f 2830//819 2716//231 2715//569 2829//567 
f 2831//249 2717//356 2716//231 2830//819 
f 2832//52 2718//237 2717//356 2831//249 
f 2833//683 2719//916 2718//237 2832//52 
f 2834//683 2720//652 2719//916 2833//683 
f 2835//498 2721//352 2720//652 2834//683 
f 2836//148 2722//243 2721//352 2835//498 
f 2837//230 2723//226 2722//243 2836//148 
f 2838//120 2724//177 2723//226 2837//230 
f 2839//147 2725//107 2724//177 2838//120 
f 2840//147 2726//231 2725//107 2839//147 
f 2841//147 2727//246 2726//231 2840//147 
f 2842//410 2728//120 2727//246 2841//147 
f 2843//608 2729//354 2728//120 2842//410 
f 2844//680 2730//231 2729//354 2843//608 
f 2845//107 2731//307 2730//231 2844//680 
f 2846//178 2732//107 2731//307 2845//107 
f 2847//246 2733//107 2732//107 2846//178 
f 2848//248 2734//307 2733//107 2847//246 
f 2849//248 2735//233 2734//307 2848//248 
f 2850//123 2736//233 2735//233 2849//248 
f 2851//305 2737//92 2738//100 2852//61 
f 2853//464 2739//120 2737//92 2851//305 
f 2854//356 2740//180 2739//120 2853//464 
f 2855//238 2741//247 2740//180 2854//356 
f 2856//230 2742//354 2741//247 2855//238 
f 2857//120 2743//464 2742//354 2856//230 
f 2858//354 2744//238 2743//464 2857//120 
f 2859//307 2745//121 2744//238 2858//354 
f 2860//937 2746//917 2745//121 2859//307 
f 2861//938 2747//571 2746//917 2860//937 
f 2862//721 2748//173 2747//571 2861//938 
f 2863//175 2749//918 2748//173 2862//721 
f 2864//59 2750//918 2749//918 2863//175 
f 2865//109 2751//919 2750//918 2864//59 
f 2866//508 2752//920 2751//919 2865//109 
f 2867//353 2753//224 2752//920 2866//508 
f 2868//121 2754//741 2753//224 2867//353 
f 2869//864 2755//921 2754//741 2868//121 
f 2870//924 2756//922 2755//921 2869//864 
f 2871//182 2757//358 2756//922 2870//924 
f 2872//646 2758//309 2757//358 2871//182 
f 2873//53 2759//121 2758//309 2872//646 
f 2874//410 2760//574 2759//121 2873//53 
f 2875//410 2761//96 2760//574 2874//410 
f 2876//177 2762//547 2761//96 2875//410 
f 2877//463 2763//923 2762//547 2876//177 
f 2878//227 2764//243 2763//923 2877//463 
f 2879//361 2765//162 2764//243 2878//227 
f 2880//178 2766//120 2765//162 2879//361 
f 2881//180 2767//354 2766//120 2880//178 
f 2882//407 2768//226 2767//354 2881//180 
f 2883//290 2769//711 2768//226 2882//407 
f 2884//939 2770//924 2769//711 2883//290 
f 2885//940 2771//924 2770//924 2884//939 
f 2886//761 2772//218 2771//924 2885//940 
f 2887//941 2773//925 2772//218 2886//761 
f 2888//942 2774//827 2773//925 2887//941 
f 2889//943 2775//907 2774//827 2888//942 
f 2890//187 2776//926 2775//907 2889//943 
f 2891//944 2777//53 2776//926 2890//187 
f 2892//727 2778//927 2777//53 2891//944 
f 2893//450 2779//928 2778//927 2892//727 
f 2894//945 2780//929 2779//928 2893//450 
f 2895//946 2781//85 2780//929 2894//945 
f 2896//755 2782//153 2781//85 2895//946 
f 2897//947 2783//930 2782//153 2896//755 
f 2898//948 2784//931 2783//930 2897//947 
f 2899//949 2785//932 2784//931 2898//948 
f 2900//950 2786//933 2785//932 2899//949 
f 2901//951 2787//934 2786//933 2900//950 
f 2902//952 2788//935 2787//934 2901//951 
f 2903//953 2789//608 2788//935 2902//952 
f 2904//954 2790//608 2789//608 2903//953 
f 2905//464 2791//123 2790//608 2904//954 
f 2906//356 2792//178 2791//123 2905//464 
f 2907//148 2793//412 2792//178 2906//356 
f 2908//159 2794//354 2793//412 2907//148 
f 2909//148 2795//120 2794//354 2908//159 
f 2910//98 2796//147 2795//120 2909//148 
f 2911//341 2797//147 2796//147 2910//98 
f 2912//305 2798//246 2797//147 2911//341 
f 2913//147 2799//410 2798//246 2912//305 
f 2914//120 2800//178 2799//410 2913//147 
f 2915//464 2801//147 2800//178 2914//120 
f 2916//121 2802//120 2801//147 2915//464 
f 2917//230 2803//162 2802//120 2916//121 
f 2918//178 2804//464 2803//162 2917//230 
f 2919//248 2805//166 2804//464 2918//178 
f 2920//445 2806//607 2805//166 2919//248 
f 2921//755 2807//444 2806//607 2920//445 
f 2922//147 2808//305 2807//444 2921//755 
f 2923//238 2809//464 2808//305 2922//147 
f 2924//148 2810//356 2809//464 2923//238 
f 2925//211 2811//98 2810//356 2924//148 
f 2926//99 2812//341 2811//98 2925//211 
f 2927//246 2813//147 2812//341 2926//99 
f 2928//231 2814//341 2813//147 2927//246 
f 2929//107 2815//98 2814//341 2928//231 
f 2930//231 2816//279 2815//98 2929//107 
f 2931//411 2817//306 2816//279 2930//231 
f 2932//444 2818//89 2817//306 2931//411 
f 2933//61 2819//99 2818//89 2932//444 
f 2934//147 2820//147 2819//99 2933//61 
f 2935//230 2821//464 2820//147 2934//147 
f 2936//239 2822//238 2821//464 2935//230 
f 2937//230 2823//93 2822//238 2936//239 
f 2938//354 2824//237 2823//93 2937//230 
f 2939//917 2825//95 2824//237 2938//354 
f 2940//955 2826//444 2825//95 2939//917 
f 2941//956 2827//901 2826//444 2940//955 
f 2942//957 2828//936 2827//901 2941//956 
f 2943//760 2829//567 2828//936 2942//957 
f 2944//958 2830//819 2829//567 2943//760 
f 2945//959 2831//249 2830//819 2944//958 
f 2946//960 2832//52 2831//249 2945//959 
f 2947//591 2833//683 2832//52 2946//960 
f 2948//961 2834//683 2833//683 2947//591 
f 2949//536 2835//498 2834//683 2948//961 
f 2950//210 2836//148 2835//498 2949//536 
f 2951//92 2837//230 2836//148 2950//210 
f 2952//464 2838//120 2837//230 2951//92 
f 2953//147 2839//147 2838//120 2952//464 
f 2954//246 2840//147 2839//147 2953//147 
f 2955//231 2841//147 2840//147 2954//246 
f 2956//307 2842//410 2841//147 2955//231 
f 2957//307 2843//608 2842//410 2956//307 
f 2958//543 2844//680 2843//608 2957//307 
f 2959//225 2845//107 2844//680 2958//543 
f 2960//300 2846//178 2845//107 2959//225 
f 2961//112 2847//246 2846//178 2960//300 
f 2962//59 2848//248 2847//246 2961//112 
f 2963//178 2849//248 2848//248 2962//59 
f 2964//121 2850//123 2849//248 2963//178 
f 2965//962 2851//305 2852//61 2966//963 
f 2967//741 2853//464 2851//305 2965//962 
f 2968//964 2854//356 2853//464 2967//741 
f 2969//864 2855//238 2854//356 2968//964 
f 2970//180 2856//230 2855//238 2969//864 
f 2971//177 2857//120 2856//230 2970//180 
f 2972//177 2858//354 2857//120 2971//177 
f 2973//233 2859//307 2858//354 2972//177 
f 2974//128 2860//937 2859//307 2973//233 
f 2975//754 2861//938 2860//937 2974//128 
f 2976//61 2862//721 2861//938 2975//754 
f 2977//92 2863//175 2862//721 2976//61 
f 2978//163 2864//59 2863//175 2977//92 
f 2979//581 2865//109 2864//59 2978//163 
f 2980//395 2866//508 2865//109 2979//581 
f 2981//498 2867//353 2866//508 2980//395 
f 2982//97 2868//121 2867//353 2981//498 
f 2983//166 2869//864 2868//121 2982//97 
f 2984//864 2870//924 2869//864 2983//166 
f 2985//182 2871//182 2870//924 2984//864 
f 2986//965 2872//646 2871//182 2985//182 
f 2987//921 2873//53 2872//646 2986//965 
f 2988//360 2874//410 2873//53 2987//921 
f 2989//57 2875//410 2874//410 2988//360 
f 2990//57 2876//177 2875//410 2989//57 
f 2991//506 2877//463 2876//177 2990//57 
f 2992//251 2878//227 2877//463 2991//506 
f 2993//921 2879//361 2878//227 2992//251 
f 2994//114 2880//178 2879//361 2993//921 
f 2995//57 2881//180 2880//178 2994//114 
f 2996//506 2882//407 2881//180 2995//57 
f 2997//924 2883//290 2882//407 2996//506 
f 2998//463 2884//939 2883//290 2997//924 
f 2999//182 2885//940 2884//939 2998//463 
f 3000//966 2886//761 2885//940 2999//182 
f 3001//967 2887//941 2886//761 3000//966 
f 3002//968 2888//942 2887//941 3001//967 
f 3003//969 2889//943 2888//942 3002//968 
f 3004//970 2890//187 2889//943 3003//969 
f 3005//971 2891//944 2890//187 3004//970 
f 3006//972 2892//727 2891//944 3005//971 
f 3007//973 2893//450 2892//727 3006//972 
f 3008//974 2894//945 2893//450 3007//973 
f 3009//975 2895//946 2894//945 3008//974 
f 3010//531 2896//755 2895//946 3009//975 
f 3011//779 2897//947 2896//755 3010//531 
f 3012//241 2898//948 2897//947 3011//779 
f 3013//976 2899//949 2898//948 3012//241 
f 3014//977 2900//950 2899//949 3013//976 
f 3015//978 2901//951 2900//950 3014//977 
f 3016//979 2902//952 2901//951 3015//978 
f 3017//980 2903//953 2902//952 3016//979 
f 3018//981 2904//954 2903//953 3017//980 
f 3019//982 2905//464 2904//954 3018//981 
f 3020//983 2906//356 2905//464 3019//982 
f 3021//149 2907//148 2906//356 3020//983 
f 3022//93 2908//159 2907//148 3021//149 
f 3023//93 2909//148 2908//159 3022//93 
f 3024//574 2910//98 2909//148 3023//93 
f 3025//278 2911//341 2910//98 3024//574 
f 3026//278 2912//305 2911//341 3025//278 
f 3027//574 2913//147 2912//305 3026//278 
f 3028//288 2914//120 2913//147 3027//574 
f 3029//148 2915//464 2914//120 3028//288 
f 3030//148 2916//121 2915//464 3029//148 
f 3031//356 2917//230 2916//121 3030//148 
f 3032//341 2918//178 2917//230 3031//356 
f 3033//61 2919//248 2918//178 3032//341 
f 3034//444 2920//445 2919//248 3033//61 
f 3035//61 2921//755 2920//445 3034//444 
f 3036//230 2922//147 2921//755 3035//61 
f 3037//239 2923//238 2922//147 3036//230 
f 3038//464 2924//148 2923//238 3037//239 
f 3039//61 2925//211 2924//148 3038//464 
f 3040//61 2926//99 2925//211 3039//61 
f 3041//411 2927//246 2926//99 3040//61 
f 3042//248 2928//231 2927//246 3041//411 
f 3043//107 2929//107 2928//231 3042//248 
f 3044//107 2930//231 2929//107 3043//107 
f 3045//231 2931//411 2930//231 3044//107 
f 3046//179 2932//444 2931//411 3045//231 
f 3047//61 2933//61 2932//444 3046//179 
f 3048//147 2934//147 2933//61 3047//61 
f 3049//354 2935//230 2934//147 3048//147 
f 3050//247 2936//239 2935//230 3049//354 
f 3051//308 2937//230 2936//239 3050//247 
f 3052//57 2938//354 2937//230 3051//308 
f 3053//984 2939//917 2938//354 3052//57 
f 3054//985 2940//955 2939//917 3053//984 
f 3055//986 2941//956 2940//955 3054//985 
f 3056//444 2942//957 2941//956 3055//986 
f 3057//927 2943//760 2942//957 3056//444 
f 3058//987 2944//958 2943//760 3057//927 
f 3059//988 2945//959 2944//958 3058//987 
f 3060//989 2946//960 2945//959 3059//988 
f 3061//52 2947//591 2946//960 3060//989 
f 3062//148 2948//961 2947//591 3061//52 
f 3063//240 2949//536 2948//961 3062//148 
f 3064//408 2950//210 2949//536 3063//240 
f 3065//211 2951//92 2950//210 3064//408 
f 3066//341 2952//464 2951//92 3065//211 
f 3067//246 2953//147 2952//464 3066//341 
f 3068//248 2954//246 2953//147 3067//246 
f 3069//307 2955//231 2954//246 3068//248 
f 3070//307 2956//307 2955//231 3069//307 
f 3071//307 2957//307 2956//307 3070//307 
f 3072//307 2958//543 2957//307 3071//307 
f 3073//543 2959//225 2958//543 3072//307 
f 3074//57 2960//300 2959//225 3073//543 
f 3075//842 2961//112 2960//300 3074//57 
f 3076//403 2962//59 2961//112 3075//842 
f 3077//243 2963//178 2962//59 3076//403 
f 3078//161 2964//121 2963//178 3077//243 
f 3079//990 2965//962 2966//963 3080//991 
f 3081//992 2967//741 2965//962 3079//990 
f 3082//993 2968//964 2967//741 3081//992 
f 3083//994 2969//864 2968//964 3082//993 
f 3084//995 2970//180 2969//864 3083//994 
f 3085//996 2971//177 2970//180 3084//995 
f 3086//643 2972//177 2971//177 3085//996 
f 3087//411 2973//233 2972//177 3086//643 
f 3088//495 2974//128 2973//233 3087//411 
f 3089//607 2975//754 2974//128 3088//495 
f 3090//98 2976//61 2975//754 3089//607 
f 3091//148 2977//92 2976//61 3090//98 
f 3092//159 2978//163 2977//92 3091//148 
f 3093//148 2979//581 2978//163 3092//159 
f 3094//356 2980//395 2979//581 3093//148 
f 3095//464 2981//498 2980//395 3094//356 
f 3096//341 2982//97 2981//498 3095//464 
f 3097//211 2983//166 2982//97 3096//341 
f 3098//166 2984//864 2983//166 3097//211 
f 3099//997 2985//182 2984//864 3098//166 
f 3100//182 2986//965 2985//182 3099//997 
f 3101//619 2987//921 2986//965 3100//182 
f 3102//360 2988//360 2987//921 3101//619 
f 3103//718 2989//57 2988//360 3102//360 
f 3104//402 2990//57 2989//57 3103//718 
f 3105//998 2991//506 2990//57 3104//402 
f 3106//311 2992//251 2991//506 3105//998 
f 3107//596 2993//921 2992//251 3106//311 
f 3108//999 2994//114 2993//921 3107//596 
f 3109//348 2995//57 2994//114 3108//999 
f 3110//1000 2996//506 2995//57 3109//348 
f 3111//1001 2997//924 2996//506 3110//1000 
f 3112//578 2998//463 2997//924 3111//1001 
f 3113//1002 2999//182 2998//463 3112//578 
f 3114//1003 3000//966 2999//182 3113//1002 
f 3115//1004 3001//967 3000//966 3114//1003 
f 3116//1005 3002//968 3001//967 3115//1004 
f 3117//1006 3003//969 3002//968 3116//1005 
f 3118//1007 3004//970 3003//969 3117//1006 
f 3119//1008 3005//971 3004//970 3118//1007 
f 3120//1009 3006//972 3005//971 3119//1008 
f 3121//1010 3007//973 3006//972 3120//1009 
f 3122//1011 3008//974 3007//973 3121//1010 
f 3123//391 3009//975 3008//974 3122//1011 
f 3124//1012 3010//531 3009//975 3123//391 
f 3125//100 3011//779 3010//531 3124//1012 
f 3126//582 3012//241 3011//779 3125//100 
f 3127//397 3013//976 3012//241 3126//582 
f 3128//1013 3014//977 3013//976 3127//397 
f 3129//1014 3015//978 3014//977 3128//1013 
f 3130//1015 3016//979 3015//978 3129//1014 
f 3131//1016 3017//980 3016//979 3130//1015 
f 3132//1017 3018//981 3017//980 3131//1016 
f 3133//1018 3019//982 3018//981 3132//1017 
f 3134//274 3020//983 3019//982 3133//1018 
f 3135//639 3021//149 3020//983 3134//274 
f 3136//96 3022//93 3021//149 3135//639 
f 3137//93 3023//93 3022//93 3136//96 
f 3138//288 3024//574 3023//93 3137//93 
f 3139//1019 3025//278 3024//574 3138//288 
f 3140//151 3026//278 3025//278 3139//1019 
f 3141//152 3027//574 3026//278 3140//151 
f 3142//98 3028//288 3027//574 3141//152 
f 3143//147 3029//148 3028//288 3142//98 
f 3144//412 3030//148 3029//148 3143//147 
f 3145//178 3031//356 3030//148 3144//412 
f 3146//305 3032//341 3031//356 3145//178 
f 3147//61 3033//61 3032//341 3146//305 
f 3148//444 3034//444 3033//61 3147//61 
f 3149//61 3035//61 3034//444 3148//444 
f 3150//354 3036//230 3035//61 3149//61 
f 3151//301 3037//239 3036//230 3150//354 
f 3152//178 3038//464 3037//239 3151//301 
f 3153//61 3039//61 3038//464 3152//178 
f 3154//179 3040//61 3039//61 3153//61 
f 3155//122 3041//411 3040//61 3154//179 
f 3156//411 3042//248 3041//411 3155//122 
f 3157//147 3043//107 3042//248 3156//411 
f 3158//147 3044//107 3043//107 3157//147 
f 3159//246 3045//231 3044//107 3158//147 
f 3160//122 3046//179 3045//231 3159//246 
f 3161//411 3047//61 3046//179 3160//122 
f 3162//246 3048//147 3047//61 3161//411 
f 3163//107 3049//354 3048//147 3162//246 
f 3164//176 3050//247 3049//354 3163//107 
f 3165//842 3051//308 3050//247 3164//176 
f 3166//173 3052//57 3051//308 3165//842 
f 3167//1020 3053//984 3052//57 3166//173 
f 3168//1021 3054//985 3053//984 3167//1020 
f 3169//571 3055//986 3054//985 3168//1021 
f 3170//508 3056//444 3055//986 3169//571 
f 3171//1022 3057//927 3056//444 3170//508 
f 3172//1023 3058//987 3057//927 3171//1022 
f 3173//1024 3059//988 3058//987 3172//1023 
f 3174//1025 3060//989 3059//988 3173//1024 
f 3175//120 3061//52 3060//989 3174//1025 
f 3176//543 3062//148 3061//52 3175//120 
f 3177//308 3063//240 3062//148 3176//543 
f 3178//1026 3064//408 3063//240 3177//308 
f 3179//411 3065//211 3064//408 3178//1026 
f 3180//305 3066//341 3065//211 3179//411 
f 3181//411 3067//246 3066//341 3180//305 
f 3182//122 3068//248 3067//246 3181//411 
f 3183//123 3069//307 3068//248 3182//122 
f 3184//248 3070//307 3069//307 3183//123 
f 3185//307 3071//307 3070//307 3184//248 
f 3186//231 3072//307 3071//307 3185//307 
f 3187//246 3073//543 3072//307 3186//231 
f 3188//305 3074//57 3073//543 3187//246 
f 3189//147 3075//842 3074//57 3188//305 
f 3190//243 3076//403 3075//842 3189//147 
f 3191//229 3077//243 3076//403 3190//243 
f 3192//53 3078//161 3077//243 3191//229 
f 3193//1027 3079//990 3080//991 3194//1028 
f 3195//1029 3081//992 3079//990 3193//1027 
f 3196//1030 3082//993 3081//992 3195//1029 
f 3197//1031 3083//994 3082//993 3196//1030 
f 3198//1032 3084//995 3083//994 3197//1031 
f 3199//1033 3085//996 3084//995 3198//1032 
f 3200//1034 3086//643 3085//996 3199//1033 
f 3201//114 3087//411 3086//643 3200//1034 
f 3202//445 3088//495 3087//411 3201//114 
f 3203//411 3089//607 3088//495 3202//445 
f 3204//147 3090//98 3089//607 3203//411 
f 3205//178 3091//148 3090//98 3204//147 
f 3206//247 3092//159 3091//148 3205//178 
f 3207//177 3093//148 3092//159 3206//247 
f 3208//180 3094//356 3093//148 3207//177 
f 3209//120 3095//464 3094//356 3208//180 
f 3210//356 3096//341 3095//464 3209//120 
f 3211//97 3097//211 3096//341 3210//356 
f 3212//280 3098//166 3097//211 3211//97 
f 3213//163 3099//997 3098//166 3212//280 
f 3214//52 3100//182 3099//997 3213//163 
f 3215//159 3101//619 3100//182 3214//52 
f 3216//503 3102//360 3101//619 3215//159 
f 3217//569 3103//718 3102//360 3216//503 
f 3218//688 3104//402 3103//718 3217//569 
f 3219//1035 3105//998 3104//402 3218//688 
f 3220//1036 3106//311 3105//998 3219//1035 
f 3221//292 3107//596 3106//311 3220//1036 
f 3222//1035 3108//999 3107//596 3221//292 
f 3223//171 3109//348 3108//999 3222//1035 
f 3224//579 3110//1000 3109//348 3223//171 
f 3225//1037 3111//1001 3110//1000 3224//579 
f 3226//351 3112//578 3111//1001 3225//1037 
f 3227//1038 3113//1002 3112//578 3226//351 
f 3228//1039 3114//1003 3113//1002 3227//1038 
f 3229//1003 3115//1004 3114//1003 3228//1039 
f 3230//1040 3116//1005 3115//1004 3229//1003 
f 3231//1000 3117//1006 3116//1005 3230//1040 
f 3232//1041 3118//1007 3117//1006 3231//1000 
f 3233//1042 3119//1008 3118//1007 3232//1041 
f 3234//1043 3120//1009 3119//1008 3233//1042 
f 3235//1044 3121//1010 3120//1009 3234//1043 
f 3236//1045 3122//1011 3121//1010 3235//1044 
f 3237//1046 3123//391 3122//1011 3236//1045 
f 3238//1047 3124//1012 3123//391 3237//1046 
f 3239//152 3125//100 3124//1012 3238//1047 
f 3240//230 3126//582 3125//100 3239//152 
f 3241//53 3127//397 3126//582 3240//230 
f 3242//1048 3128//1013 3127//397 3241//53 
f 3243//1049 3129//1014 3128//1013 3242//1048 
f 3244//1050 3130//1015 3129//1014 3243//1049 
f 3245//1051 3131//1016 3130//1015 3244//1050 
f 3246//1052 3132//1017 3131//1016 3245//1051 
f 3247//1053 3133//1018 3132//1017 3246//1052 
f 3248//1054 3134//274 3133//1018 3247//1053 
f 3249//1055 3135//639 3134//274 3248//1054 
f 3250//400 3136//96 3135//639 3249//1055 
f 3251//156 3137//93 3136//96 3250//400 
f 3252//281 3138//288 3137//93 3251//156 
f 3253//305 3139//1019 3138//288 3252//281 
f 3254//122 3140//151 3139//1019 3253//305 
f 3255//122 3141//152 3140//151 3254//122 
f 3256//248 3142//98 3141//152 3255//122 
f 3257//307 3143//147 3142//98 3256//248 
f 3258//177 3144//412 3143//147 3257//307 
f 3259//247 3145//178 3144//412 3258//177 
f 3260//123 3146//305 3145//178 3259//247 
f 3261//122 3147//61 3146//305 3260//123 
f 3262//61 3148//444 3147//61 3261//122 
f 3263//211 3149//61 3148//444 3262//61 
f 3264//356 3150//354 3149//61 3263//211 
f 3265//230 3151//301 3150//354 3264//356 
f 3266//178 3152//178 3151//301 3265//230 
f 3267//122 3153//61 3152//178 3266//178 
f 3268//532 3154//179 3153//61 3267//122 
f 3269//122 3155//122 3154//179 3268//532 
f 3270//147 3156//411 3155//122 3269//122 
f 3271//356 3157//147 3156//411 3270//147 
f 3272//98 3158//147 3157//147 3271//356 
f 3273//61 3159//246 3158//147 3272//98 
f 3274//755 3160//122 3159//246 3273//61 
f 3275//307 3161//411 3160//122 3274//755 
f 3276//307 3162//246 3161//411 3275//307 
f 3277//307 3163//107 3162//246 3276//307 
f 3278//543 3164//176 3163//107 3277//307 
f 3279//245 3165//842 3164//176 3278//543 
f 3280//530 3166//173 3165//842 3279//245 
f 3281//125 3167//1020 3166//173 3280//530 
f 3282//531 3168//1021 3167//1020 3281//125 
f 3283//864 3169//571 3168//1021 3282//531 
f 3284//1056 3170//508 3169//571 3283//864 
f 3285//886 3171//1022 3170//508 3284//1056 
f 3286//1057 3172//1023 3171//1022 3285//886 
f 3287//461 3173//1024 3172//1023 3286//1057 
f 3288//508 3174//1025 3173//1024 3287//461 
f 3289//233 3175//120 3174//1025 3288//508 
f 3290//59 3176//543 3175//120 3289//233 
f 3291//55 3177//308 3176//543 3290//59 
f 3292//176 3178//1026 3177//308 3291//55 
f 3293//608 3179//411 3178//1026 3292//176 
f 3294//410 3180//305 3179//411 3293//608 
f 3295//99 3181//411 3180//305 3294//410 
f 3296//211 3182//122 3181//411 3295//99 
f 3297//211 3183//123 3182//122 3296//211 
f 3298//607 3184//248 3183//123 3297//211 
f 3299//305 3185//307 3184//248 3298//607 
f 3300//147 3186//231 3185//307 3299//305 
f 3301//464 3187//246 3186//231 3300//147 
f 3302//92 3188//305 3187//246 3301//464 
f 3303//97 3189//147 3188//305 3302//92 
f 3304//230 3190//243 3189//147 3303//97 
f 3305//226 3191//229 3190//243 3304//230 
f 3306//407 3192//53 3191//229 3305//226 
f 3307//1058 3193//1027 3194//1028 3308//1059 
f 3309//1060 3195//1029 3193//1027 3307//1058 
f 3310//1061 3196//1030 3195//1029 3309//1060 
f 3311//1062 3197//1031 3196//1030 3310//1061 
f 3312//1063 3198//1032 3197//1031 3311//1062 
f 3313//1064 3199//1033 3198//1032 3312//1063 
f 3314//477 3200//1034 3199//1033 3313//1064 
f 3315//1065 3201//114 3200//1034 3314//477 
f 3316//1066 3202//445 3201//114 3315//1065 
f 3317//842 3203//411 3202//445 3316//1066 
f 3318//57 3204//147 3203//411 3317//842 
f 3319//57 3205//178 3204//147 3318//57 
f 3320//360 3206//247 3205//178 3319//57 
f 3321//1067 3207//177 3206//247 3320//360 
f 3322//506 3208//180 3207//177 3321//1067 
f 3323//290 3209//120 3208//180 3322//506 
f 3324//162 3210//356 3209//120 3323//290 
f 3325//148 3211//97 3210//356 3324//162 
f 3326//536 3212//280 3211//97 3325//148 
f 3327//1068 3213//163 3212//280 3326//536 
f 3328//588 3214//52 3213//163 3327//1068 
f 3329//1069 3215//159 3214//52 3328//588 
f 3330//1070 3216//503 3215//159 3329//1069 
f 3331//1071 3217//569 3216//503 3330//1070 
f 3332//496 3218//688 3217//569 3331//1071 
f 3333//1072 3219//1035 3218//688 3332//496 
f 3334//309 3220//1036 3219//1035 3333//1072 
f 3335//447 3221//292 3220//1036 3334//309 
f 3336//57 3222//1035 3221//292 3335//447 
f 3337//360 3223//171 3222//1035 3336//57 
f 3338//1073 3224//579 3223//171 3337//360 
f 3339//1074 3225//1037 3224//579 3338//1073 
f 3340//227 3226//351 3225//1037 3339//1074 
f 3341//361 3227//1038 3226//351 3340//227 
f 3342//409 3228//1039 3227//1038 3341//361 
f 3343//1075 3229//1003 3228//1039 3342//409 
f 3344//293 3230//1040 3229//1003 3343//1075 
f 3345//1076 3231//1000 3230//1040 3344//293 
f 3346//1077 3232//1041 3231//1000 3345//1076 
f 3347//1078 3233//1042 3232//1041 3346//1077 
f 3348//1079 3234//1043 3233//1042 3347//1078 
f 3349//1080 3235//1044 3234//1043 3348//1079 
f 3350//1081 3236//1045 3235//1044 3349//1080 
f 3351//1082 3237//1046 3236//1045 3350//1081 
f 3352//1083 3238//1047 3237//1046 3351//1082 
f 3353//167 3239//152 3238//1047 3352//1083 
f 3354//110 3240//230 3239//152 3353//167 
f 3355//577 3241//53 3240//230 3354//110 
f 3356//1084 3242//1048 3241//53 3355//577 
f 3357//1085 3243//1049 3242//1048 3356//1084 
f 3358//1086 3244//1050 3243//1049 3357//1085 
f 3359//1087 3245//1051 3244//1050 3358//1086 
f 3360//1088 3246//1052 3245//1051 3359//1087 
f 3361//1089 3247//1053 3246//1052 3360//1088 
f 3362//1090 3248//1054 3247//1053 3361//1089 
f 3363//1091 3249//1055 3248//1054 3362//1090 
f 3364//1092 3250//400 3249//1055 3363//1091 
f 3365//153 3251//156 3250//400 3364//1092 
f 3366//241 3252//281 3251//156 3365//153 
f 3367//444 3253//305 3252//281 3366//241 
f 3368//755 3254//122 3253//305 3367//444 
f 3369//233 3255//122 3254//122 3368//755 
f 3370//233 3256//248 3255//122 3369//233 
f 3371//307 3257//307 3256//248 3370//233 
f 3372//177 3258//177 3257//307 3371//307 
f 3373//407 3259//247 3258//177 3372//177 
f 3374//231 3260//123 3259//247 3373//407 
f 3375//411 3261//122 3260//123 3374//231 
f 3376//341 3262//61 3261//122 3375//411 
f 3377//92 3263//211 3262//61 3376//341 
f 3378//95 3264//356 3263//211 3377//92 
f 3379//92 3265//230 3264//356 3378//95 
f 3380//305 3266//178 3265//230 3379//92 
f 3381//122 3267//122 3266//178 3380//305 
f 3382//179 3268//532 3267//122 3381//122 
f 3383//61 3269//122 3268//532 3382//179 
f 3384//120 3270//147 3269//122 3383//61 
f 3385//120 3271//356 3270//147 3384//120 
f 3386//305 3272//98 3271//356 3385//120 
f 3387//444 3273//61 3272//98 3386//305 
f 3388//286 3274//755 3273//61 3387//444 
f 3389//248 3275//307 3274//755 3388//286 
f 3390//231 3276//307 3275//307 3389//248 
f 3391//123 3277//307 3276//307 3390//231 
f 3392//248 3278//543 3277//307 3391//123 
f 3393//248 3279//245 3278//543 3392//248 
f 3394//179 3280//530 3279//245 3393//248 
f 3395//496 3281//125 3280//530 3394//179 
f 3396//140 3282//531 3281//125 3395//496 
f 3397//1093 3283//864 3282//531 3396//140 
f 3398//1094 3284//1056 3283//864 3397//1093 
f 3399//865 3285//886 3284//1056 3398//1094 
f 3400//466 3286//1057 3285//886 3399//865 
f 3401//819 3287//461 3286//1057 3400//466 
f 3402//225 3288//508 3287//461 3401//819 
f 3403//233 3289//233 3288//508 3402//225 
f 3404//123 3290//59 3289//233 3403//233 
f 3405//180 3291//55 3290//59 3404//123 
f 3406//107 3292//176 3291//55 3405//180 
f 3407//177 3293//608 3292//176 3406//107 
f 3408//177 3294//410 3293//608 3407//177 
f 3409//410 3295//99 3294//410 3408//177 
f 3410//341 3296//211 3295//99 3409//410 
f 3411//212 3297//211 3296//211 3410//341 
f 3412//1095 3298//607 3297//211 3411//212 
f 3413//99 3299//305 3298//607 3412//1095 
f 3414//147 3300//147 3299//305 3413//99 
f 3415//230 3301//464 3300//147 3414//147 
f 3416//238 3302//92 3301//464 3415//230 
f 3417//140 3303//97 3302//92 3416//238 
f 3418//166 3304//230 3303//97 3417//140 
f 3419//354 3305//226 3304//230 3418//166 
f 3420//53 3306//407 3305//226 3419//354 
f 3421//1096 3307//1058 3308//1059 3422//800 
f 3423//1096 3309//1060 3307//1058 3421//1096 
f 3424//840 3310//1061 3309//1060 3423//1096 
f 3425//1097 3311//1062 3310//1061 3424//840 
f 3426//1098 3312//1063 3311//1062 3425//1097 
f 3427//1099 3313//1064 3312//1063 3426//1098 
f 3428//1100 3314//477 3313//1064 3427//1099 
f 3429//1101 3315//1065 3314//477 3428//1100 
f 3430//1102 3316//1066 3315//1065 3429//1101 
f 3431//802 3317//842 3316//1066 3430//1102 
f 3432//224 3318//57 3317//842 3431//802 
f 3433//1103 3319//57 3318//57 3432//224 
f 3434//718 3320//360 3319//57 3433//1103 
f 3435//224 3321//1067 3320//360 3434//718 
f 3436//293 3322//506 3321//1067 3435//224 
f 3437//251 3323//290 3322//506 3436//293 
f 3438//924 3324//162 3323//290 3437//251 
f 3439//290 3325//148 3324//162 3438//924 
f 3440//243 3326//536 3325//148 3439//290 
f 3441//119 3327//1068 3326//536 3440//243 
f 3442//547 3328//588 3327//1068 3441//119 
f 3443//89 3329//1069 3328//588 3442//547 
f 3444//1104 3330//1070 3329//1069 3443//89 
f 3445//1105 3331//1071 3330//1070 3444//1104 
f 3446//1106 3332//496 3331//1071 3445//1105 
f 3447//100 3333//1072 3332//496 3446//1106 
f 3448//148 3334//309 3333//1072 3447//100 
f 3449//147 3335//447 3334//309 3448//148 
f 3450//231 3336//57 3335//447 3449//147 
f 3451//107 3337//360 3336//57 3450//231 
f 3452//1107 3338//1073 3337//360 3451//107 
f 3453//48 3339//1074 3338//1073 3452//1107 
f 3454//762 3340//227 3339//1074 3453//48 
f 3455//243 3341//361 3340//227 3454//762 
f 3456//162 3342//409 3341//361 3455//243 
f 3457//53 3343//1075 3342//409 3456//162 
f 3458//309 3344//293 3343//1075 3457//53 
f 3459//1108 3345//1076 3344//293 3458//309 
f 3460//1109 3346//1077 3345//1076 3459//1108 
f 3461//1110 3347//1078 3346//1077 3460//1109 
f 3462//1111 3348//1079 3347//1078 3461//1110 
f 3463//1078 3349//1080 3348//1079 3462//1111 
f 3464//1112 3350//1081 3349//1080 3463//1078 
f 3465//671 3351//1082 3350//1081 3464//1112 
f 3466//597 3352//1083 3351//1082 3465//671 
f 3467//1113 3353//167 3352//1083 3466//597 
f 3468//1114 3354//110 3353//167 3467//1113 
f 3469//540 3355//577 3354//110 3468//1114 
f 3470//252 3356//1084 3355//577 3469//540 
f 3471//1115 3357//1085 3356//1084 3470//252 
f 3472//1116 3358//1086 3357//1085 3471//1115 
f 3473//1117 3359//1087 3358//1086 3472//1116 
f 3474//1118 3360//1088 3359//1087 3473//1117 
f 3475//1119 3361//1089 3360//1088 3474//1118 
f 3476//1120 3362//1090 3361//1089 3475//1119 
f 3477//1121 3363//1091 3362//1090 3476//1120 
f 3478//1122 3364//1092 3363//1091 3477//1121 
f 3479//494 3365//153 3364//1092 3478//1122 
f 3480//1123 3366//241 3365//153 3479//494 
f 3481//754 3367//444 3366//241 3480//1123 
f 3482//179 3368//755 3367//444 3481//754 
f 3483//61 3369//233 3368//755 3482//179 
f 3484//61 3370//233 3369//233 3483//61 
f 3485//305 3371//307 3370//233 3484//61 
f 3486//120 3372//177 3371//307 3485//305 
f 3487//354 3373//407 3372//177 3486//120 
f 3488//410 3374//231 3373//407 3487//354 
f 3489//246 3375//411 3374//231 3488//410 
f 3490//147 3376//341 3375//411 3489//246 
f 3491//120 3377//92 3376//341 3490//147 
f 3492//147 3378//95 3377//92 3491//120 
f 3493//305 3379//92 3378//95 3492//147 
f 3494//61 3380//305 3379//92 3493//305 
f 3495//61 3381//122 3380//305 3494//61 
f 3496//61 3382//179 3381//122 3495//61 
f 3497//61 3383//61 3382//179 3496//61 
f 3498//178 3384//120 3383//61 3497//61 
f 3499//107 3385//120 3384//120 3498//178 
f 3500//59 3386//305 3385//120 3499//107 
f 3501//233 3387//444 3386//305 3500//59 
f 3502//286 3388//286 3387//444 3501//233 
f 3503//99 3389//248 3388//286 3502//286 
f 3504//240 3390//231 3389//248 3503//99 
f 3505//61 3391//123 3390//231 3504//240 
f 3506//755 3392//248 3391//123 3505//61 
f 3507//902 3393//248 3392//248 3506//755 
f 3508//232 3394//179 3393//248 3507//902 
f 3509//248 3395//496 3394//179 3508//232 
f 3510//159 3396//140 3395//496 3509//248 
f 3511//1124 3397//1093 3396//140 3510//159 
f 3512//1125 3398//1094 3397//1093 3511//1124 
f 3513//243 3399//865 3398//1094 3512//1125 
f 3514//819 3400//466 3399//865 3513//243 
f 3515//741 3401//819 3400//466 3514//819 
f 3516//799 3402//225 3401//819 3515//741 
f 3517//608 3403//233 3402//225 3516//799 
f 3518//410 3404//123 3403//233 3517//608 
f 3519//147 3405//180 3404//123 3518//410 
f 3520//147 3406//107 3405//180 3519//147 
f 3521//178 3407//177 3406//107 3520//147 
f 3522//180 3408//177 3407//177 3521//178 
f 3523//177 3409//410 3408//177 3522//180 
f 3524//107 3410//341 3409//410 3523//177 
f 3525//233 3411//212 3410//341 3524//107 
f 3526//755 3412//1095 3411//212 3525//233 
f 3527//411 3413//99 3412//1095 3526//755 
f 3528//147 3414//147 3413//99 3527//411 
f 3529//162 3415//230 3414//147 3528//147 
f 3530//162 3416//238 3415//230 3529//162 
f 3531//341 3417//140 3416//238 3530//162 
f 3532//211 3418//166 3417//140 3531//341 
f 3533//356 3419//354 3418//166 3532//211 
f 3534//161 3420//53 3419//354 3533//356 
f 3535//341 3421//1096 3422//800 3536//166 
f 3537//305 3423//1096 3421//1096 3535//341 
f 3538//1126 3424//840 3423//1096 3537//305 
f 3539//407 3425//1097 3424//840 3538//1126 
f 3540//1127 3426//1098 3425//1097 3539//407 
f 3541//1128 3427//1099 3426//1098 3540//1127 
f 3542//1129 3428//1100 3427//1099 3541//1128 
f 3543//1130 3429//1101 3428//1100 3542//1129 
f 3544//1131 3430//1102 3429//1101 3543//1130 
f 3545//1132 3431//802 3430//1102 3544//1131 
f 3546//295 3432//224 3431//802 3545//1132 
f 3547//757 3433//1103 3432//224 3546//295 
f 3548//571 3434//718 3433//1103 3547//757 
f 3549//1133 3435//224 3434//718 3548//571 
f 3550//252 3436//293 3435//224 3549//1133 
f 3551//780 3437//251 3436//293 3550//252 
f 3552//182 3438//924 3437//251 3551//780 
f 3553//940 3439//290 3438//924 3552//182 
f 3554//227 3440//243 3439//290 3553//940 
f 3555//940 3441//119 3440//243 3554//227 
f 3556//357 3442//547 3441//119 3555//940 
f 3557//1134 3443//89 3442//547 3556//357 
f 3558//1135 3444//1104 3443//89 3557//1134 
f 3559//937 3445//1105 3444//1104 3558//1135 
f 3560//61 3446//1106 3445//1105 3559//937 
f 3561//95 3447//100 3446//1106 3560//61 
f 3562//96 3448//148 3447//100 3561//95 
f 3563//280 3449//147 3448//148 3562//96 
f 3564//279 3450//231 3449//147 3563//280 
f 3565//92 3451//107 3450//231 3564//279 
f 3566//142 3452//1107 3451//107 3565//92 
f 3567//1136 3453//48 3452//1107 3566//142 
f 3568//761 3454//762 3453//48 3567//1136 
f 3569//290 3455//243 3454//762 3568//761 
f 3570//226 3456//162 3455//243 3569//290 
f 3571//301 3457//53 3456//162 3570//226 
f 3572//247 3458//309 3457//53 3571//301 
f 3573//403 3459//1108 3458//309 3572//247 
f 3574//1137 3460//1109 3459//1108 3573//403 
f 3575//1138 3461//1110 3460//1109 3574//1137 
f 3576//1139 3462//1111 3461//1110 3575//1138 
f 3577//1140 3463//1078 3462//1111 3576//1139 
f 3578//1141 3464//1112 3463//1078 3577//1140 
f 3579//47 3465//671 3464//1112 3578//1141 
f 3580//1142 3466//597 3465//671 3579//47 
f 3581//283 3467//1113 3466//597 3580//1142 
f 3582//651 3468//1114 3467//1113 3581//283 
f 3583//237 3469//540 3468//1114 3582//651 
f 3584//353 3470//252 3469//540 3583//237 
f 3585//118 3471//1115 3470//252 3584//353 
f 3586//302 3472//1116 3471//1115 3585//118 
f 3587//574 3473//1117 3472//1116 3586//302 
f 3588//1143 3474//1118 3473//1117 3587//574 
f 3589//1144 3475//1119 3474//1118 3588//1143 
f 3590//1145 3476//1120 3475//1119 3589//1144 
f 3591//1146 3477//1121 3476//1120 3590//1145 
f 3592//702 3478//1122 3477//1121 3591//1146 
f 3593//65 3479//494 3478//1122 3592//702 
f 3594//1147 3480//1123 3479//494 3593//65 
f 3595//285 3481//754 3480//1123 3594//1147 
f 3596//231 3482//179 3481//754 3595//285 
f 3597//166 3483//61 3482//179 3596//231 
f 3598//152 3484//61 3483//61 3597//166 
f 3599//100 3485//305 3484//61 3598//152 
f 3600//92 3486//120 3485//305 3599//100 
f 3601//464 3487//354 3486//120 3600//92 
f 3602//147 3488//410 3487//354 3601//464 
f 3603//147 3489//246 3488//410 3602//147 
f 3604//246 3490//147 3489//246 3603//147 
f 3605//107 3491//120 3490//147 3604//246 
f 3606//308 3492//147 3491//120 3605//107 
f 3607//231 3493//305 3492//147 3606//308 
f 3608//122 3494//61 3493//305 3607//231 
f 3609//411 3495//61 3494//61 3608//122 
f 3610//99 3496//61 3495//61 3609//411 
f 3611//211 3497//61 3496//61 3610//99 
f 3612//98 3498//178 3497//61 3611//211 
f 3613//61 3499//107 3498//178 3612//98 
f 3614//248 3500//59 3499//107 3613//61 
f 3615//231 3501//233 3500//59 3614//248 
f 3616//61 3502//286 3501//233 3615//231 
f 3617//408 3503//99 3502//286 3616//61 
f 3618//92 3504//240 3503//99 3617//408 
f 3619//830 3505//61 3504//240 3618//92 
f 3620//495 3506//755 3505//61 3619//830 
f 3621//445 3507//902 3506//755 3620//495 
f 3622//232 3508//232 3507//902 3621//445 
f 3623//177 3509//248 3508//232 3622//232 
f 3624//118 3510//159 3509//248 3623//177 
f 3625//762 3511//1124 3510//159 3624//118 
f 3626//53 3512//1125 3511//1124 3625//762 
f 3627//412 3513//243 3512//1125 3626//53 
f 3628//180 3514//819 3513//243 3627//412 
f 3629//407 3515//741 3514//819 3628//180 
f 3630//407 3516//799 3515//741 3629//407 
f 3631//247 3517//608 3516//799 3630//407 
f 3632//354 3518//410 3517//608 3631//247 
f 3633//147 3519//147 3518//410 3632//354 
f 3634//147 3520//147 3519//147 3633//147 
f 3635//147 3521//178 3520//147 3634//147 
f 3636//246 3522//180 3521//178 3635//147 
f 3637//107 3523//177 3522//180 3636//246 
f 3638//608 3524//107 3523//177 3637//107 
f 3639//902 3525//233 3524//107 3638//608 
f 3640//248 3526//755 3525//233 3639//902 
f 3641//246 3527//411 3526//755 3640//248 
f 3642//147 3528//147 3527//411 3641//246 
f 3643//354 3529//162 3528//147 3642//147 
f 3644//301 3530//162 3529//162 3643//354 
f 3645//178 3531//341 3530//162 3644//301 
f 3646//240 3532//211 3531//341 3645//178 
f 3647//288 3533//356 3532//211 3646//240 
f 3648//94 3534//161 3533//356 3647//288 
f 3649//211 3535//341 3536//166 3650//89 
f 3651//166 3537//305 3535//341 3649//211 
f 3652//240 3538//1126 3537//305 3651//166 
f 3653//464 3539//407 3538//1126 3652//240 
f 3654//361 3540//1127 3539//407 3653//464 
f 3655//761 3541//1128 3540//1127 3654//361 
f 3656//1148 3542//1129 3541//1128 3655//761 
f 3657//1149 3543//1130 3542//1129 3656//1148 
f 3658//1150 3544//1131 3543//1130 3657//1149 
f 3659//968 3545//1132 3544//1131 3658//1150 
f 3660//1151 3546//295 3545//1132 3659//968 
f 3661//718 3547//757 3546//295 3660//1151 
f 3662//1152 3548//571 3547//757 3661//718 
f 3663//393 3549//1133 3548//571 3662//1152 
f 3664//1153 3550//252 3549//1133 3663//393 
f 3665//49 3551//780 3550//252 3664//1153 
f 3666//646 3552//182 3551//780 3665//49 
f 3667//646 3553//940 3552//182 3666//646 
f 3668//711 3554//227 3553//940 3667//646 
f 3669//540 3555//940 3554//227 3668//711 
f 3670//299 3556//357 3555//940 3669//540 
f 3671//1154 3557//1134 3556//357 3670//299 
f 3672//918 3558//1135 3557//1134 3671//1154 
f 3673//57 3559//937 3558//1135 3672//918 
f 3674//354 3560//61 3559//937 3673//57 
f 3675//238 3561//95 3560//61 3674//354 
f 3676//92 3562//96 3561//95 3675//238 
f 3677//89 3563//280 3562//96 3676//92 
f 3678//152 3564//279 3563//280 3677//89 
f 3679//149 3565//92 3564//279 3678//152 
f 3680//158 3566//142 3565//92 3679//149 
f 3681//249 3567//1136 3566//142 3680//158 
f 3682//1155 3568//761 3567//1136 3681//249 
f 3683//924 3569//290 3568//761 3682//1155 
f 3684//227 3570//226 3569//290 3683//924 
f 3685//361 3571//301 3570//226 3684//227 
f 3686//178 3572//247 3571//301 3685//361 
f 3687//180 3573//403 3572//247 3686//178 
f 3688//463 3574//1137 3573//403 3687//180 
f 3689//1156 3575//1138 3574//1137 3688//463 
f 3690//557 3576//1139 3575//1138 3689//1156 
f 3691//1157 3577//1140 3576//1139 3690//557 
f 3692//925 3578//1141 3577//1140 3691//1157 
f 3693//594 3579//47 3578//1141 3692//925 
f 3694//860 3580//1142 3579//47 3693//594 
f 3695//546 3581//283 3580//1142 3694//860 
f 3696//686 3582//651 3581//283 3695//546 
f 3697//449 3583//237 3582//651 3696//686 
f 3698//1158 3584//353 3583//237 3697//449 
f 3699//1159 3585//118 3584//353 3698//1158 
f 3700//132 3586//302 3585//118 3699//1159 
f 3701//163 3587//574 3586//302 3700//132 
f 3702//1160 3588//1143 3587//574 3701//163 
f 3703//1161 3589//1144 3588//1143 3702//1160 
f 3704//1162 3590//1145 3589//1144 3703//1161 
f 3705//833 3591//1146 3590//1145 3704//1162 
f 3706//1163 3592//702 3591//1146 3705//833 
f 3707//1164 3593//65 3592//702 3706//1163 
f 3708//1165 3594//1147 3593//65 3707//1164 
f 3709//938 3595//285 3594//1147 3708//1165 
f 3710//715 3596//231 3595//285 3709//938 
f 3711//558 3597//166 3596//231 3710//715 
f 3712//410 3598//152 3597//166 3711//558 
f 3713//305 3599//100 3598//152 3712//410 
f 3714//305 3600//92 3599//100 3713//305 
f 3715//246 3601//464 3600//92 3714//305 
f 3716//231 3602//147 3601//464 3715//246 
f 3717//107 3603//147 3602//147 3716//231 
f 3718//307 3604//246 3603//147 3717//107 
f 3719//902 3605//107 3604//246 3718//307 
f 3720//225 3606//308 3605//107 3719//902 
f 3721//57 3607//231 3606//308 3720//225 
f 3722//245 3608//122 3607//231 3721//57 
f 3723//543 3609//411 3608//122 3722//245 
f 3724//410 3610//99 3609//411 3723//543 
f 3725//240 3611//211 3610//99 3724//410 
f 3726//140 3612//98 3611//211 3725//240 
f 3727//91 3613//61 3612//98 3726//140 
f 3728//151 3614//248 3613//61 3727//91 
f 3729//758 3615//231 3614//248 3728//151 
f 3730//100 3616//61 3615//231 3729//758 
f 3731//97 3617//408 3616//61 3730//100 
f 3732//166 3618//92 3617//408 3731//97 
f 3733//495 3619//830 3618//92 3732//166 
f 3734//1166 3620//495 3619//830 3733//495 
f 3735//241 3621//445 3620//495 3734//1166 
f 3736//278 3622//232 3621//445 3735//241 
f 3737//961 3623//177 3622//232 3736//278 
f 3738//52 3624//118 3623//177 3737//961 
f 3739//462 3625//762 3624//118 3738//52 
f 3740//226 3626//53 3625//762 3739//462 
f 3741//177 3627//412 3626//53 3740//226 
f 3742//107 3628//180 3627//412 3741//177 
f 3743//407 3629//407 3628//180 3742//107 
f 3744//226 3630//407 3629//407 3743//407 
f 3745//361 3631//247 3630//407 3744//226 
f 3746//162 3632//354 3631//247 3745//361 
f 3747//147 3633//147 3632//354 3746//162 
f 3748//147 3634//147 3633//147 3747//147 
f 3749//246 3635//147 3634//147 3748//147 
f 3750//248 3636//246 3635//147 3749//246 
f 3751//307 3637//107 3636//246 3750//248 
f 3752//107 3638//608 3637//107 3751//307 
f 3753//231 3639//902 3638//608 3752//107 
f 3754//246 3640//248 3639//902 3753//231 
f 3755//147 3641//246 3640//248 3754//246 
f 3756//147 3642//147 3641//246 3755//147 
f 3757//178 3643//354 3642//147 3756//147 
f 3758//247 3644//301 3643//354 3757//178 
f 3759//247 3645//178 3644//301 3758//247 
f 3760//162 3646//240 3645//178 3759//247 
f 3761//238 3647//288 3646//240 3760//162 
f 3762//92 3648//94 3647//288 3761//238 
f 3763//211 3649//211 3650//89 3764//166 
f 3765//140 3651//166 3649//211 3763//211 
f 3766//98 3652//240 3651//166 3765//140 
f 3767//341 3653//464 3652//240 3766//98 
f 3768//354 3654//361 3653//464 3767//341 
f 3769//51 3655//761 3654//361 3768//354 
f 3770//1167 3656//1148 3655//761 3769//51 
f 3771//182 3657//1149 3656//1148 3770//1167 
f 3772//1132 3658//1150 3657//1149 3771//182 
f 3773//1168 3659//968 3658//1150 3772//1132 
f 3774//657 3660//1151 3659//968 3773//1168 
f 3775//1169 3661//718 3660//1151 3774//657 
f 3776//688 3662//1152 3661//718 3775//1169 
f 3777//1067 3663//393 3662//1152 3776//688 
f 3778//253 3664//1153 3663//393 3777//1067 
f 3779//1170 3665//49 3664//1153 3778//253 
f 3780//1171 3666//646 3665//49 3779//1170 
f 3781//1172 3667//646 3666//646 3780//1171 
f 3782//1173 3668//711 3667//646 3781//1172 
f 3783//1174 3669//540 3668//711 3782//1173 
f 3784//1175 3670//299 3669//540 3783//1174 
f 3785//1176 3671//1154 3670//299 3784//1175 
f 3786//1177 3672//918 3671//1154 3785//1176 
f 3787//407 3673//57 3672//918 3786//1177 
f 3788//309 3674//354 3673//57 3787//407 
f 3789//300 3675//238 3674//354 3788//309 
f 3790//1103 3676//92 3675//238 3789//300 
f 3791//112 3677//89 3676//92 3790//1103 
f 3792//1026 3678//152 3677//89 3791//112 
f 3793//353 3679//149 3678//152 3792//1026 
f 3794//94 3680//158 3679//149 3793//353 
f 3795//356 3681//249 3680//158 3794//94 
f 3796//301 3682//1155 3681//249 3795//356 
f 3797//227 3683//924 3682//1155 3796//301 
f 3798//646 3684//227 3683//924 3797//227 
f 3799//290 3685//361 3684//227 3798//646 
f 3800//180 3686//178 3685//361 3799//290 
f 3801//178 3687//180 3686//178 3800//180 
f 3802//178 3688//463 3687//180 3801//178 
f 3803//1107 3689//1156 3688//463 3802//178 
f 3804//1178 3690//557 3689//1156 3803//1107 
f 3805//1179 3691//1157 3690//557 3804//1178 
f 3806//1180 3692//925 3691//1157 3805//1179 
f 3807//1181 3693//594 3692//925 3806//1180 
f 3808//1075 3694//860 3693//594 3807//1181 
f 3809//228 3695//546 3694//860 3808//1075 
f 3810//1167 3696//686 3695//546 3809//228 
f 3811//1182 3697//449 3696//686 3810//1167 
f 3812//654 3698//1158 3697//449 3811//1182 
f 3813//344 3699//1159 3698//1158 3812//654 
f 3814//163 3700//132 3699//1159 3813//344 
f 3815//92 3701//163 3700//132 3814//163 
f 3816//1183 3702//1160 3701//163 3815//92 
f 3817//1184 3703//1161 3702//1160 3816//1183 
f 3818//1185 3704//1162 3703//1161 3817//1184 
f 3819//1186 3705//833 3704//1162 3818//1185 
f 3820//833 3706//1163 3705//833 3819//1186 
f 3821//1187 3707//1164 3706//1163 3820//833 
f 3822//1188 3708//1165 3707//1164 3821//1187 
f 3823//901 3709//938 3708//1165 3822//1188 
f 3824//300 3710//715 3709//938 3823//901 
f 3825//619 3711//558 3710//715 3824//300 
f 3826//300 3712//410 3711//558 3825//619 
f 3827//680 3713//305 3712//410 3826//300 
f 3828//543 3714//305 3713//305 3827//680 
f 3829//307 3715//246 3714//305 3828//543 
f 3830//307 3716//231 3715//246 3829//307 
f 3831//543 3717//107 3716//231 3830//307 
f 3832//59 3718//307 3717//107 3831//543 
f 3833//902 3719//902 3718//307 3832//59 
f 3834//543 3720//225 3719//902 3833//902 
f 3835//680 3721//57 3720//225 3834//543 
f 3836//112 3722//245 3721//57 3835//680 
f 3837//57 3723//543 3722//245 3836//112 
f 3838//447 3724//410 3723//543 3837//57 
f 3839//407 3725//240 3724//410 3838//447 
f 3840//147 3726//140 3725//240 3839//407 
f 3841//281 3727//91 3726//140 3840//147 
f 3842//882 3728//151 3727//91 3841//281 
f 3843//86 3729//758 3728//151 3842//882 
f 3844//84 3730//100 3729//758 3843//86 
f 3845//89 3731//97 3730//100 3844//84 
f 3846//444 3732//166 3731//97 3845//89 
f 3847//458 3733//495 3732//166 3846//444 
f 3848//607 3734//1166 3733//495 3847//458 
f 3849//96 3735//241 3734//1166 3848//607 
f 3850//396 3736//278 3735//241 3849//96 
f 3851//1189 3737//961 3736//278 3850//396 
f 3852//397 3738//52 3737//961 3851//1189 
f 3853//282 3739//462 3738//52 3852//397 
f 3854//288 3740//226 3739//462 3853//282 
f 3855//464 3741//177 3740//226 3854//288 
f 3856//147 3742//107 3741//177 3855//464 
f 3857//533 3743//407 3742//107 3856//147 
f 3858//53 3744//226 3743//407 3857//533 
f 3859//53 3745//361 3744//226 3858//53 
f 3860//301 3746//162 3745//361 3859//53 
f 3861//410 3747//147 3746//162 3860//301 
f 3862//231 3748//147 3747//147 3861//410 
f 3863//307 3749//246 3748//147 3862//231 
f 3864//248 3750//248 3749//246 3863//307 
f 3865//246 3751//307 3750//248 3864//248 
f 3866//147 3752//107 3751//307 3865//246 
f 3867//147 3753//231 3752//107 3866//147 
f 3868//147 3754//246 3753//231 3867//147 
f 3869//147 3755//147 3754//246 3868//147 
f 3870//147 3756//147 3755//147 3869//147 
f 3871//147 3757//178 3756//147 3870//147 
f 3872//178 3758//247 3757//178 3871//147 
f 3873//301 3759//247 3758//247 3872//178 
f 3874//53 3760//162 3759//247 3873//301 
f 3875//301 3761//238 3760//162 3874//53 
f 3876//412 3762//92 3761//238 3875//301 
f 3877//341 3763//211 3764//166 3878//147 
f 3879//98 3765//140 3763//211 3877//341 
f 3880//211 3766//98 3765//140 3879//98 
f 3881//61 3767//341 3766//98 3880//211 
f 3882//180 3768//354 3767//341 3881//61 
f 3883//940 3769//51 3768//354 3882//180 
f 3884//645 3770//1167 3769//51 3883//940 
f 3885//351 3771//182 3770//1167 3884//645 
f 3886//615 3772//1132 3771//182 3885//351 
f 3887//1190 3773//1168 3772//1132 3886//615 
f 3888//1005 3774//657 3773//1168 3887//1190 
f 3889//1191 3775//1169 3774//657 3888//1005 
f 3890//1192 3776//688 3775//1169 3889//1191 
f 3891//999 3777//1067 3776//688 3890//1192 
f 3892//1193 3778//253 3777//1067 3891//999 
f 3893//1194 3779//1170 3778//253 3892//1193 
f 3894//1195 3780//1171 3779//1170 3893//1194 
f 3895//1196 3781//1172 3780//1171 3894//1195 
f 3896//3 3782//1173 3781//1172 3895//1196 
f 3897//1197 3783//1174 3782//1173 3896//3 
f 3898//1198 3784//1175 3783//1174 3897//1197 
f 3899//239 3785//1176 3784//1175 3898//1198 
f 3900//96 3786//1177 3785//1176 3899//239 
f 3901//408 3787//407 3786//1177 3900//96 
f 3902//244 3788//309 3787//407 3901//408 
f 3903//299 3789//300 3788//309 3902//244 
f 3904//110 3790//1103 3789//300 3903//299 
f 3905//998 3791//112 3790//1103 3904//110 
f 3906//1155 3792//1026 3791//112 3905//998 
f 3907//700 3793//353 3792//1026 3906//1155 
f 3908//158 3794//94 3793//353 3907//700 
f 3909//280 3795//356 3794//94 3908//158 
f 3910//408 3796//301 3795//356 3909//280 
f 3911//53 3797//227 3796//301 3910//408 
f 3912//940 3798//646 3797//227 3911//53 
f 3913//819 3799//290 3798//646 3912//940 
f 3914//300 3800//180 3799//290 3913//819 
f 3915//300 3801//178 3800//180 3914//300 
f 3916//57 3802//178 3801//178 3915//300 
f 3917//619 3803//1107 3802//178 3916//57 
f 3918//254 3804//1178 3803//1107 3917//619 
f 3919//1199 3805//1179 3804//1178 3918//254 
f 3920//1200 3806//1180 3805//1179 3919//1199 
f 3921//1201 3807//1181 3806//1180 3920//1200 
f 3922//1202 3808//1075 3807//1181 3921//1201 
f 3923//1156 3809//228 3808//1075 3922//1202 
f 3924//1203 3810//1167 3809//228 3923//1156 
f 3925//254 3811//1182 3810//1167 3924//1203 
f 3926//1204 3812//654 3811//1182 3925//254 
f 3927//55 3813//344 3812//654 3926//1204 
f 3928//760 3814//163 3813//344 3927//55 
f 3929//112 3815//92 3814//163 3928//760 
f 3930//572 3816//1183 3815//92 3929//112 
f 3931//1205 3817//1184 3816//1183 3930//572 
f 3932//1206 3818//1185 3817//1184 3931//1205 
f 3933//1207 3819//1186 3818//1185 3932//1206 
f 3934//1208 3820//833 3819//1186 3933//1207 
f 3935//1209 3821//1187 3820//833 3934//1208 
f 3936//1210 3822//1188 3821//1187 3935//1209 
f 3937//1211 3823//901 3822//1188 3936//1210 
f 3938//464 3824//300 3823//901 3937//1211 
f 3939//243 3825//619 3824//300 3938//464 
f 3940//120 3826//300 3825//619 3939//243 
f 3941//246 3827//680 3826//300 3940//120 
f 3942//410 3828//543 3827//680 3941//246 
f 3943//246 3829//307 3828//543 3942//410 
f 3944//305 3830//307 3829//307 3943//246 
f 3945//411 3831//543 3830//307 3944//305 
f 3946//248 3832//59 3831//543 3945//411 
f 3947//231 3833//902 3832//59 3946//248 
f 3948//123 3834//543 3833//902 3947//231 
f 3949//248 3835//680 3834//543 3948//123 
f 3950//307 3836//112 3835//680 3949//248 
f 3951//180 3837//57 3836//112 3950//307 
f 3952//361 3838//447 3837//57 3951//180 
f 3953//462 3839//407 3838//447 3952//361 
f 3954//238 3840//147 3839//407 3953//462 
f 3955//148 3841//281 3840//147 3954//238 
f 3956//148 3842//882 3841//281 3955//148 
f 3957//89 3843//86 3842//882 3956//148 
f 3958//830 3844//84 3843//86 3957//89 
f 3959//496 3845//89 3844//84 3958//830 
f 3960//495 3846//444 3845//89 3959//496 
f 3961//1095 3847//458 3846//444 3960//495 
f 3962//1212 3848//607 3847//458 3961//1095 
f 3963//449 3849//96 3848//607 3962//1212 
f 3964//1213 3850//396 3849//96 3963//449 
f 3965//396 3851//1189 3850//396 3964//1213 
f 3966//639 3852//397 3851//1189 3965//396 
f 3967//208 3853//282 3852//397 3966//639 
f 3968//278 3854//288 3853//282 3967//208 
f 3969//96 3855//464 3854//288 3968//278 
f 3970//96 3856//147 3855//464 3969//96 
f 3971//149 3857//533 3856//147 3970//96 
f 3972//160 3858//53 3857//533 3971//149 
f 3973//353 3859//53 3858//53 3972//160 
f 3974//230 3860//301 3859//53 3973//353 
f 3975//147 3861//410 3860//301 3974//230 
f 3976//305 3862//231 3861//410 3975//147 
f 3977//341 3863//307 3862//231 3976//305 
f 3978//98 3864//248 3863//307 3977//341 
f 3979//92 3865//246 3864//248 3978//98 
f 3980//98 3866//147 3865//246 3979//92 
f 3981//341 3867//147 3866//147 3980//98 
f 3982//147 3868//147 3867//147 3981//341 
f 3983//147 3869//147 3868//147 3982//147 
f 3984//147 3870//147 3869//147 3983//147 
f 3985//147 3871//147 3870//147 3984//147 
f 3986//464 3872//178 3871//147 3985//147 
f 3987//239 3873//301 3872//178 3986//464 
f 3988//162 3874//53 3873//301 3987//239 
f 3989//301 3875//301 3874//53 3988//162 
f 3990//53 3876//412 3875//301 3989//301 
f 3991//107 3877//341 3878//147 3992//107 
f 3993//107 3879//98 3877//341 3991//107 
f 3994//233 3880//211 3879//98 3993//107 
f 3995//445 3881//61 3880//211 3994//233 
f 3996//180 3882//180 3881//61 3995//445 
f 3997//406 3883//940 3882//180 3996//180 
f 3998//284 3884//645 3883//940 3997//406 
f 3999//407 3885//351 3884//645 3998//284 
f 4000//407 3886//615 3885//351 3999//407 
f 4001//939 3887//1190 3886//615 4000//407 
f 4002//1214 3888//1005 3887//1190 4001//939 
f 4003//720 3889//1191 3888//1005 4002//1214 
f 4004//1215 3890//1192 3889//1191 4003//720 
f 4005//1216 3891//999 3890//1192 4004//1215 
f 4006//921 3892//1193 3891//999 4005//1216 
f 4007//1217 3893//1194 3892//1193 4006//921 
f 4008//1218 3894//1195 3893//1194 4007//1217 
f 4009//1219 3895//1196 3894//1195 4008//1218 
f 4010//1220 3896//3 3895//1196 4009//1219 
f 4011//1221 3897//1197 3896//3 4010//1220 
f 4012//1222 3898//1198 3897//1197 4011//1221 
f 4013//1223 3899//239 3898//1198 4012//1222 
f 4014//1224 3900//96 3899//239 4013//1223 
f 4015//1225 3901//408 3900//96 4014//1224 
f 4016//1226 3902//244 3901//408 4015//1225 
f 4017//567 3903//299 3902//244 4016//1226 
f 4018//300 3904//110 3903//299 4017//567 
f 4019//1227 3905//998 3904//110 4018//300 
f 4020//1228 3906//1155 3905//998 4019//1227 
f 4021//865 3907//700 3906//1155 4020//1228 
f 4022//1229 3908//158 3907//700 4021//865 
f 4023//89 3909//280 3908//158 4022//1229 
f 4024//1095 3910//408 3909//280 4023//89 
f 4025//1026 3911//53 3910//408 4024//1095 
f 4026//924 3912//940 3911//53 4025//1026 
f 4027//506 3913//819 3912//940 4026//924 
f 4028//360 3914//300 3913//819 4027//506 
f 4029//402 3915//300 3914//300 4028//360 
f 4030//627 3916//57 3915//300 4029//402 
f 4031//1230 3917//619 3916//57 4030//627 
f 4032//1231 3918//254 3917//619 4031//1230 
f 4033//1232 3919//1199 3918//254 4032//1231 
f 4034//1141 3920//1200 3919//1199 4033//1232 
f 4035//1233 3921//1201 3920//1200 4034//1141 
f 4036//1234 3922//1202 3921//1201 4035//1233 
f 4037//1235 3923//1156 3922//1202 4036//1234 
f 4038//1236 3924//1203 3923//1156 4037//1235 
f 4039//1237 3925//254 3924//1203 4038//1236 
f 4040//762 3926//1204 3925//254 4039//1237 
f 4041//412 3927//55 3926//1204 4040//762 
f 4042//123 3928//760 3927//55 4041//412 
f 4043//248 3929//112 3928//760 4042//123 
f 4044//754 3930//572 3929//112 4043//248 
f 4045//1238 3931//1205 3930//572 4044//754 
f 4046//1239 3932//1206 3931//1205 4045//1238 
f 4047//1240 3933//1207 3932//1206 4046//1239 
f 4048//1241 3934//1208 3933//1207 4047//1240 
f 4049//1242 3935//1209 3934//1208 4048//1241 
f 4050//1243 3936//1210 3935//1209 4049//1242 
f 4051//1244 3937//1211 3936//1210 4050//1243 
f 4052//1245 3938//464 3937//1211 4051//1244 
f 4053//547 3939//243 3938//464 4052//1245 
f 4054//94 3940//120 3939//243 4053//547 
f 4055//152 3941//246 3940//120 4054//94 
f 4056//92 3942//410 3941//246 4055//152 
f 4057//408 3943//246 3942//410 4056//92 
f 4058//99 3944//305 3943//246 4057//408 
f 4059//61 3945//411 3944//305 4058//99 
f 4060//99 3946//248 3945//411 4059//61 
f 4061//240 3947//231 3946//248 4060//99 
f 4062//61 3948//123 3947//231 4061//240 
f 4063//122 3949//248 3948//123 4062//61 
f 4064//147 3950//307 3949//248 4063//122 
f 4065//1246 3951//180 3950//307 4064//147 
f 4066//1247 3952//361 3951//180 4065//1246 
f 4067//586 3953//462 3952//361 4066//1247 
f 4068//582 3954//238 3953//462 4067//586 
f 4069//95 3955//148 3954//238 4068//582 
f 4070//240 3956//148 3955//148 4069//95 
f 4071//61 3957//89 3956//148 4070//240 
f 4072//495 3958//830 3957//89 4071//61 
f 4073//495 3959//496 3958//830 4072//495 
f 4074//496 3960//495 3959//496 4073//495 
f 4075//140 3961//1095 3960//495 4074//496 
f 4076//651 3962//1212 3961//1095 4075//140 
f 4077//905 3963//449 3962//1212 4076//651 
f 4078//905 3964//1213 3963//449 4077//905 
f 4079//1212 3965//396 3964//1213 4078//905 
f 4080//241 3966//639 3965//396 4079//1212 
f 4081//607 3967//208 3966//639 4080//241 
f 4082//341 3968//278 3967//208 4081//607 
f 4083//356 3969//96 3968//278 4082//341 
f 4084//288 3970//96 3969//96 4083//356 
f 4085//149 3971//149 3970//96 4084//288 
f 4086//237 3972//160 3971//149 4085//149 
f 4087//157 3973//353 3972//160 4086//237 
f 4088//356 3974//230 3973//353 4087//157 
f 4089//240 3975//147 3974//230 4088//356 
f 4090//98 3976//305 3975//147 4089//240 
f 4091//92 3977//341 3976//305 4090//98 
f 4092//98 3978//98 3977//341 4091//92 
f 4093//341 3979//92 3978//98 4092//98 
f 4094//305 3980//98 3979//92 4093//341 
f 4095//305 3981//341 3980//98 4094//305 
f 4096//147 3982//147 3981//341 4095//305 
f 4097//464 3983//147 3982//147 4096//147 
f 4098//356 3984//147 3983//147 4097//464 
f 4099//92 3985//147 3984//147 4098//356 
f 4100//148 3986//464 3985//147 4099//92 
f 4101//238 3987//239 3986//464 4100//148 
f 4102//121 3988//162 3987//239 4101//238 
f 4103//239 3989//301 3988//162 4102//121 
f 4104//161 3990//53 3989//301 4103//239 
f 4105//57 3991//107 3992//107 4106//57 
f 4107//57 3993//107 3991//107 4105//57 
f 4108//903 3994//233 3993//107 4107//57 
f 4109//917 3995//445 3994//233 4108//903 
f 4110//230 3996//180 3995//445 4109//917 
f 4111//462 3997//406 3996//180 4110//230 
f 4112//462 3998//284 3997//406 4111//462 
f 4113//353 3999//407 3998//284 4112//462 
f 4114//160 4000//407 3999//407 4113//353 
f 4115//158 4001//939 4000//407 4114//160 
f 4116//160 4002//1214 4001//939 4115//158 
f 4117//159 4003//720 4002//1214 4116//160 
f 4118//1248 4004//1215 4003//720 4117//159 
f 4119//916 4005//1216 4004//1215 4118//1248 
f 4120//401 4006//921 4005//1216 4119//916 
f 4121//237 4007//1217 4006//921 4120//401 
f 4122//288 4008//1218 4007//1217 4121//237 
f 4123//98 4009//1219 4008//1218 4122//288 
f 4124//1249 4010//1220 4009//1219 4123//98 
f 4125//1250 4011//1221 4010//1220 4124//1249 
f 4126//1251 4012//1222 4011//1221 4125//1250 
f 4127//1252 4013//1223 4012//1222 4126//1251 
f 4128//1253 4014//1224 4013//1223 4127//1252 
f 4129//1254 4015//1225 4014//1224 4128//1253 
f 4130//1255 4016//1226 4015//1225 4129//1254 
f 4131//1067 4017//567 4016//1226 4130//1255 
f 4132//290 4018//300 4017//567 4131//1067 
f 4133//1256 4019//1227 4018//300 4132//290 
f 4134//1237 4020//1228 4019//1227 4133//1256 
f 4135//1256 4021//865 4020//1228 4134//1237 
f 4136//53 4022//1229 4021//865 4135//1256 
f 4137//305 4023//89 4022//1229 4136//53 
f 4138//830 4024//1095 4023//89 4137//305 
f 4139//355 4025//1026 4024//1095 4138//830 
f 4140//162 4026//924 4025//1026 4139//355 
f 4141//247 4027//506 4026//924 4140//162 
f 4142//107 4028//360 4027//506 4141//247 
f 4143//307 4029//402 4028//360 4142//107 
f 4144//1072 4030//627 4029//402 4143//307 
f 4145//1257 4031//1230 4030//627 4144//1072 
f 4146//136 4032//1231 4031//1230 4145//1257 
f 4147//1258 4033//1232 4032//1231 4146//136 
f 4148//50 4034//1141 4033//1232 4147//1258 
f 4149//944 4035//1233 4034//1141 4148//50 
f 4150//1259 4036//1234 4035//1233 4149//944 
f 4151//413 4037//1235 4036//1234 4150//1259 
f 4152//1260 4038//1236 4037//1235 4151//413 
f 4153//1261 4039//1237 4038//1236 4152//1260 
f 4154//404 4040//762 4039//1237 4153//1261 
f 4155//160 4041//412 4040//762 4154//404 
f 4156//882 4042//123 4041//412 4155//160 
f 4157//81 4043//248 4042//123 4156//882 
f 4158//573 4044//754 4043//248 4157//81 
f 4159//79 4045//1238 4044//754 4158//573 
f 4160//1262 4046//1239 4045//1238 4159//79 
f 4161//1263 4047//1240 4046//1239 4160//1262 
f 4162//1264 4048//1241 4047//1240 4161//1263 
f 4163//1265 4049//1242 4048//1241 4162//1264 
f 4164//1266 4050//1243 4049//1242 4163//1265 
f 4165//1267 4051//1244 4050//1243 4164//1266 
f 4166//1268 4052//1245 4051//1244 4165//1267 
f 4167//498 4053//547 4052//1245 4166//1268 
f 4168//1248 4054//94 4053//547 4167//498 
f 4169//89 4055//152 4054//94 4168//1248 
f 4170//166 4056//92 4055//152 4169//89 
f 4171//122 4057//408 4056//92 4170//166 
f 4172//248 4058//99 4057//408 4171//122 
f 4173//305 4059//61 4058//99 4172//248 
f 4174//408 4060//99 4059//61 4173//305 
f 4175//92 4061//240 4060//99 4174//408 
f 4176//91 4062//61 4061//240 4175//92 
f 4177//306 4063//122 4062//61 4176//91 
f 4178//927 4064//147 4063//122 4177//306 
f 4179//759 4065//1246 4064//147 4178//927 
f 4180//1269 4066//1247 4065//1246 4179//759 
f 4181//1270 4067//586 4066//1247 4180//1269 
f 4182//96 4068//582 4067//586 4181//1270 
f 4183//89 4069//95 4068//582 4182//96 
f 4184//61 4070//240 4069//95 4183//89 
f 4185//755 4071//61 4070//240 4184//61 
f 4186//128 4072//495 4071//61 4185//755 
f 4187//754 4073//495 4072//495 4186//128 
f 4188//61 4074//496 4073//495 4187//754 
f 4189//356 4075//140 4074//496 4188//61 
f 4190//353 4076//651 4075//140 4189//356 
f 4191//462 4077//905 4076//651 4190//353 
f 4192//229 4078//905 4077//905 4191//462 
f 4193//410 4079//1212 4078//905 4192//229 
f 4194//444 4080//241 4079//1212 4193//410 
f 4195//1095 4081//607 4080//241 4194//444 
f 4196//1271 4082//341 4081//607 4195//1095 
f 4197//120 4083//356 4082//341 4196//1271 
f 4198//230 4084//288 4083//356 4197//120 
f 4199//238 4085//149 4084//288 4198//230 
f 4200//356 4086//237 4085//149 4199//238 
f 4201//464 4087//157 4086//237 4200//356 
f 4202//246 4088//356 4087//157 4201//464 
f 4203//231 4089//240 4088//356 4202//246 
f 4204//107 4090//98 4089//240 4203//231 
f 4205//107 4091//92 4090//98 4204//107 
f 4206//307 4092//98 4091//92 4205//107 
f 4207//307 4093//341 4092//98 4206//307 
f 4208//231 4094//305 4093//341 4207//307 
f 4209//246 4095//305 4094//305 4208//231 
f 4210//464 4096//147 4095//305 4209//246 
f 4211//238 4097//464 4096//147 4210//464 
f 4212//93 4098//356 4097//464 4211//238 
f 4213//149 4099//92 4098//356 4212//93 
f 4214//149 4100//148 4099//92 4213//149 
f 4215//288 4101//238 4100//148 4214//149 
f 4216//148 4102//121 4101//238 4215//288 
f 4217//238 4103//239 4102//121 4216//148 
f 4218//121 4104//161 4103//239 4217//238 
f 4219//107 4105//57 4106//57 4220//107 
f 4221//107 4107//57 4105//57 4219//107 
f 4222//410 4108//903 4107//57 4221//107 
f 4223//519 4109//917 4108//903 4222//410 
f 4224//158 4110//230 4109//917 4223//519 
f 4225//160 4111//462 4110//230 4224//158 
f 4226//119 4112//462 4111//462 4225//160 
f 4227//652 4113//353 4112//462 4226//119 
f 4228//685 4114//160 4113//353 4227//652 
f 4229//497 4115//158 4114//160 4228//685 
f 4230//961 4116//160 4115//158 4229//497 
f 4231//582 4117//159 4116//160 4230//961 
f 4232//582 4118//1248 4117//159 4231//582 
f 4233//132 4119//916 4118//1248 4232//582 
f 4234//545 4120//401 4119//916 4233//132 
f 4235//163 4121//237 4120//401 4234//545 
f 4236//210 4122//288 4121//237 4235//163 
f 4237//152 4123//98 4122//288 4236//210 
f 4238//242 4124//1249 4123//98 4237//152 
f 4239//361 4125//1250 4124//1249 4238//242 
f 4240//1272 4126//1251 4125//1250 4239//361 
f 4241//1273 4127//1252 4126//1251 4240//1272 
f 4242//1274 4128//1253 4127//1252 4241//1273 
f 4243//1275 4129//1254 4128//1253 4242//1274 
f 4244//36 4130//1255 4129//1254 4243//1275 
f 4245//1073 4131//1067 4130//1255 4244//36 
f 4246//922 4132//290 4131//1067 4245//1073 
f 4247//223 4133//1256 4132//290 4246//922 
f 4248//1276 4134//1237 4133//1256 4247//223 
f 4249//1277 4135//1256 4134//1237 4248//1276 
f 4250//1278 4136//53 4135//1256 4249//1277 
f 4251//533 4137//305 4136//53 4250//1278 
f 4252//89 4138//830 4137//305 4251//533 
f 4253//280 4139//355 4138//830 4252//89 
f 4254//95 4140//162 4139//355 4253//280 
f 4255//240 4141//247 4140//162 4254//95 
f 4256//464 4142//107 4141//247 4255//240 
f 4257//92 4143//307 4142//107 4256//464 
f 4258//163 4144//1072 4143//307 4257//92 
f 4259//1279 4145//1257 4144//1072 4258//163 
f 4260//1280 4146//136 4145//1257 4259//1279 
f 4261//1281 4147//1258 4146//136 4260//1280 
f 4262//593 4148//50 4147//1258 4261//1281 
f 4263//1228 4149//944 4148//50 4262//593 
f 4264//1282 4150//1259 4149//944 4263//1228 
f 4265//1283 4151//413 4150//1259 4264//1282 
f 4266//1284 4152//1260 4151//413 4265//1283 
f 4267//49 4153//1261 4152//1260 4266//1284 
f 4268//47 4154//404 4153//1261 4267//49 
f 4269//646 4155//160 4154//404 4268//47 
f 4270//1285 4156//882 4155//160 4269//646 
f 4271//96 4157//81 4156//882 4270//1285 
f 4272//234 4158//573 4157//81 4271//96 
f 4273//1286 4159//79 4158//573 4272//234 
f 4274//1287 4160//1262 4159//79 4273//1286 
f 4275//1288 4161//1263 4160//1262 4274//1287 
f 4276//1289 4162//1264 4161//1263 4275//1288 
f 4277//1290 4163//1265 4162//1264 4276//1289 
f 4278//1291 4164//1266 4163//1265 4277//1290 
f 4279//1292 4165//1267 4164//1266 4278//1291 
f 4280//101 4166//1268 4165//1267 4279//1292 
f 4281//149 4167//498 4166//1268 4280//101 
f 4282//95 4168//1248 4167//498 4281//149 
f 4283//306 4169//89 4168//1248 4282//95 
f 4284//241 4170//166 4169//89 4283//306 
f 4285//496 4171//122 4170//166 4284//241 
f 4286//305 4172//248 4171//122 4285//496 
f 4287//121 4173//305 4172//248 4286//305 
f 4288//288 4174//408 4173//305 4287//121 
f 4289//95 4175//92 4174//408 4288//288 
f 4290//278 4176//91 4175//92 4289//95 
f 4291//86 4177//306 4176//91 4290//278 
f 4292//1293 4178//927 4177//306 4291//86 
f 4293//1294 4179//759 4178//927 4292//1293 
f 4294//550 4180//1269 4179//759 4293//1294 
f 4295//157 4181//1270 4180//1269 4294//550 
f 4296//211 4182//96 4181//1270 4295//157 
f 4297//496 4183//89 4182//96 4296//211 
f 4298//286 4184//61 4183//89 4297//496 
f 4299//754 4185//755 4184//61 4298//286 
f 4300//128 4186//128 4185//755 4299//754 
f 4301//755 4187//754 4186//128 4300//128 
f 4302//147 4188//61 4187//754 4301//755 
f 4303//238 4189//356 4188//61 4302//147 
f 4304//159 4190//353 4189//356 4303//238 
f 4305//353 4191//462 4190//353 4304//159 
f 4306//162 4192//229 4191//462 4305//353 
f 4307//410 4193//410 4192//229 4306//162 
f 4308//305 4194//444 4193//410 4307//410 
f 4309//89 4195//1095 4194//444 4308//305 
f 4310//100 4196//1271 4195//1095 4309//89 
f 4311//288 4197//120 4196//1271 4310//100 
f 4312//238 4198//230 4197//120 4311//288 
f 4313//230 4199//238 4198//230 4312//238 
f 4314//147 4200//356 4199//238 4313//230 
f 4315//147 4201//464 4200//356 4314//147 
f 4316//411 4202//246 4201//464 4315//147 
f 4317//248 4203//231 4202//246 4316//411 
f 4318//107 4204//107 4203//231 4317//248 
f 4319//107 4205//107 4204//107 4318//107 
f 4320//231 4206//307 4205//107 4319//107 
f 4321//246 4207//307 4206//307 4320//231 
f 4322//464 4208//231 4207//307 4321//246 
f 4323//356 4209//246 4208//231 4322//464 
f 4324//157 4210//464 4209//246 4323//356 
f 4325//158 4211//238 4210//464 4324//157 
f 4326//158 4212//93 4211//238 4325//158 
f 4327//237 4213//149 4212//93 4326//158 
f 4328//574 4214//149 4213//149 4327//237 
f 4329//97 4215//288 4214//149 4328//574 
f 4330//240 4216//148 4215//288 4329//97 
f 4331//178 4217//238 4216//148 4330//240 
f 4332//412 4218//121 4217//238 4331//178 
f 4333//341 4219//107 4220//107 4334//166 
f 4335//147 4221//107 4219//107 4333//341 
f 4336//120 4222//410 4221//107 4335//147 
f 4337//243 4223//519 4222//410 4336//120 
f 4338//162 4224//158 4223//519 4337//243 
f 4339//162 4225//160 4224//158 4338//162 
f 4340//621 4226//119 4225//160 4339//162 
f 4341//1295 4227//652 4226//119 4340//621 
f 4342//684 4228//685 4227//652 4341//1295 
f 4343//1296 4229//497 4228//685 4342//684 
f 4344//395 4230//961 4229//497 4343//1296 
f 4345//96 4231//582 4230//961 4344//395 
f 4346//148 4232//582 4231//582 4345//96 
f 4347//302 4233//132 4232//582 4346//148 
f 4348//302 4234//545 4233//132 4347//302 
f 4349//238 4235//163 4234//545 4348//302 
f 4350//97 4236//210 4235//163 4349//238 
f 4351//280 4237//152 4236//210 4350//97 
f 4352//210 4238//242 4237//152 4351//280 
f 4353//92 4239//361 4238//242 4352//210 
f 4354//411 4240//1272 4239//361 4353//92 
f 4355//232 4241//1273 4240//1272 4354//411 
f 4356//112 4242//1274 4241//1273 4355//232 
f 4357//1108 4243//1275 4242//1274 4356//112 
f 4358//1297 4244//36 4243//1275 4357//1108 
f 4359//1298 4245//1073 4244//36 4358//1297 
f 4360//539 4246//922 4245//1073 4359//1298 
f 4361//1299 4247//223 4246//922 4360//539 
f 4362//1300 4248//1276 4247//223 4361//1299 
f 4363//1301 4249//1277 4248//1276 4362//1300 
f 4364//968 4250//1278 4249//1277 4363//1301 
f 4365//1302 4251//533 4250//1278 4364//968 
f 4366//543 4252//89 4251//533 4365//1302 
f 4367//231 4253//280 4252//89 4366//543 
f 4368//246 4254//95 4253//280 4367//231 
f 4369//341 4255//240 4254//95 4368//246 
f 4370//238 4256//464 4255//240 4369//341 
f 4371//93 4257//92 4256//464 4370//238 
f 4372//158 4258//163 4257//92 4371//93 
f 4373//738 4259//1279 4258//163 4372//158 
f 4374//1237 4260//1280 4259//1279 4373//738 
f 4375//1303 4261//1281 4260//1280 4374//1237 
f 4376//49 4262//593 4261//1281 4375//1303 
f 4377//1304 4263//1228 4262//593 4376//49 
f 4378//1305 4264//1282 4263//1228 4377//1304 
f 4379//136 4265//1283 4264//1282 4378//1305 
f 4380//1136 4266//1284 4265//1283 4379//136 
f 4381//1227 4267//49 4266//1284 4380//1136 
f 4382//1155 4268//47 4267//49 4381//1227 
f 4383//1306 4269//646 4268//47 4382//1155 
f 4384//1204 4270//1285 4269//646 4383//1306 
f 4385//226 4271//96 4270//1285 4384//1204 
f 4386//107 4272//234 4271//96 4385//226 
f 4387//1307 4273//1286 4272//234 4386//107 
f 4388//1308 4274//1287 4273//1286 4387//1307 
f 4389//1309 4275//1288 4274//1287 4388//1308 
f 4390//1310 4276//1289 4275//1288 4389//1309 
f 4391//1311 4277//1290 4276//1289 4390//1310 
f 4392//1312 4278//1291 4277//1290 4391//1311 
f 4393//1313 4279//1292 4278//1291 4392//1312 
f 4394//100 4280//101 4279//1292 4393//1313 
f 4395//96 4281//149 4280//101 4394//100 
f 4396//210 4282//95 4281//149 4395//96 
f 4397//91 4283//306 4282//95 4396//210 
f 4398//63 4284//241 4283//306 4397//91 
f 4399//342 4285//496 4284//241 4398//63 
f 4400//100 4286//305 4285//496 4399//342 
f 4401//158 4287//121 4286//305 4400//100 
f 4402//237 4288//288 4287//121 4401//158 
f 4403//96 4289//95 4288//288 4402//237 
f 4404//210 4290//278 4289//95 4403//96 
f 4405//100 4291//86 4290//278 4404//210 
f 4406//158 4292//1293 4291//86 4405//100 
f 4407//716 4293//1294 4292//1293 4406//158 
f 4408//353 4294//550 4293//1294 4407//716 
f 4409//464 4295//157 4294//550 4408//353 
f 4410//61 4296//211 4295//157 4409//464 
f 4411//495 4297//496 4296//211 4410//61 
f 4412//496 4298//286 4297//496 4411//495 
f 4413//830 4299//754 4298//286 4412//496 
f 4414//63 4300//128 4299//754 4413//830 
f 4415//89 4301//755 4300//128 4414//63 
f 4416//157 4302//147 4301//755 4415//89 
f 4417//158 4303//238 4302//147 4416//157 
f 4418//93 4304//159 4303//238 4417//158 
f 4419//238 4305//353 4304//159 4418//93 
f 4420//464 4306//162 4305//353 4419//238 
f 4421//147 4307//410 4306//162 4420//464 
f 4422//147 4308//305 4307//410 4421//147 
f 4423//341 4309//89 4308//305 4422//147 
f 4424//98 4310//100 4309//89 4423//341 
f 4425//98 4311//288 4310//100 4424//98 
f 4426//147 4312//238 4311//288 4425//98 
f 4427//180 4313//230 4312//238 4426//147 
f 4428//107 4314//147 4313//230 4427//180 
f 4429//107 4315//147 4314//147 4428//107 
f 4430//248 4316//411 4315//147 4429//107 
f 4431//411 4317//248 4316//411 4430//248 
f 4432//147 4318//107 4317//248 4431//411 
f 4433//464 4319//107 4318//107 4432//147 
f 4434//356 4320//231 4319//107 4433//464 
f 4435//92 4321//246 4320//231 4434//356 
f 4436//148 4322//464 4321//246 4435//92 
f 4437//93 4323//356 4322//464 4436//148 
f 4438//651 4324//157 4323//356 4437//93 
f 4439//498 4325//158 4324//157 4438//651 
f 4440//237 4326//158 4325//158 4439//498 
f 4441//157 4327//237 4326//158 4440//237 
f 4442//140 4328//574 4327//237 4441//157 
f 4443//211 4329//97 4328//574 4442//140 
f 4444//61 4330//240 4329//97 4443//211 
f 4445//231 4331//178 4330//240 4444//61 
f 4446//407 4332//412 4331//178 4445//231 
f 4447//61 4333//341 4334//166 4448//1095 
f 4449//231 4335//147 4333//341 4447//61 
f 4450//308 4336//120 4335//147 4449//231 
f 4451//506 4337//243 4336//120 4450//308 
f 4452//741 4338//162 4337//243 4451//506 
f 4453//619 4339//162 4338//162 4452//741 
f 4454//49 4340//621 4339//162 4453//619 
f 4455//1136 4341//1295 4340//621 4454//49 
f 4456//865 4342//684 4341//1295 4455//1136 
f 4457//1314 4343//1296 4342//684 4456//865 
f 4458//395 4344//395 4343//1296 4457//1314 
f 4459//1315 4345//96 4344//395 4458//395 
f 4460//1316 4346//148 4345//96 4459//1315 
f 4461//121 4347//302 4346//148 4460//1316 
f 4462//361 4348//302 4347//302 4461//121 
f 4463//301 4349//238 4348//302 4462//361 
f 4464//230 4350//97 4349//238 4463//301 
f 4465//95 4351//280 4350//97 4464//230 
f 4466//280 4352//210 4351//280 4465//95 
f 4467//152 4353//92 4352//210 4466//280 
f 4468//241 4354//411 4353//92 4467//152 
f 4469//241 4355//232 4354//411 4468//241 
f 4470//97 4356//112 4355//232 4469//241 
f 4471//160 4357//1108 4356//112 4470//97 
f 4472//621 4358//1297 4357//1108 4471//160 
f 4473//226 4359//1298 4358//1297 4472//621 
f 4474//308 4360//539 4359//1298 4473//226 
f 4475//506 4361//1299 4360//539 4474//308 
f 4476//1317 4362//1300 4361//1299 4475//506 
f 4477//1111 4363//1301 4362//1300 4476//1317 
f 4478//1318 4364//968 4363//1301 4477//1111 
f 4479//1319 4365//1302 4364//968 4478//1318 
f 4480//1320 4366//543 4365//1302 4479//1319 
f 4481//224 4367//231 4366//543 4480//1320 
f 4482//909 4368//246 4367//231 4481//224 
f 4483//354 4369//341 4368//246 4482//909 
f 4484//353 4370//238 4369//341 4483//354 
f 4485//160 4371//93 4370//238 4484//353 
f 4486//93 4372//158 4371//93 4485//160 
f 4487//302 4373//738 4372//158 4486//93 
f 4488//1167 4374//1237 4373//738 4487//302 
f 4489//48 4375//1303 4374//1237 4488//1167 
f 4490//144 4376//49 4375//1303 4489//48 
f 4491//1167 4377//1304 4376//49 4490//144 
f 4492//1321 4378//1305 4377//1304 4491//1167 
f 4493//1322 4379//136 4378//1305 4492//1321 
f 4494//1136 4380//1136 4379//136 4493//1322 
f 4495//460 4381//1227 4380//1136 4494//1136 
f 4496//283 4382//1155 4381//1227 4495//460 
f 4497//1323 4383//1306 4382//1155 4496//283 
f 4498//761 4384//1204 4383//1306 4497//1323 
f 4499//506 4385//226 4384//1204 4498//761 
f 4500//173 4386//107 4385//226 4499//506 
f 4501//1324 4387//1307 4386//107 4500//173 
f 4502//632 4388//1308 4387//1307 4501//1324 
f 4503//1325 4389//1309 4388//1308 4502//632 
f 4504//1326 4390//1310 4389//1309 4503//1325 
f 4505//1327 4391//1311 4390//1310 4504//1326 
f 4506//1328 4392//1312 4391//1311 4505//1327 
f 4507//287 4393//1313 4392//1312 4506//1328 
f 4508//92 4394//100 4393//1313 4507//287 
f 4509//92 4395//96 4394//100 4508//92 
f 4510//211 4396//210 4395//96 4509//92 
f 4511//1095 4397//91 4396//210 4510//211 
f 4512//241 4398//63 4397//91 4511//1095 
f 4513//84 4399//342 4398//63 4512//241 
f 4514//544 4400//100 4399//342 4513//84 
f 4515//395 4401//158 4400//100 4514//544 
f 4516//1329 4402//237 4401//158 4515//395 
f 4517//882 4403//96 4402//237 4516//1329 
f 4518//84 4404//210 4403//96 4517//882 
f 4519//279 4405//100 4404//210 4518//84 
f 4520//238 4406//158 4405//100 4519//279 
f 4521//243 4407//716 4406//158 4520//238 
f 4522//247 4408//353 4407//716 4521//243 
f 4523//107 4409//464 4408//353 4522//247 
f 4524//248 4410//61 4409//464 4523//107 
f 4525//444 4411//495 4410//61 4524//248 
f 4526//287 4412//496 4411//495 4525//444 
f 4527//241 4413//830 4412//496 4526//287 
f 4528//342 4414//63 4413//830 4527//241 
f 4529//280 4415//89 4414//63 4528//342 
f 4530//498 4416//157 4415//89 4529//280 
f 4531//498 4417//158 4416//157 4530//498 
f 4532//95 4418//93 4417//158 4531//498 
f 4533//341 4419//238 4418//93 4532//95 
f 4534//231 4420//464 4419//238 4533//341 
f 4535//107 4421//147 4420//464 4534//231 
f 4536//180 4422//147 4421//147 4535//107 
f 4537//178 4423//341 4422//147 4536//180 
f 4538//147 4424//98 4423//341 4537//178 
f 4539//411 4425//98 4424//98 4538//147 
f 4540//248 4426//147 4425//98 4539//411 
f 4541//107 4427//180 4426//147 4540//248 
f 4542//107 4428//107 4427//180 4541//107 
f 4543//107 4429//107 4428//107 4542//107 
f 4544//231 4430//248 4429//107 4543//107 
f 4545//246 4431//411 4430//248 4544//231 
f 4546//464 4432//147 4431//411 4545//246 
f 4547//238 4433//464 4432//147 4546//464 
f 4548//148 4434//356 4433//464 4547//238 
f 4549//92 4435//92 4434//356 4548//148 
f 4550//240 4436//148 4435//92 4549//92 
f 4551//354 4437//93 4436//148 4550//240 
f 4552//53 4438//651 4437//93 4551//354 
f 4553//301 4439//498 4438//651 4552//53 
f 4554//354 4440//237 4439//498 4553//301 
f 4555//178 4441//157 4440//237 4554//354 
f 4556//123 4442//140 4441//157 4555//178 
f 4557//411 4443//211 4442//140 4556//123 
f 4558//607 4444//61 4443//211 4557//411 
f 4559//166 4445//231 4444//61 4558//607 
f 4560//121 4446//407 4445//231 4559//166 
f 4561//179 4447//61 4448//1095 4562//532 
f 4563//411 4449//231 4447//61 4561//179 
f 4564//231 4450//308 4449//231 4563//411 
f 4565//308 4451//506 4450//308 4564//231 
f 4566//463 4452//741 4451//506 4565//308 
f 4567//1155 4453//619 4452//741 4566//463 
f 4568//926 4454//49 4453//619 4567//1155 
f 4569//1330 4455//1136 4454//49 4568//926 
f 4570//1331 4456//865 4455//1136 4569//1330 
f 4571//1332 4457//1314 4456//865 4570//1331 
f 4572//550 4458//395 4457//1314 4571//1332 
f 4573//1333 4459//1315 4458//395 4572//550 
f 4574//77 4460//1316 4459//1315 4573//1333 
f 4575//1334 4461//121 4460//1316 4574//77 
f 4576//536 4462//361 4461//121 4575//1334 
f 4577//158 4463//301 4462//361 4576//536 
f 4578//160 4464//230 4463//301 4577//158 
f 4579//242 4465//95 4464//230 4578//160 
f 4580//211 4466//280 4465//95 4579//242 
f 4581//152 4467//152 4466//280 4580//211 
f 4582//84 4468//241 4467//152 4581//152 
f 4583//87 4469//241 4468//241 4582//84 
f 4584//82 4470//97 4469//241 4583//87 
f 4585//94 4471//160 4470//97 4584//82 
f 4586//353 4472//621 4471//160 4585//94 
f 4587//230 4473//226 4472//621 4586//353 
f 4588//147 4474//308 4473//226 4587//230 
f 4589//178 4475//506 4474//308 4588//147 
f 4590//1335 4476//1317 4475//506 4589//178 
f 4591//1202 4477//1111 4476//1317 4590//1335 
f 4592//1336 4478//1318 4477//1111 4591//1202 
f 4593//1337 4479//1319 4478//1318 4592//1336 
f 4594//312 4480//1320 4479//1319 4593//1337 
f 4595//1338 4481//224 4480//1320 4594//312 
f 4596//227 4482//909 4481//224 4595//1338 
f 4597//249 4483//354 4482//909 4596//227 
f 4598//716 4484//353 4483//354 4597//249 
f 4599//1247 4485//160 4484//353 4598//716 
f 4600//581 4486//93 4485//160 4599//1247 
f 4601//96 4487//302 4486//93 4600//581 
f 4602//738 4488//1167 4487//302 4601//96 
f 4603//959 4489//48 4488//1167 4602//738 
f 4604//838 4490//144 4489//48 4603//959 
f 4605//50 4491//1167 4490//144 4604//838 
f 4606//1339 4492//1321 4491//1167 4605//50 
f 4607//1340 4493//1322 4492//1321 4606//1339 
f 4608//887 4494//1136 4493//1322 4607//1340 
f 4609//960 4495//460 4494//1136 4608//887 
f 4610//1341 4496//283 4495//460 4609//960 
f 4611//497 4497//1323 4496//283 4610//1341 
f 4612//159 4498//761 4497//1323 4611//497 
f 4613//231 4499//506 4498//761 4612//159 
f 4614//1342 4500//173 4499//506 4613//231 
f 4615//1343 4501//1324 4500//173 4614//1342 
f 4616//1344 4502//632 4501//1324 4615//1343 
f 4617//1345 4503//1325 4502//632 4616//1344 
f 4618//1346 4504//1326 4503//1325 4617//1345 
f 4619//1347 4505//1327 4504//1326 4618//1346 
f 4620//1348 4506//1328 4505//1327 4619//1347 
f 4621//151 4507//287 4506//1328 4620//1348 
f 4622//96 4508//92 4507//287 4621//151 
f 4623//758 4509//92 4508//92 4622//96 
f 4624//306 4510//211 4509//92 4623//758 
f 4625//84 4511//1095 4510//211 4624//306 
f 4626//1349 4512//241 4511//1095 4625//84 
f 4627//1350 4513//84 4512//241 4626//1349 
f 4628//1351 4514//544 4513//84 4627//1350 
f 4629//1352 4515//395 4514//544 4628//1351 
f 4630//397 4516//1329 4515//395 4629//1352 
f 4631//639 4517//882 4516//1329 4630//397 
f 4632//164 4518//84 4517//882 4631//639 
f 4633//84 4519//279 4518//84 4632//164 
f 4634//149 4520//238 4519//279 4633//84 
f 4635//148 4521//243 4520//238 4634//149 
f 4636//147 4522//247 4521//243 4635//148 
f 4637//231 4523//107 4522//247 4636//147 
f 4638//231 4524//248 4523//107 4637//231 
f 4639//305 4525//444 4524//248 4638//231 
f 4640//212 4526//287 4525//444 4639//305 
f 4641//496 4527//241 4526//287 4640//212 
f 4642//607 4528//342 4527//241 4641//496 
f 4643//92 4529//280 4528//342 4642//607 
f 4644//158 4530//498 4529//280 4643//92 
f 4645//148 4531//498 4530//498 4644//158 
f 4646//99 4532//95 4531//498 4645//148 
f 4647//179 4533//341 4532//95 4646//99 
f 4648//233 4534//231 4533//341 4647//179 
f 4649//680 4535//107 4534//231 4648//233 
f 4650//447 4536//180 4535//107 4649//680 
f 4651//537 4537//178 4536//180 4650//447 
f 4652//180 4538//147 4537//178 4651//537 
f 4653//305 4539//411 4538//147 4652//180 
f 4654//211 4540//248 4539//411 4653//305 
f 4655//92 4541//107 4540//248 4654//211 
f 4656//92 4542//107 4541//107 4655//92 
f 4657//92 4543//107 4542//107 4656//92 
f 4658//92 4544//231 4543//107 4657//92 
f 4659//92 4545//246 4544//231 4658//92 
f 4660//148 4546//464 4545//246 4659//92 
f 4661//121 4547//238 4546//464 4660//148 
f 4662//410 4548//148 4547//238 4661//121 
f 4663//107 4549//92 4548//148 4662//410 
f 4664//307 4550//240 4549//92 4663//107 
f 4665//394 4551//354 4550//240 4664//307 
f 4666//506 4552//53 4551//354 4665//394 
f 4667//741 4553//301 4552//53 4666//506 
f 4668//619 4554//354 4553//301 4667//741 
f 4669//394 4555//178 4554//354 4668//619 
f 4670//307 4556//123 4555//178 4669//394 
f 4671//410 4557//411 4556//123 4670//307 
f 4672//98 4558//607 4557//411 4671//410 
f 4673//574 4559//166 4558//607 4672//98 
f 4674//96 4560//121 4559//166 4673//574 
f 4675//305 4561//179 4562//532 4676//123 
f 4677//211 4563//411 4561//179 4675//305 
f 4678//140 4564//231 4563//411 4677//211 
f 4679//92 4565//308 4564//231 4678//140 
f 4680//121 4566//463 4565//308 4679//92 
f 4681//53 4567//1155 4566//463 4680//121 
f 4682//1353 4568//926 4567//1155 4681//53 
f 4683//1354 4569//1330 4568//926 4682//1353 
f 4684//414 4570//1331 4569//1330 4683//1354 
f 4685//1258 4571//1332 4570//1331 4684//414 
f 4686//1355 4572//550 4571//1332 4685//1258 
f 4687//449 4573//1333 4572//550 4686//1355 
f 4688//1356 4574//77 4573//1333 4687//449 
f 4689//78 4575//1334 4574//77 4688//1356 
f 4690//1357 4576//536 4575//1334 4689//78 
f 4691//1358 4577//158 4576//536 4690//1357 
f 4692//883 4578//160 4577//158 4691//1358 
f 4693//278 4579//242 4578//160 4692//883 
f 4694//152 4580//211 4579//242 4693//278 
f 4695//140 4581//152 4580//211 4694//152 
f 4696//97 4582//84 4581//152 4695//140 
f 4697//151 4583//87 4582//84 4696//97 
f 4698//84 4584//82 4583//87 4697//151 
f 4699//96 4585//94 4584//82 4698//84 
f 4700//498 4586//353 4585//94 4699//96 
f 4701//163 4587//230 4586//353 4700//498 
f 4702//96 4588//147 4587//230 4701//163 
f 4703//96 4589//178 4588//147 4702//96 
f 4704//927 4590//1335 4589//178 4703//96 
f 4705//352 4591//1202 4590//1335 4704//927 
f 4706//1359 4592//1336 4591//1202 4705//352 
f 4707//844 4593//1337 4592//1336 4706//1359 
f 4708//1304 4594//312 4593//1337 4707//844 
f 4709//1136 4595//1338 4594//312 4708//1304 
f 4710//551 4596//227 4595//1338 4709//1136 
f 4711//1360 4597//249 4596//227 4710//551 
f 4712//1361 4598//716 4597//249 4711//1360 
f 4713//592 4599//1247 4598//716 4712//1361 
f 4714//56 4600//581 4599//1247 4713//592 
f 4715//210 4601//96 4600//581 4714//56 
f 4716//52 4602//738 4601//96 4715//210 
f 4717//1362 4603//959 4602//738 4716//52 
f 4718//1363 4604//838 4603//959 4717//1362 
f 4719//584 4605//50 4604//838 4718//1363 
f 4720//135 4606//1339 4605//50 4719//584 
f 4721//1364 4607//1340 4606//1339 4720//135 
f 4722//1365 4608//887 4607//1340 4721//1364 
f 4723//1366 4609//960 4608//887 4722//1365 
f 4724//1367 4610//1341 4609//960 4723//1366 
f 4725//843 4611//497 4610//1341 4724//1367 
f 4726//1271 4612//159 4611//497 4725//843 
f 4727//1368 4613//231 4612//159 4726//1271 
f 4728//1369 4614//1342 4613//231 4727//1368 
f 4729//1370 4615//1343 4614//1342 4728//1369 
f 4730//1371 4616//1344 4615//1343 4729//1370 
f 4731//1372 4617//1345 4616//1344 4730//1371 
f 4732//1373 4618//1346 4617//1345 4731//1372 
f 4733//1374 4619//1347 4618//1346 4732//1373 
f 4734//1375 4620//1348 4619//1347 4733//1374 
f 4735//1376 4621//151 4620//1348 4734//1375 
f 4736//1377 4622//96 4621//151 4735//1376 
f 4737//80 4623//758 4622//96 4736//1377 
f 4738//207 4624//306 4623//758 4737//80 
f 4739//141 4625//84 4624//306 4738//207 
f 4740//928 4626//1349 4625//84 4739//141 
f 4741//1378 4627//1350 4626//1349 4740//928 
f 4742//1379 4628//1351 4627//1350 4741//1378 
f 4743//1377 4629//1352 4628//1351 4742//1379 
f 4744//573 4630//397 4629//1352 4743//1377 
f 4745//1380 4631//639 4630//397 4744//573 
f 4746//342 4632//164 4631//639 4745//1380 
f 4747//280 4633//84 4632//164 4746//342 
f 4748//96 4634//149 4633//84 4747//280 
f 4749//210 4635//148 4634//149 4748//96 
f 4750//89 4636//147 4635//148 4749//210 
f 4751//99 4637//231 4636//147 4750//89 
f 4752//147 4638//231 4637//231 4751//99 
f 4753//246 4639//305 4638//231 4752//147 
f 4754//122 4640//212 4639//305 4753//246 
f 4755//444 4641//496 4640//212 4754//122 
f 4756//211 4642//607 4641//496 4755//444 
f 4757//148 4643//92 4642//607 4756//211 
f 4758//238 4644//158 4643//92 4757//148 
f 4759//341 4645//148 4644//158 4758//238 
f 4760//61 4646//99 4645//148 4759//341 
f 4761//444 4647//179 4646//99 4760//61 
f 4762//286 4648//233 4647//179 4761//444 
f 4763//248 4649//680 4648//233 4762//286 
f 4764//407 4650//447 4649//680 4763//248 
f 4765//226 4651//537 4650//447 4764//407 
f 4766//354 4652//180 4651//537 4765//226 
f 4767//464 4653//305 4652//180 4766//354 
f 4768//98 4654//211 4653//305 4767//464 
f 4769//92 4655//92 4654//211 4768//98 
f 4770//92 4656//92 4655//92 4769//92 
f 4771//92 4657//92 4656//92 4770//92 
f 4772//92 4658//92 4657//92 4771//92 
f 4773//98 4659//92 4658//92 4772//92 
f 4774//147 4660//148 4659//92 4773//98 
f 4775//231 4661//121 4660//148 4774//147 
f 4776//307 4662//410 4661//121 4775//231 
f 4777//107 4663//107 4662//410 4776//307 
f 4778//231 4664//307 4663//107 4777//107 
f 4779//410 4665//394 4664//307 4778//231 
f 4780//180 4666//506 4665//394 4779//410 
f 4781//407 4667//741 4666//506 4780//180 
f 4782//227 4668//619 4667//741 4781//407 
f 4783//247 4669//394 4668//619 4782//227 
f 4784//147 4670//307 4669//394 4783//247 
f 4785//238 4671//410 4670//307 4784//147 
f 4786//148 4672//98 4671//410 4785//238 
f 4787//92 4673//574 4672//98 4786//148 
f 4788//92 4674//96 4673//574 4787//92 
f 4789//147 4675//305 4676//123 4790//147 
f 4791//341 4677//211 4675//305 4789//147 
f 4792//92 4678//140 4677//211 4791//341 
f 4793//740 4679//92 4678//140 4792//92 
f 4794//210 4680//121 4679//92 4793//740 
f 4795//1381 4681//53 4680//121 4794//210 
f 4796//1382 4682//1353 4681//53 4795//1381 
f 4797//1383 4683//1354 4682//1353 4796//1382 
f 4798//1384 4684//414 4683//1354 4797//1383 
f 4799//1385 4685//1258 4684//414 4798//1384 
f 4800//1386 4686//1355 4685//1258 4799//1385 
f 4801//860 4687//449 4686//1355 4800//1386 
f 4802//1387 4688//1356 4687//449 4801//860 
f 4803//1388 4689//78 4688//1356 4802//1387 
f 4804//213 4690//1357 4689//78 4803//1388 
f 4805//398 4691//1358 4690//1357 4804//213 
f 4806//206 4692//883 4691//1358 4805//398 
f 4807//74 4693//278 4692//883 4806//206 
f 4808//342 4694//152 4693//278 4807//74 
f 4809//99 4695//140 4694//152 4808//342 
f 4810//147 4696//97 4695//140 4809//99 
f 4811//341 4697//151 4696//97 4810//147 
f 4812//97 4698//84 4697//151 4811//341 
f 4813//536 4699//96 4698//84 4812//97 
f 4814//1270 4700//498 4699//96 4813//536 
f 4815//1068 4701//163 4700//498 4814//1270 
f 4816//1389 4702//96 4701//163 4815//1068 
f 4817//1390 4703//96 4702//96 4816//1389 
f 4818//1391 4704//927 4703//96 4817//1390 
f 4819//1392 4705//352 4704//927 4818//1391 
f 4820//1391 4706//1359 4705//352 4819//1392 
f 4821//1393 4707//844 4706//1359 4820//1391 
f 4822//1394 4708//1304 4707//844 4821//1393 
f 4823//1395 4709//1136 4708//1304 4822//1394 
f 4824//1396 4710//551 4709//1136 4823//1395 
f 4825//1397 4711//1360 4710//551 4824//1396 
f 4826//1314 4712//1361 4711//1360 4825//1397 
f 4827//302 4713//592 4712//1361 4826//1314 
f 4828//120 4714//56 4713//592 4827//302 
f 4829//1398 4715//210 4714//56 4828//120 
f 4830//1399 4716//52 4715//210 4829//1398 
f 4831//1400 4717//1362 4716//52 4830//1399 
f 4832//1401 4718//1363 4717//1362 4831//1400 
f 4833//1294 4719//584 4718//1363 4832//1401 
f 4834//682 4720//135 4719//584 4833//1294 
f 4835//49 4721//1364 4720//135 4834//682 
f 4836//223 4722//1365 4721//1364 4835//49 
f 4837//1402 4723//1366 4722//1365 4836//223 
f 4838//1168 4724//1367 4723//1366 4837//1402 
f 4839//1403 4725//843 4724//1367 4838//1168 
f 4840//1404 4726//1271 4725//843 4839//1403 
f 4841//985 4727//1368 4726//1271 4840//1404 
f 4842//1405 4728//1369 4727//1368 4841//985 
f 4843//1406 4729//1370 4728//1369 4842//1405 
f 4844//1407 4730//1371 4729//1370 4843//1406 
f 4845//1408 4731//1372 4730//1371 4844//1407 
f 4846//1409 4732//1373 4731//1372 4845//1408 
f 4847//1410 4733//1374 4732//1373 4846//1409 
f 4848//1411 4734//1375 4733//1374 4847//1410 
f 4849//1412 4735//1376 4734//1375 4848//1411 
f 4850//1413 4736//1377 4735//1376 4849//1412 
f 4851//1414 4737//80 4736//1377 4850//1413 
f 4852//80 4738//207 4737//80 4851//1414 
f 4853//1415 4739//141 4738//207 4852//80 
f 4854//1416 4740//928 4739//141 4853//1415 
f 4855//1417 4741//1378 4740//928 4854//1416 
f 4856//1379 4742//1379 4741//1378 4855//1417 
f 4857//1418 4743//1377 4742//1379 4856//1379 
f 4858//1419 4744//573 4743//1377 4857//1418 
f 4859//1420 4745//1380 4744//573 4858//1419 
f 4860//61 4746//342 4745//1380 4859//1420 
f 4861//92 4747//280 4746//342 4860//61 
f 4862//95 4748//96 4747//280 4861//92 
f 4863//89 4749//210 4748//96 4862//95 
f 4864//496 4750//89 4749//210 4863//89 
f 4865//61 4751//99 4750//89 4864//496 
f 4866//246 4752//147 4751//99 4865//61 
f 4867//248 4753//246 4752//147 4866//246 
f 4868//248 4754//122 4753//246 4867//248 
f 4869//305 4755//444 4754//122 4868//248 
f 4870//98 4756//211 4755//444 4869//305 
f 4871//356 4757//148 4756//211 4870//98 
f 4872//464 4758//238 4757//148 4871//356 
f 4873//341 4759//341 4758//238 4872//464 
f 4874//212 4760//61 4759//341 4873//341 
f 4875//496 4761//444 4760//61 4874//212 
f 4876//496 4762//286 4761//444 4875//496 
f 4877//211 4763//248 4762//286 4876//496 
f 4878//159 4764//407 4763//248 4877//211 
f 4879//283 4765//226 4764//407 4878//159 
f 4880//159 4766//354 4765//226 4879//283 
f 4881//356 4767//464 4766//354 4880//159 
f 4882//341 4768//98 4767//464 4881//356 
f 4883//147 4769//92 4768//98 4882//341 
f 4884//147 4770//92 4769//92 4883//147 
f 4885//147 4771//92 4770//92 4884//147 
f 4886//147 4772//92 4771//92 4885//147 
f 4887//411 4773//98 4772//92 4886//147 
f 4888//248 4774//147 4773//98 4887//411 
f 4889//231 4775//231 4774//147 4888//248 
f 4890//246 4776//307 4775//231 4889//231 
f 4891//464 4777//107 4776//307 4890//246 
f 4892//356 4778//231 4777//107 4891//464 
f 4893//92 4779//410 4778//231 4892//356 
f 4894//92 4780//180 4779//410 4893//92 
f 4895//238 4781//407 4780//180 4894//92 
f 4896//462 4782//227 4781//407 4895//238 
f 4897//162 4783//247 4782//227 4896//462 
f 4898//230 4784//147 4783//247 4897//162 
f 4899//239 4785//238 4784//147 4898//230 
f 4900//464 4786//148 4785//238 4899//239 
f 4901//147 4787//92 4786//148 4900//464 
f 4902//147 4788//92 4787//92 4901//147 
f 4903//147 4789//147 4790//147 4904//147 
f 4905//147 4791//341 4789//147 4903//147 
f 4906//178 4792//92 4791//341 4905//147 
f 4907//412 4793//740 4792//92 4906//178 
f 4908//121 4794//210 4793//740 4907//412 
f 4909//1421 4795//1381 4794//210 4908//121 
f 4910//1422 4796//1382 4795//1381 4909//1421 
f 4911//1423 4797//1383 4796//1382 4910//1422 
f 4912//1424 4798//1384 4797//1383 4911//1423 
f 4913//1425 4799//1385 4798//1384 4912//1424 
f 4914//1426 4800//1386 4799//1385 4913//1425 
f 4915//1427 4801//860 4800//1386 4914//1426 
f 4916//290 4802//1387 4801//860 4915//1427 
f 4917//412 4803//1388 4802//1387 4916//290 
f 4918//356 4804//213 4803//1388 4917//412 
f 4919//96 4805//398 4804//213 4918//356 
f 4920//86 4806//206 4805//398 4919//96 
f 4921//1428 4807//74 4806//206 4920//86 
f 4922//1429 4808//342 4807//74 4921//1428 
f 4923//1430 4809//99 4808//342 4922//1429 
f 4924//123 4810//147 4809//99 4923//1430 
f 4925//180 4811//341 4810//147 4924//123 
f 4926//162 4812//97 4811//341 4925//180 
f 4927//159 4813//536 4812//97 4926//162 
f 4928//712 4814//1270 4813//536 4927//159 
f 4929//1431 4815//1068 4814//1270 4928//712 
f 4930//397 4816//1389 4815//1068 4929//1431 
f 4931//1391 4817//1390 4816//1389 4930//397 
f 4932//1391 4818//1391 4817//1390 4931//1391 
f 4933//1158 4819//1392 4818//1391 4932//1391 
f 4934//397 4820//1391 4819//1392 4933//1158 
f 4935//653 4821//1393 4820//1391 4934//397 
f 4936//1432 4822//1394 4821//1393 4935//653 
f 4937//1433 4823//1395 4822//1394 4936//1432 
f 4938//1395 4824//1396 4823//1395 4937//1433 
f 4939//1434 4825//1397 4824//1396 4938//1395 
f 4940//587 4826//1314 4825//1397 4939//1434 
f 4941//1435 4827//302 4826//1314 4940//587 
f 4942//1436 4828//120 4827//302 4941//1435 
f 4943//1437 4829//1398 4828//120 4942//1436 
f 4944//1438 4830//1399 4829//1398 4943//1437 
f 4945//1439 4831//1400 4830//1399 4944//1438 
f 4946//1440 4832//1401 4831//1400 4945//1439 
f 4947//1189 4833//1294 4832//1401 4946//1440 
f 4948//961 4834//682 4833//1294 4947//1189 
f 4949//353 4835//49 4834//682 4948//961 
f 4950//226 4836//223 4835//49 4949//353 
f 4951//1214 4837//1402 4836//223 4950//226 
f 4952//1170 4838//1168 4837//1402 4951//1214 
f 4953//1441 4839//1403 4838//1168 4952//1170 
f 4954//292 4840//1404 4839//1403 4953//1441 
f 4955//219 4841//985 4840//1404 4954//292 
f 4956//1442 4842//1405 4841//985 4955//219 
f 4957//534 4843//1406 4842//1405 4956//1442 
f 4958//1443 4844//1407 4843//1406 4957//534 
f 4959//276 4845//1408 4844//1407 4958//1443 
f 4960//1055 4846//1409 4845//1408 4959//276 
f 4961//1444 4847//1410 4846//1409 4960//1055 
f 4962//1445 4848//1411 4847//1410 4961//1444 
f 4963//1413 4849//1412 4848//1411 4962//1445 
f 4964//1446 4850//1413 4849//1412 4963//1413 
f 4965//789 4851//1414 4850//1413 4964//1446 
f 4966//1447 4852//80 4851//1414 4965//789 
f 4967//1448 4853//1415 4852//80 4966//1447 
f 4968//1449 4854//1416 4853//1415 4967//1448 
f 4969//1450 4855//1417 4854//1416 4968//1449 
f 4970//1451 4856//1379 4855//1417 4969//1450 
f 4971//1452 4857//1418 4856//1379 4970//1451 
f 4972//1453 4858//1419 4857//1418 4971//1452 
f 4973//1454 4859//1420 4858//1419 4972//1453 
f 4974//1019 4860//61 4859//1420 4973//1454 
f 4975//163 4861//92 4860//61 4974//1019 
f 4976//210 4862//95 4861//92 4975//163 
f 4977//342 4863//89 4862//95 4976//210 
f 4978//63 4864//496 4863//89 4977//342 
f 4979//287 4865//61 4864//496 4978//63 
f 4980//61 4866//246 4865//61 4979//287 
f 4981//122 4867//248 4866//246 4980//61 
f 4982//246 4868//248 4867//248 4981//122 
f 4983//147 4869//305 4868//248 4982//246 
f 4984//147 4870//98 4869//305 4983//147 
f 4985//147 4871//356 4870//98 4984//147 
f 4986//147 4872//464 4871//356 4985//147 
f 4987//147 4873//341 4872//464 4986//147 
f 4988//61 4874//212 4873//341 4987//147 
f 4989//496 4875//496 4874//212 4988//61 
f 4990//287 4876//496 4875//496 4989//496 
f 4991//140 4877//211 4876//496 4990//287 
f 4992//159 4878//159 4877//211 4991//140 
f 4993//353 4879//283 4878//159 4992//159 
f 4994//239 4880//159 4879//283 4993//353 
f 4995//356 4881//356 4880//159 4994//239 
f 4996//140 4882//341 4881//356 4995//356 
f 4997//98 4883//147 4882//341 4996//140 
f 4998//341 4884//147 4883//147 4997//98 
f 4999//147 4885//147 4884//147 4998//341 
f 5000//147 4886//147 4885//147 4999//147 
f 5001//99 4887//411 4886//147 5000//147 
f 5002//211 4888//248 4887//411 5001//99 
f 5003//92 4889//231 4888//248 5002//211 
f 5004//92 4890//246 4889//231 5003//92 
f 5005//148 4891//464 4890//246 5004//92 
f 5006//93 4892//356 4891//464 5005//148 
f 5007//149 4893//92 4892//356 5006//93 
f 5008//96 4894//92 4893//92 5007//149 
f 5009//149 4895//238 4894//92 5008//96 
f 5010//238 4896//462 4895//238 5009//149 
f 5011//412 4897//162 4896//462 5010//238 
f 5012//407 4898//230 4897//162 5011//412 
f 5013//226 4899//239 4898//230 5012//407 
f 5014//178 4900//464 4899//239 5013//226 
f 5015//147 4901//147 4900//464 5014//178 
f 5016//147 4902//147 4901//147 5015//147 
f 5017//140 4903//147 4904//147 5018//100 
f 5019//341 4905//147 4903//147 5017//140 
f 5020//246 4906//178 4905//147 5019//341 
f 5021//412 4907//412 4906//178 5020//246 
f 5022//621 4908//121 4907//412 5021//412 
f 5023//1455 4909//1421 4908//121 5022//621 
f 5024//1456 4910//1422 4909//1421 5023//1455 
f 5025//1457 4911//1423 4910//1422 5024//1456 
f 5026//1458 4912//1424 4911//1423 5025//1457 
f 5027//639 4913//1425 4912//1424 5026//1458 
f 5028//96 4914//1426 4913//1425 5027//639 
f 5029//159 4915//1427 4914//1426 5028//96 
f 5030//302 4916//290 4915//1427 5029//159 
f 5031//162 4917//412 4916//290 5030//302 
f 5032//302 4918//356 4917//412 5031//162 
f 5033//238 4919//96 4918//356 5032//302 
f 5034//95 4920//86 4919//96 5033//238 
f 5035//1459 4921//1428 4920//86 5034//95 
f 5036//1460 4922//1429 4921//1428 5035//1459 
f 5037//1461 4923//1430 4922//1429 5036//1460 
f 5038//1462 4924//123 4923//1430 5037//1461 
f 5039//1463 4925//180 4924//123 5038//1462 
f 5040//52 4926//162 4925//180 5039//1463 
f 5041//1341 4927//159 4926//162 5040//52 
f 5042//759 4928//712 4927//159 5041//1341 
f 5043//759 4929//1431 4928//712 5042//759 
f 5044//961 4930//397 4929//1431 5043//759 
f 5045//1464 4931//1391 4930//397 5044//961 
f 5046//1465 4932//1391 4931//1391 5045//1464 
f 5047//356 4933//1158 4932//1391 5046//1465 
f 5048//464 4934//397 4933//1158 5047//356 
f 5049//178 4935//653 4934//397 5048//464 
f 5050//227 4936//1432 4935//653 5049//178 
f 5051//187 4937//1433 4936//1432 5050//227 
f 5052//1466 4938//1395 4937//1433 5051//187 
f 5053//1467 4939//1434 4938//1395 5052//1466 
f 5054//1468 4940//587 4939//1434 5053//1467 
f 5055//1469 4941//1435 4940//587 5054//1468 
f 5056//1470 4942//1436 4941//1435 5055//1469 
f 5057//1471 4943//1437 4942//1436 5056//1470 
f 5058//1472 4944//1438 4943//1437 5057//1471 
f 5059//1473 4945//1439 4944//1438 5058//1472 
f 5060//1474 4946//1440 4945//1439 5059//1473 
f 5061//1475 4947//1189 4946//1440 5060//1474 
f 5062//1476 4948//961 4947//1189 5061//1475 
f 5063//1069 4949//353 4948//961 5062//1476 
f 5064//282 4950//226 4949//353 5063//1069 
f 5065//498 4951//1214 4950//226 5064//282 
f 5066//283 4952//1170 4951//1214 5065//498 
f 5067//404 4953//1441 4952//1170 5066//283 
f 5068//1477 4954//292 4953//1441 5067//404 
f 5069//1478 4955//219 4954//292 5068//1477 
f 5070//1479 4956//1442 4955//219 5069//1478 
f 5071//245 4957//534 4956//1442 5070//1479 
f 5072//59 4958//1443 4957//534 5071//245 
f 5073//147 4959//276 4958//1443 5072//59 
f 5074//96 4960//1055 4959//276 5073//147 
f 5075//234 4961//1444 4960//1055 5074//96 
f 5076//1334 4962//1445 4961//1444 5075//234 
f 5077//1418 4963//1413 4962//1445 5076//1334 
f 5078//500 4964//1446 4963//1413 5077//1418 
f 5079//1480 4965//789 4964//1446 5078//500 
f 5080//1481 4966//1447 4965//789 5079//1480 
f 5081//1482 4967//1448 4966//1447 5080//1481 
f 5082//1449 4968//1449 4967//1448 5081//1482 
f 5083//1483 4969//1450 4968//1449 5082//1449 
f 5084//1484 4970//1451 4969//1450 5083//1483 
f 5085//1485 4971//1452 4970//1451 5084//1484 
f 5086//1486 4972//1453 4971//1452 5085//1485 
f 5087//1487 4973//1454 4972//1453 5086//1486 
f 5088//1390 4974//1019 4973//1454 5087//1487 
f 5089//1488 4975//163 4974//1019 5088//1390 
f 5090//641 4976//210 4975//163 5089//1488 
f 5091//1489 4977//342 4976//210 5090//641 
f 5092//1490 4978//63 4977//342 5091//1489 
f 5093//165 4979//287 4978//63 5092//1490 
f 5094//342 4980//61 4979//287 5093//165 
f 5095//287 4981//122 4980//61 5094//342 
f 5096//341 4982//246 4981//122 5095//287 
f 5097//147 4983//147 4982//246 5096//341 
f 5098//464 4984//147 4983//147 5097//147 
f 5099//356 4985//147 4984//147 5098//464 
f 5100//92 4986//147 4985//147 5099//356 
f 5101//98 4987//147 4986//147 5100//92 
f 5102//212 4988//61 4987//147 5101//98 
f 5103//287 4989//496 4988//61 5102//212 
f 5104//287 4990//287 4989//496 5103//287 
f 5105//99 4991//140 4990//287 5104//287 
f 5106//162 4992//159 4991//140 5105//99 
f 5107//162 4993//353 4992//159 5106//162 
f 5108//162 4994//239 4993//353 5107//162 
f 5109//230 4995//356 4994//239 5108//162 
f 5110//98 4996//140 4995//356 5109//230 
f 5111//140 4997//98 4996//140 5110//98 
f 5112//140 4998//341 4997//98 5111//140 
f 5113//98 4999//147 4998//341 5112//140 
f 5114//305 5000//147 4999//147 5113//98 
f 5115//123 5001//99 5000//147 5114//305 
f 5116//246 5002//211 5001//99 5115//123 
f 5117//464 5003//92 5002//211 5116//246 
f 5118//356 5004//92 5003//92 5117//464 
f 5119//356 5005//148 5004//92 5118//356 
f 5120//230 5006//93 5005//148 5119//356 
f 5121//230 5007//149 5006//93 5120//230 
f 5122//356 5008//96 5007//149 5121//230 
f 5123//92 5009//149 5008//96 5122//356 
f 5124//98 5010//238 5009//149 5123//92 
f 5125//305 5011//412 5010//238 5124//98 
f 5126//864 5012//407 5011//412 5125//305 
f 5127//290 5013//226 5012//407 5126//864 
f 5128//247 5014//178 5013//226 5127//290 
f 5129//178 5015//147 5014//178 5128//247 
f 5130//147 5016//147 5015//147 5129//178 
f 5131//83 5017//140 5018//100 5132//74 
f 5133//1491 5019//341 5017//140 5131//83 
f 5134//1492 5020//246 5019//341 5133//1491 
f 5135//1493 5021//412 5020//246 5134//1492 
f 5136//1494 5022//621 5021//412 5135//1493 
f 5137//1495 5023//1455 5022//621 5136//1494 
f 5138//1496 5024//1456 5023//1455 5137//1495 
f 5139//1497 5025//1457 5024//1456 5138//1496 
f 5140//1498 5026//1458 5025//1457 5139//1497 
f 5141//211 5027//639 5026//1458 5140//1498 
f 5142//140 5028//96 5027//639 5141//211 
f 5143//148 5029//159 5028//96 5142//140 
f 5144//159 5030//302 5029//159 5143//148 
f 5145//159 5031//162 5030//302 5144//159 
f 5146//239 5032//302 5031//162 5145//159 
f 5147//412 5033//238 5032//302 5146//239 
f 5148//247 5034//95 5033//238 5147//412 
f 5149//1271 5035//1459 5034//95 5148//247 
f 5150//1499 5036//1460 5035//1459 5149//1271 
f 5151//1500 5037//1461 5036//1460 5150//1499 
f 5152//1501 5038//1462 5037//1461 5151//1500 
f 5153//1389 5039//1463 5038//1462 5152//1501 
f 5154//1502 5040//52 5039//1463 5153//1389 
f 5155//132 5041//1341 5040//52 5154//1502 
f 5156//1503 5042//759 5041//1341 5155//132 
f 5157//249 5043//759 5042//759 5156//1503 
f 5158//1504 5044//961 5043//759 5157//249 
f 5159//567 5045//1464 5044//961 5158//1504 
f 5160//627 5046//1465 5045//1464 5159//567 
f 5161//110 5047//356 5046//1465 5160//627 
f 5162//1035 5048//464 5047//356 5161//110 
f 5163//224 5049//178 5048//464 5162//1035 
f 5164//921 5050//227 5049//178 5163//224 
f 5165//1505 5051//187 5050//227 5164//921 
f 5166//1506 5052//1466 5051//187 5165//1505 
f 5167//1507 5053//1467 5052//1466 5166//1506 
f 5168//1508 5054//1468 5053//1467 5167//1507 
f 5169//1509 5055//1469 5054//1468 5168//1508 
f 5170//1510 5056//1470 5055//1469 5169//1509 
f 5171//1511 5057//1471 5056//1470 5170//1510 
f 5172//1512 5058//1472 5057//1471 5171//1511 
f 5173//1513 5059//1473 5058//1472 5172//1512 
f 5174//160 5060//1474 5059//1473 5173//1513 
f 5175//1514 5061//1475 5060//1474 5174//160 
f 5176//1515 5062//1476 5061//1475 5175//1514 
f 5177//278 5063//1069 5062//1476 5176//1515 
f 5178//1019 5064//282 5063//1069 5177//278 
f 5179//94 5065//498 5064//282 5178//1019 
f 5180//1421 5066//283 5065//498 5179//94 
f 5181//1516 5067//404 5066//283 5180//1421 
f 5182//1517 5068//1477 5067//404 5181//1516 
f 5183//1518 5069//1478 5068//1477 5182//1517 
f 5184//1519 5070//1479 5069//1478 5183//1518 
f 5185//1520 5071//245 5070//1479 5184//1519 
f 5186//1521 5072//59 5071//245 5185//1520 
f 5187//302 5073//147 5072//59 5186//1521 
f 5188//681 5074//96 5073//147 5187//302 
f 5189//961 5075//234 5074//96 5188//681 
f 5190//206 5076//1334 5075//234 5189//961 
f 5191//1522 5077//1418 5076//1334 5190//206 
f 5192//1523 5078//500 5077//1418 5191//1522 
f 5193//1524 5079//1480 5078//500 5192//1523 
f 5194//1525 5080//1481 5079//1480 5193//1524 
f 5195//1526 5081//1482 5080//1481 5194//1525 
f 5196//1527 5082//1449 5081//1482 5195//1526 
f 5197//1528 5083//1483 5082//1449 5196//1527 
f 5198//1529 5084//1484 5083//1483 5197//1528 
f 5199//1530 5085//1485 5084//1484 5198//1529 
f 5200//1531 5086//1486 5085//1485 5199//1530 
f 5201//1532 5087//1487 5086//1486 5200//1531 
f 5202//288 5088//1390 5087//1487 5201//1532 
f 5203//92 5089//1488 5088//1390 5202//288 
f 5204//63 5090//641 5089//1488 5203//92 
f 5205//612 5091//1489 5090//641 5204//63 
f 5206//342 5092//1490 5091//1489 5205//612 
f 5207//165 5093//165 5092//1490 5206//342 
f 5208//1490 5094//342 5093//165 5207//165 
f 5209//165 5095//287 5094//342 5208//1490 
f 5210//279 5096//341 5095//287 5209//165 
f 5211//92 5097//147 5096//341 5210//279 
f 5212//148 5098//464 5097//147 5211//92 
f 5213//93 5099//356 5098//464 5212//148 
f 5214//95 5100//92 5099//356 5213//93 
f 5215//89 5101//98 5100//92 5214//95 
f 5216//212 5102//212 5101//98 5215//89 
f 5217//212 5103//287 5102//212 5216//212 
f 5218//287 5104//287 5103//287 5217//212 
f 5219//152 5105//99 5104//287 5218//287 
f 5220//148 5106//162 5105//99 5219//152 
f 5221//239 5107//162 5106//162 5220//148 
f 5222//239 5108//162 5107//162 5221//239 
f 5223//120 5109//230 5108//162 5222//239 
f 5224//231 5110//98 5109//230 5223//120 
f 5225//410 5111//140 5110//98 5224//231 
f 5226//240 5112//140 5111//140 5225//410 
f 5227//211 5113//98 5112//140 5226//240 
f 5228//444 5114//305 5113//98 5227//211 
f 5229//248 5115//123 5114//305 5228//444 
f 5230//107 5116//246 5115//123 5229//248 
f 5231//247 5117//464 5116//246 5230//107 
f 5232//354 5118//356 5117//464 5231//247 
f 5233//147 5119//356 5118//356 5232//354 
f 5234//178 5120//230 5119//356 5233//147 
f 5235//247 5121//230 5120//230 5234//178 
f 5236//247 5122//356 5121//230 5235//247 
f 5237//178 5123//92 5122//356 5236//247 
f 5238//341 5124//98 5123//92 5237//178 
f 5239//211 5125//305 5124//98 5238//341 
f 5240//356 5126//864 5125//305 5239//211 
f 5241//162 5127//290 5126//864 5240//356 
f 5242//301 5128//247 5127//290 5241//162 
f 5243//162 5129//178 5128//247 5242//301 
f 5244//121 5130//147 5129//178 5243//162 
f 5245//1533 5131//83 5132//74 5246//103 
f 5247//1534 5133//1491 5131//83 5245//1533 
f 5248//1535 5134//1492 5133//1491 5247//1534 
f 5249//1536 5135//1493 5134//1492 5248//1535 
f 5250//1537 5136//1494 5135//1493 5249//1536 
f 5251//1538 5137//1495 5136//1494 5250//1537 
f 5252//1539 5138//1496 5137//1495 5251//1538 
f 5253//1540 5139//1497 5138//1496 5252//1539 
f 5254//226 5140//1498 5139//1497 5253//1540 
f 5255//231 5141//211 5140//1498 5254//226 
f 5256//147 5142//140 5141//211 5255//231 
f 5257//238 5143//148 5142//140 5256//147 
f 5258//159 5144//159 5143//148 5257//238 
f 5259//159 5145//159 5144//159 5258//159 
f 5260//242 5146//239 5145//159 5259//159 
f 5261//305 5147//412 5146//239 5260//242 
f 5262//177 5148//247 5147//412 5261//305 
f 5263//403 5149//1271 5148//247 5262//177 
f 5264//305 5150//1499 5149//1271 5263//403 
f 5265//1541 5151//1500 5150//1499 5264//305 
f 5266//303 5152//1501 5151//1500 5265//1541 
f 5267//86 5153//1389 5152//1501 5266//303 
f 5268//94 5154//1502 5153//1389 5267//86 
f 5269//1072 5155//132 5154//1502 5268//94 
f 5270//797 5156//1503 5155//132 5269//1072 
f 5271//1036 5157//249 5156//1503 5270//797 
f 5272//1542 5158//1504 5157//249 5271//1036 
f 5273//568 5159//567 5158//1504 5272//1542 
f 5274//1543 5160//627 5159//567 5273//568 
f 5275//1544 5161//110 5160//627 5274//1543 
f 5276//1218 5162//1035 5161//110 5275//1544 
f 5277//351 5163//224 5162//1035 5276//1218 
f 5278//921 5164//921 5163//224 5277//351 
f 5279//347 5165//1505 5164//921 5278//921 
f 5280//1545 5166//1506 5165//1505 5279//347 
f 5281//1546 5167//1507 5166//1506 5280//1545 
f 5282//1547 5168//1508 5167//1507 5281//1546 
f 5283//1548 5169//1509 5168//1508 5282//1547 
f 5284//1549 5170//1510 5169//1509 5283//1548 
f 5285//1550 5171//1511 5170//1510 5284//1549 
f 5286//1551 5172//1512 5171//1511 5285//1550 
f 5287//1552 5173//1513 5172//1512 5286//1551 
f 5288//1553 5174//160 5173//1513 5287//1552 
f 5289//1554 5175//1514 5174//160 5288//1553 
f 5290//1555 5176//1515 5175//1514 5289//1554 
f 5291//1556 5177//278 5176//1515 5290//1555 
f 5292//842 5178//1019 5177//278 5291//1556 
f 5293//345 5179//94 5178//1019 5292//842 
f 5294//1557 5180//1421 5179//94 5293//345 
f 5295//1558 5181//1516 5180//1421 5294//1557 
f 5296//1559 5182//1517 5181//1516 5295//1558 
f 5297//1560 5183//1518 5182//1517 5296//1559 
f 5298//1561 5184//1519 5183//1518 5297//1560 
f 5299//1562 5185//1520 5184//1519 5298//1561 
f 5300//1563 5186//1521 5185//1520 5299//1562 
f 5301//651 5187//302 5186//1521 5300//1563 
f 5302//1564 5188//681 5187//302 5301//651 
f 5303//1565 5189//961 5188//681 5302//1564 
f 5304//1566 5190//206 5189//961 5303//1565 
f 5305//1567 5191//1522 5190//206 5304//1566 
f 5306//1526 5192//1523 5191//1522 5305//1567 
f 5307//1568 5193//1524 5192//1523 5306//1526 
f 5308//1569 5194//1525 5193//1524 5307//1568 
f 5309//1570 5195//1526 5194//1525 5308//1569 
f 5310//1571 5196//1527 5195//1526 5309//1570 
f 5311//854 5197//1528 5196//1527 5310//1571 
f 5312//1572 5198//1529 5197//1528 5311//854 
f 5313//1573 5199//1530 5198//1529 5312//1572 
f 5314//1574 5200//1531 5199//1530 5313//1573 
f 5315//1575 5201//1532 5200//1531 5314//1574 
f 5316//112 5202//288 5201//1532 5315//1575 
f 5317//796 5203//92 5202//288 5316//112 
f 5318//721 5204//63 5203//92 5317//796 
f 5319//610 5205//612 5204//63 5318//721 
f 5320//61 5206//342 5205//612 5319//610 
f 5321//89 5207//165 5206//342 5320//61 
f 5322//165 5208//1490 5207//165 5321//89 
f 5323//1490 5209//165 5208//1490 5322//165 
f 5324//84 5210//279 5209//165 5323//1490 
f 5325//96 5211//92 5210//279 5324//84 
f 5326//149 5212//148 5211//92 5325//96 
f 5327//93 5213//93 5212//148 5326//149 
f 5328//92 5214//95 5213//93 5327//93 
f 5329//241 5215//89 5214//95 5328//92 
f 5330//89 5216//212 5215//89 5329//241 
f 5331//152 5217//212 5216//212 5330//89 
f 5332//278 5218//287 5217//212 5331//152 
f 5333//156 5219//152 5218//287 5332//278 
f 5334//156 5220//148 5219//152 5333//156 
f 5335//163 5221//239 5220//148 5334//156 
f 5336//148 5222//239 5221//239 5335//163 
f 5337//341 5223//120 5222//239 5336//148 
f 5338//411 5224//231 5223//120 5337//341 
f 5339//412 5225//410 5224//231 5338//411 
f 5340//354 5226//240 5225//410 5339//412 
f 5341//99 5227//211 5226//240 5340//354 
f 5342//830 5228//444 5227//211 5341//99 
f 5343//89 5229//248 5228//444 5342//830 
f 5344//98 5230//107 5229//248 5343//89 
f 5345//230 5231//247 5230//107 5344//98 
f 5346//162 5232//354 5231//247 5345//230 
f 5347//147 5233//147 5232//354 5346//162 
f 5348//147 5234//178 5233//147 5347//147 
f 5349//178 5235//247 5234//178 5348//147 
f 5350//301 5236//247 5235//247 5349//178 
f 5351//162 5237//178 5236//247 5350//301 
f 5352//356 5238//341 5237//178 5351//162 
f 5353//97 5239//211 5238//341 5352//356 
f 5354//95 5240//356 5239//211 5353//97 
f 5355//288 5241//162 5240//356 5354//95 
f 5356//159 5242//301 5241//162 5355//288 
f 5357//283 5243//162 5242//301 5356//159 
f 5358//159 5244//121 5243//162 5357//283 
f 5359//1576 5245//1533 5246//103 5360//1577 
f 5361//1578 5247//1534 5245//1533 5359//1576 
f 5362//1579 5248//1535 5247//1534 5361//1578 
f 5363//1580 5249//1536 5248//1535 5362//1579 
f 5364//1581 5250//1537 5249//1536 5363//1580 
f 5365//1582 5251//1538 5250//1537 5364//1581 
f 5366//1583 5252//1539 5251//1538 5365//1582 
f 5367//717 5253//1540 5252//1539 5366//1583 
f 5368//159 5254//226 5253//1540 5367//717 
f 5369//92 5255//231 5254//226 5368//159 
f 5370//148 5256//147 5255//231 5369//92 
f 5371//238 5257//238 5256//147 5370//148 
f 5372//239 5258//159 5257//238 5371//238 
f 5373//239 5259//159 5258//159 5372//239 
f 5374//240 5260//242 5259//159 5373//239 
f 5375//211 5261//305 5260//242 5374//240 
f 5376//98 5262//177 5261//305 5375//211 
f 5377//120 5263//403 5262//177 5376//98 
f 5378//412 5264//305 5263//403 5377//120 
f 5379//147 5265//1541 5264//305 5378//412 
f 5380//89 5266//303 5265//1541 5379//147 
f 5381//306 5267//86 5266//303 5380//89 
f 5382//1095 5268//94 5267//86 5381//306 
f 5383//128 5269//1072 5268//94 5382//1095 
f 5384//1584 5270//797 5269//1072 5383//128 
f 5385//1585 5271//1036 5270//797 5384//1584 
f 5386//290 5272//1542 5271//1036 5385//1585 
f 5387//356 5273//568 5272//1542 5386//290 
f 5388//280 5274//1543 5273//568 5387//356 
f 5389//151 5275//1544 5274//1543 5388//280 
f 5390//92 5276//1218 5275//1544 5389//151 
f 5391//162 5277//351 5276//1218 5390//92 
f 5392//407 5278//921 5277//351 5391//162 
f 5393//393 5279//347 5278//921 5392//407 
f 5394//393 5280//1545 5279//347 5393//393 
f 5395//1586 5281//1546 5280//1545 5394//393 
f 5396//1587 5282//1547 5281//1546 5395//1586 
f 5397//1588 5283//1548 5282//1547 5396//1587 
f 5398//1589 5284//1549 5283//1548 5397//1588 
f 5399//1590 5285//1550 5284//1549 5398//1589 
f 5400//1591 5286//1551 5285//1550 5399//1590 
f 5401//1592 5287//1552 5286//1551 5400//1591 
f 5402//1593 5288//1553 5287//1552 5401//1592 
f 5403//1594 5289//1554 5288//1553 5402//1593 
f 5404//1595 5290//1555 5289//1554 5403//1594 
f 5405//1596 5291//1556 5290//1555 5404//1595 
f 5406//1597 5292//842 5291//1556 5405//1596 
f 5407//1598 5293//345 5292//842 5406//1597 
f 5408//1599 5294//1557 5293//345 5407//1598 
f 5409//1600 5295//1558 5294//1557 5408//1599 
f 5410//1601 5296//1559 5295//1558 5409//1600 
f 5411//1602 5297//1560 5296//1559 5410//1601 
f 5412//1603 5298//1561 5297//1560 5411//1602 
f 5413//1604 5299//1562 5298//1561 5412//1603 
f 5414//1605 5300//1563 5299//1562 5413//1604 
f 5415//1606 5301//651 5300//1563 5414//1605 
f 5416//1607 5302//1564 5301//651 5415//1606 
f 5417//1608 5303//1565 5302//1564 5416//1607 
f 5418//1609 5304//1566 5303//1565 5417//1608 
f 5419//1610 5305//1567 5304//1566 5418//1609 
f 5420//1611 5306//1526 5305//1567 5419//1610 
f 5421//1612 5307//1568 5306//1526 5420//1611 
f 5422//1613 5308//1569 5307//1568 5421//1612 
f 5423//1614 5309//1570 5308//1569 5422//1613 
f 5424//1615 5310//1571 5309//1570 5423//1614 
f 5425//1616 5311//854 5310//1571 5424//1615 
f 5426//1617 5312//1572 5311//854 5425//1616 
f 5427//1618 5313//1573 5312//1572 5426//1617 
f 5428//1619 5314//1574 5313//1573 5427//1618 
f 5429//1620 5315//1575 5314//1574 5428//1619 
f 5430//444 5316//112 5315//1575 5429//1620 
f 5431//233 5317//796 5316//112 5430//444 
f 5432//542 5318//721 5317//796 5431//233 
f 5433//246 5319//610 5318//721 5432//542 
f 5434//166 5320//61 5319//610 5433//246 
f 5435//166 5321//89 5320//61 5434//166 
f 5436//89 5322//165 5321//89 5435//166 
f 5437//153 5323//1490 5322//165 5436//89 
f 5438//85 5324//84 5323//1490 5437//153 
f 5439//215 5325//96 5324//84 5438//85 
f 5440//96 5326//149 5325//96 5439//215 
f 5441//149 5327//93 5326//149 5440//96 
f 5442//95 5328//92 5327//93 5441//149 
f 5443//84 5329//241 5328//92 5442//95 
f 5444//86 5330//89 5329//241 5443//84 
f 5445//639 5331//152 5330//89 5444//86 
f 5446//156 5332//278 5331//152 5445//639 
f 5447//882 5333//156 5332//278 5446//156 
f 5448//156 5334//156 5333//156 5447//882 
f 5449//544 5335//163 5334//156 5448//156 
f 5450//215 5336//148 5335//163 5449//544 
f 5451//278 5337//341 5336//148 5450//215 
f 5452//90 5338//411 5337//341 5451//278 
f 5453//92 5339//412 5338//411 5452//90 
f 5454//230 5340//354 5339//412 5453//92 
f 5455//341 5341//99 5340//354 5454//230 
f 5456//89 5342//830 5341//99 5455//341 
f 5457//306 5343//89 5342//830 5456//89 
f 5458//152 5344//98 5343//89 5457//306 
f 5459//356 5345//230 5344//98 5458//152 
f 5460//239 5346//162 5345//230 5459//356 
f 5461//356 5347//147 5346//162 5460//239 
f 5462//92 5348//147 5347//147 5461//356 
f 5463//92 5349//178 5348//147 5462//92 
f 5464//238 5350//301 5349//178 5463//92 
f 5465//302 5351//162 5350//301 5464//238 
f 5466//230 5352//356 5351//162 5465//302 
f 5467//148 5353//97 5352//356 5466//230 
f 5468//149 5354//95 5353//97 5467//148 
f 5469//96 5355//288 5354//95 5468//149 
f 5470//498 5356//159 5355//288 5469//96 
f 5471//651 5357//283 5356//159 5470//498 
f 5472//94 5358//159 5357//283 5471//651 
f 5473//1621 5359//1576 5360//1577 5474//1622 
f 5475//1623 5361//1578 5359//1576 5473//1621 
f 5476//1624 5362//1579 5361//1578 5475//1623 
f 5477//1625 5363//1580 5362//1579 5476//1624 
f 5478//1626 5364//1581 5363//1580 5477//1625 
f 5479//1627 5365//1582 5364//1581 5478//1626 
f 5480//395 5366//1583 5365//1582 5479//1627 
f 5481//401 5367//717 5366//1583 5480//395 
f 5482//158 5368//159 5367//717 5481//401 
f 5483//740 5369//92 5368//159 5482//158 
f 5484//740 5370//148 5369//92 5483//740 
f 5485//288 5371//238 5370//148 5484//740 
f 5486//238 5372//239 5371//238 5485//288 
f 5487//239 5373//239 5372//239 5486//238 
f 5488//356 5374//240 5373//239 5487//239 
f 5489//140 5375//211 5374//240 5488//356 
f 5490//140 5376//98 5375//211 5489//140 
f 5491//166 5377//120 5376//98 5490//140 
f 5492//410 5378//412 5377//120 5491//166 
f 5493//247 5379//147 5378//412 5492//410 
f 5494//147 5380//89 5379//147 5493//247 
f 5495//211 5381//306 5380//89 5494//147 
f 5496//1106 5382//1095 5381//306 5495//211 
f 5497//1628 5383//128 5382//1095 5496//1106 
f 5498//306 5384//1584 5383//128 5497//1628 
f 5499//158 5385//1585 5384//1584 5498//306 
f 5500//686 5386//290 5385//1585 5499//158 
f 5501//159 5387//356 5386//290 5500//686 
f 5502//97 5388//280 5387//356 5501//159 
f 5503//278 5389//151 5388//280 5502//97 
f 5504//82 5390//92 5389//151 5503//278 
f 5505//96 5391//162 5390//92 5504//82 
f 5506//288 5392//407 5391//162 5505//96 
f 5507//92 5393//393 5392//407 5506//288 
f 5508//157 5394//393 5393//393 5507//92 
f 5509//652 5395//1586 5394//393 5508//157 
f 5510//1629 5396//1587 5395//1586 5509//652 
f 5511//1630 5397//1588 5396//1587 5510//1629 
f 5512//1631 5398//1589 5397//1588 5511//1630 
f 5513//1300 5399//1590 5398//1589 5512//1631 
f 5514//1632 5400//1591 5399//1590 5513//1300 
f 5515//1633 5401//1592 5400//1591 5514//1632 
f 5516//1000 5402//1593 5401//1592 5515//1633 
f 5517//1634 5403//1594 5402//1593 5516//1000 
f 5518//1596 5404//1595 5403//1594 5517//1634 
f 5519//1635 5405//1596 5404//1595 5518//1596 
f 5520//1636 5406//1597 5405//1596 5519//1635 
f 5521//1637 5407//1598 5406//1597 5520//1636 
f 5522//1638 5408//1599 5407//1598 5521//1637 
f 5523//1639 5409//1600 5408//1599 5522//1638 
f 5524//1640 5410//1601 5409//1600 5523//1639 
f 5525//1641 5411//1602 5410//1601 5524//1640 
f 5526//1642 5412//1603 5411//1602 5525//1641 
f 5527//1643 5413//1604 5412//1603 5526//1642 
f 5528//1644 5414//1605 5413//1604 5527//1643 
f 5529//1645 5415//1606 5414//1605 5528//1644 
f 5530//1646 5416//1607 5415//1606 5529//1645 
f 5531//1647 5417//1608 5416//1607 5530//1646 
f 5532//1648 5418//1609 5417//1608 5531//1647 
f 5533//1649 5419//1610 5418//1609 5532//1648 
f 5534//1650 5420//1611 5419//1610 5533//1649 
f 5535//1651 5421//1612 5420//1611 5534//1650 
f 5536//1652 5422//1613 5421//1612 5535//1651 
f 5537//1653 5423//1614 5422//1613 5536//1652 
f 5538//1654 5424//1615 5423//1614 5537//1653 
f 5539//1655 5425//1616 5424//1615 5538//1654 
f 5540//1656 5426//1617 5425//1616 5539//1655 
f 5541//1657 5427//1618 5426//1617 5540//1656 
f 5542//1658 5428//1619 5427//1618 5541//1657 
f 5543//1659 5429//1620 5428//1619 5542//1658 
f 5544//1660 5430//444 5429//1620 5543//1659 
f 5545//1563 5431//233 5430//444 5544//1660 
f 5546//278 5432//542 5431//233 5545//1563 
f 5547//149 5433//246 5432//542 5546//278 
f 5548//152 5434//166 5433//246 5547//149 
f 5549//140 5435//166 5434//166 5548//152 
f 5550//97 5436//89 5435//166 5549//140 
f 5551//278 5437//153 5436//89 5550//97 
f 5552//86 5438//85 5437//153 5551//278 
f 5553//86 5439//215 5438//85 5552//86 
f 5554//215 5440//96 5439//215 5553//86 
f 5555//96 5441//149 5440//96 5554//215 
f 5556//536 5442//95 5441//149 5555//96 
f 5557//150 5443//84 5442//95 5556//536 
f 5558//141 5444//86 5443//84 5557//150 
f 5559//206 5445//639 5444//86 5558//141 
f 5560//86 5446//156 5445//639 5559//206 
f 5561//215 5447//882 5446//156 5560//86 
f 5562//96 5448//156 5447//882 5561//215 
f 5563//215 5449//544 5448//156 5562//96 
f 5564//82 5450//215 5449//544 5563//215 
f 5565//208 5451//278 5450//215 5564//82 
f 5566//153 5452//90 5451//278 5565//208 
f 5567//1661 5453//92 5452//90 5566//153 
f 5568//288 5454//230 5453//92 5567//1661 
f 5569//92 5455//341 5454//230 5568//288 
f 5570//97 5456//89 5455//341 5569//92 
f 5571//306 5457//306 5456//89 5570//97 
f 5572//306 5458//152 5457//306 5571//306 
f 5573//95 5459//356 5458//152 5572//306 
f 5574//93 5460//239 5459//356 5573//95 
f 5575//148 5461//356 5460//239 5574//93 
f 5576//288 5462//92 5461//356 5575//148 
f 5577//95 5463//92 5462//92 5576//288 
f 5578//92 5464//238 5463//92 5577//95 
f 5579//120 5465//302 5464//238 5578//92 
f 5580//301 5466//230 5465//302 5579//120 
f 5581//243 5467//148 5466//230 5580//301 
f 5582//238 5468//149 5467//148 5581//243 
f 5583//92 5469//96 5468//149 5582//238 
f 5584//238 5470//498 5469//96 5583//92 
f 5585//508 5471//651 5470//498 5584//238 
f 5586//147 5472//94 5471//651 5585//508 
f 5587//1662 5473//1621 5474//1622 5588//1622 
f 5589//1663 5475//1623 5473//1621 5587//1662 
f 5590//1664 5476//1624 5475//1623 5589//1663 
f 5591//1665 5477//1625 5476//1624 5590//1664 
f 5592//141 5478//1626 5477//1625 5591//1665 
f 5593//398 5479//1627 5478//1626 5592//141 
f 5594//1666 5480//395 5479//1627 5593//398 
f 5595//1667 5481//401 5480//395 5594//1666 
f 5596//1668 5482//158 5481//401 5595//1667 
f 5597//581 5483//740 5482//158 5596//1668 
f 5598//343 5484//740 5483//740 5597//581 
f 5599//96 5485//288 5484//740 5598//343 
f 5600//740 5486//238 5485//288 5599//96 
f 5601//93 5487//239 5486//238 5600//740 
f 5602//148 5488//356 5487//239 5601//93 
f 5603//140 5489//140 5488//356 5602//148 
f 5604//211 5490//140 5489//140 5603//140 
f 5605//212 5491//166 5490//140 5604//211 
f 5606//166 5492//410 5491//166 5605//212 
f 5607//120 5493//247 5492//410 5606//166 
f 5608//180 5494//147 5493//247 5607//120 
f 5609//231 5495//211 5494//147 5608//180 
f 5610//444 5496//1106 5495//211 5609//231 
f 5611//1104 5497//1628 5496//1106 5610//444 
f 5612//212 5498//306 5497//1628 5611//1104 
f 5613//230 5499//158 5498//306 5612//212 
f 5614//226 5500//686 5499//158 5613//230 
f 5615//655 5501//159 5500//686 5614//226 
f 5616//393 5502//97 5501//159 5615//655 
f 5617//247 5503//278 5502//97 5616//393 
f 5618//240 5504//82 5503//278 5617//247 
f 5619//97 5505//96 5504//82 5618//240 
f 5620//149 5506//288 5505//96 5619//97 
f 5621//96 5507//92 5506//288 5620//149 
f 5622//237 5508//157 5507//92 5621//96 
f 5623//519 5509//652 5508//157 5622//237 
f 5624//407 5510//1629 5509//652 5623//519 
f 5625//1338 5511//1630 5510//1629 5624//407 
f 5626//781 5512//1631 5511//1630 5625//1338 
f 5627//1669 5513//1300 5512//1631 5626//781 
f 5628//1670 5514//1632 5513//1300 5627//1669 
f 5629//49 5515//1633 5514//1632 5628//1670 
f 5630//300 5516//1000 5515//1633 5629//49 
f 5631//1671 5517//1634 5516//1000 5630//300 
f 5632//1672 5518//1596 5517//1634 5631//1671 
f 5633//1673 5519//1635 5518//1596 5632//1672 
f 5634//1674 5520//1636 5519//1635 5633//1673 
f 5635//1675 5521//1637 5520//1636 5634//1674 
f 5636//1676 5522//1638 5521//1637 5635//1675 
f 5637//1677 5523//1639 5522//1638 5636//1676 
f 5638//1678 5524//1640 5523//1639 5637//1677 
f 5639//1679 5525//1641 5524//1640 5638//1678 
f 5640//1680 5526//1642 5525//1641 5639//1679 
f 5641//1681 5527//1643 5526//1642 5640//1680 
f 5642//1682 5528//1644 5527//1643 5641//1681 
f 5643//1683 5529//1645 5528//1644 5642//1682 
f 5644//1684 5530//1646 5529//1645 5643//1683 
f 5645//1685 5531//1647 5530//1646 5644//1684 
f 5646//1686 5532//1648 5531//1647 5645//1685 
f 5647//1687 5533//1649 5532//1648 5646//1686 
f 5648//1688 5534//1650 5533//1649 5647//1687 
f 5649//1689 5535//1651 5534//1650 5648//1688 
f 5650//1690 5536//1652 5535//1651 5649//1689 
f 5651//1691 5537//1653 5536//1652 5650//1690 
f 5652//1692 5538//1654 5537//1653 5651//1691 
f 5653//1693 5539//1655 5538//1654 5652//1692 
f 5654//1694 5540//1656 5539//1655 5653//1693 
f 5655//1695 5541//1657 5540//1656 5654//1694 
f 5656//1696 5542//1658 5541//1657 5655//1695 
f 5657//1697 5543//1659 5542//1658 5656//1696 
f 5658//1698 5544//1660 5543//1659 5657//1697 
f 5659//1446 5545//1563 5544//1660 5658//1698 
f 5660//213 5546//278 5545//1563 5659//1446 
f 5661//639 5547//149 5546//278 5660//213 
f 5662//88 5548//152 5547//149 5661//639 
f 5663//278 5549//140 5548//152 5662//88 
f 5664//96 5550//97 5549//140 5663//278 
f 5665//536 5551//278 5550//97 5664//96 
f 5666//150 5552//86 5551//278 5665//536 
f 5667//207 5553//86 5552//86 5666//150 
f 5668//1699 5554//215 5553//86 5667//207 
f 5669//150 5555//96 5554//215 5668//1699 
f 5670//448 5556//536 5555//96 5669//150 
f 5671//448 5557//150 5556//536 5670//448 
f 5672//639 5558//141 5557//150 5671//448 
f 5673//81 5559//206 5558//141 5672//639 
f 5674//81 5560//86 5559//206 5673//81 
f 5675//86 5561//215 5560//86 5674//81 
f 5676//215 5562//96 5561//215 5675//86 
f 5677//210 5563//215 5562//96 5676//215 
f 5678//152 5564//82 5563//215 5677//210 
f 5679//89 5565//208 5564//82 5678//152 
f 5680//91 5566//153 5565//208 5679//89 
f 5681//1661 5567//1661 5566//153 5680//91 
f 5682//96 5568//288 5567//1661 5681//1661 
f 5683//96 5569//92 5568//288 5682//96 
f 5684//574 5570//97 5569//92 5683//96 
f 5685//306 5571//306 5570//97 5684//574 
f 5686//306 5572//306 5571//306 5685//306 
f 5687//97 5573//95 5572//306 5686//306 
f 5688//356 5574//93 5573//95 5687//97 
f 5689//121 5575//148 5574//93 5688//356 
f 5690//238 5576//288 5575//148 5689//121 
f 5691//92 5577//95 5576//288 5690//238 
f 5692//97 5578//92 5577//95 5691//92 
f 5693//54 5579//120 5578//92 5692//97 
f 5694//289 5580//301 5579//120 5693//54 
f 5695//283 5581//243 5580//301 5694//289 
f 5696//230 5582//238 5581//243 5695//283 
f 5697//147 5583//92 5582//238 5696//230 
f 5698//178 5584//238 5583//92 5697//147 
f 5699//180 5585//508 5584//238 5698//178 
f 5700//107 5586//147 5585//508 5699//180 
f 5701//1700 5587//1662 5588//1622 5702//1701 
f 5703//163 5589//1663 5587//1662 5701//1700 
f 5704//1248 5590//1664 5589//1663 5703//163 
f 5705//95 5591//1665 5590//1664 5704//1248 
f 5706//882 5592//141 5591//1665 5705//95 
f 5707//150 5593//398 5592//141 5706//882 
f 5708//150 5594//1666 5593//398 5707//150 
f 5709//448 5595//1667 5594//1666 5708//150 
f 5710//1668 5596//1668 5595//1667 5709//448 
f 5711//544 5597//581 5596//1668 5710//1668 
f 5712//73 5598//343 5597//581 5711//544 
f 5713//210 5599//96 5598//343 5712//73 
f 5714//97 5600//740 5599//96 5713//210 
f 5715//356 5601//93 5600//740 5714//97 
f 5716//464 5602//148 5601//93 5715//356 
f 5717//341 5603//140 5602//148 5716//464 
f 5718//211 5604//211 5603//140 5717//341 
f 5719//89 5605//212 5604//211 5718//211 
f 5720//140 5606//166 5605//212 5719//89 
f 5721//166 5607//120 5606//166 5720//140 
f 5722//123 5608//180 5607//120 5721//166 
f 5723//543 5609//231 5608//180 5722//123 
f 5724//569 5610//444 5609//231 5723//543 
f 5725//901 5611//1104 5610//444 5724//569 
f 5726//232 5612//212 5611//1104 5725//901 
f 5727//55 5613//230 5612//212 5726//232 
f 5728//176 5614//226 5613//230 5727//55 
f 5729//359 5615//655 5614//226 5728//176 
f 5730//801 5616//393 5615//655 5729//359 
f 5731//1702 5617//247 5616//393 5730//801 
f 5732//309 5618//240 5617//247 5731//1702 
f 5733//230 5619//97 5618//240 5732//309 
f 5734//148 5620//149 5619//97 5733//230 
f 5735//92 5621//96 5620//149 5734//148 
f 5736//240 5622//237 5621//96 5735//92 
f 5737//123 5623//519 5622//237 5736//240 
f 5738//59 5624//407 5623//519 5737//123 
f 5739//346 5625//1338 5624//407 5738//59 
f 5740//1703 5626//781 5625//1338 5739//346 
f 5741//699 5627//1669 5626//781 5740//1703 
f 5742//1704 5628//1670 5627//1669 5741//699 
f 5743//227 5629//49 5628//1670 5742//1704 
f 5744//244 5630//300 5629//49 5743//227 
f 5745//1705 5631//1671 5630//300 5744//244 
f 5746//1021 5632//1672 5631//1671 5745//1705 
f 5747//1154 5633//1673 5632//1672 5746//1021 
f 5748//1706 5634//1674 5633//1673 5747//1154 
f 5749//1707 5635//1675 5634//1674 5748//1706 
f 5750//1708 5636//1676 5635//1675 5749//1707 
f 5751//1709 5637//1677 5636//1676 5750//1708 
f 5752//1710 5638//1678 5637//1677 5751//1709 
f 5753//532 5639//1679 5638//1678 5752//1710 
f 5754//1711 5640//1680 5639//1679 5753//532 
f 5755//779 5641//1681 5640//1680 5754//1711 
f 5756//1712 5642//1682 5641//1681 5755//779 
f 5757//969 5643//1683 5642//1682 5756//1712 
f 5758//1713 5644//1684 5643//1683 5757//969 
f 5759//1714 5645//1685 5644//1684 5758//1713 
f 5760//1715 5646//1686 5645//1685 5759//1714 
f 5761//1716 5647//1687 5646//1686 5760//1715 
f 5762//1717 5648//1688 5647//1687 5761//1716 
f 5763//1718 5649//1689 5648//1688 5762//1717 
f 5764//1719 5650//1690 5649//1689 5763//1718 
f 5765//1720 5651//1691 5650//1690 5764//1719 
f 5766//1721 5652//1692 5651//1691 5765//1720 
f 5767//1722 5653//1693 5652//1692 5766//1721 
f 5768//1694 5654//1694 5653//1693 5767//1722 
f 5769//1723 5655//1695 5654//1694 5768//1694 
f 5770//1724 5656//1696 5655//1695 5769//1723 
f 5771//1725 5657//1697 5656//1696 5770//1724 
f 5772//1726 5658//1698 5657//1697 5771//1725 
f 5773//1500 5659//1446 5658//1698 5772//1726 
f 5774//203 5660//213 5659//1446 5773//1500 
f 5775//641 5661//639 5660//213 5774//203 
f 5776//1727 5662//88 5661//639 5775//641 
f 5777//73 5663//278 5662//88 5776//1727 
f 5778//96 5664//96 5663//278 5777//73 
f 5779//582 5665//536 5664//96 5778//96 
f 5780//450 5666//150 5665//536 5779//582 
f 5781//274 5667//207 5666//150 5780//450 
f 5782//1356 5668//1699 5667//207 5781//274 
f 5783//1351 5669//150 5668//1699 5782//1356 
f 5784//1350 5670//448 5669//150 5783//1351 
f 5785//1069 5671//448 5670//448 5784//1350 
f 5786//639 5672//639 5671//448 5785//1069 
f 5787//87 5673//81 5672//639 5786//639 
f 5788//83 5674//81 5673//81 5787//87 
f 5789//85 5675//86 5674//81 5788//83 
f 5790//84 5676//215 5675//86 5789//85 
f 5791//152 5677//210 5676//215 5790//84 
f 5792//89 5678//152 5677//210 5791//152 
f 5793//89 5679//89 5678//152 5792//89 
f 5794//152 5680//91 5679//89 5793//89 
f 5795//100 5681//1661 5680//91 5794//152 
f 5796//97 5682//96 5681//1661 5795//100 
f 5797//92 5683//96 5682//96 5796//97 
f 5798//211 5684//574 5683//96 5797//92 
f 5799//212 5685//306 5684//574 5798//211 
f 5800//211 5686//306 5685//306 5799//212 
f 5801//140 5687//97 5686//306 5800//211 
f 5802//98 5688//356 5687//97 5801//140 
f 5803//121 5689//121 5688//356 5802//98 
f 5804//239 5690//238 5689//121 5803//121 
f 5805//356 5691//92 5690//238 5804//239 
f 5806//94 5692//97 5691//92 5805//356 
f 5807//163 5693//54 5692//97 5806//94 
f 5808//54 5694//289 5693//54 5807//163 
f 5809//148 5695//283 5694//289 5808//54 
f 5810//121 5696//230 5695//283 5809//148 
f 5811//240 5697//147 5696//230 5810//121 
f 5812//341 5698//178 5697//147 5811//240 
f 5813//246 5699//180 5698//178 5812//341 
f 5814//123 5700//107 5699//180 5813//246 
f 5815//341 5701//1700 5702//1701 5816//166 
f 5817//147 5703//163 5701//1700 5815//341 
f 5818//464 5704//1248 5703//163 5817//147 
f 5819//238 5705//95 5704//1248 5818//464 
f 5820//148 5706//882 5705//95 5819//238 
f 5821//98 5707//150 5706//882 5820//148 
f 5822//341 5708//150 5707//150 5821//98 
f 5823//178 5709//448 5708//150 5822//341 
f 5824//301 5710//1668 5709//448 5823//178 
f 5825//147 5711//544 5710//1668 5824//301 
f 5826//211 5712//73 5711//544 5825//147 
f 5827//140 5713//210 5712//73 5826//211 
f 5828//211 5714//97 5713//210 5827//140 
f 5829//341 5715//356 5714//97 5828//211 
f 5830//147 5716//464 5715//356 5829//341 
f 5831//147 5717//341 5716//464 5830//147 
f 5832//341 5718//211 5717//341 5831//147 
f 5833//211 5719//89 5718//211 5832//341 
f 5834//211 5720//140 5719//89 5833//211 
f 5835//607 5721//166 5720//140 5834//211 
f 5836//61 5722//123 5721//166 5835//607 
f 5837//305 5723//543 5722//123 5836//61 
f 5838//444 5724//569 5723//543 5837//305 
f 5839//495 5725//901 5724//569 5838//444 
f 5840//61 5726//232 5725//901 5839//495 
f 5841//120 5727//55 5726//232 5840//61 
f 5842//147 5728//176 5727//55 5841//120 
f 5843//305 5729//359 5728//176 5842//147 
f 5844//162 5730//801 5729//359 5843//305 
f 5845//249 5731//1702 5730//801 5844//162 
f 5846//621 5732//309 5731//1702 5845//249 
f 5847//161 5733//230 5732//309 5846//621 
f 5848//121 5734//148 5733//230 5847//161 
f 5849//240 5735//92 5734//148 5848//121 
f 5850//99 5736//240 5735//92 5849//240 
f 5851//61 5737//123 5736//240 5850//99 
f 5852//61 5738//59 5737//123 5851//61 
f 5853//1728 5739//346 5738//59 5852//61 
f 5854//1729 5740//1703 5739//346 5853//1728 
f 5855//188 5741//699 5740//1703 5854//1729 
f 5856//1730 5742//1704 5741//699 5855//188 
f 5857//1731 5743//227 5742//1704 5856//1730 
f 5858//1732 5744//244 5743//227 5857//1731 
f 5859//1733 5745//1705 5744//244 5858//1732 
f 5860//1734 5746//1021 5745//1705 5859//1733 
f 5861//571 5747//1154 5746//1021 5860//1734 
f 5862//122 5748//1706 5747//1154 5861//571 
f 5863//1735 5749//1707 5748//1706 5862//122 
f 5864//1075 5750//1708 5749//1707 5863//1735 
f 5865//968 5751//1709 5750//1708 5864//1075 
f 5866//1736 5752//1710 5751//1709 5865//968 
f 5867//688 5753//532 5752//1710 5866//1736 
f 5868//572 5754//1711 5753//532 5867//688 
f 5869//610 5755//779 5754//1711 5868//572 
f 5870//608 5756//1712 5755//779 5869//610 
f 5871//1737 5757//969 5756//1712 5870//608 
f 5872//1738 5758//1713 5757//969 5871//1737 
f 5873//1739 5759//1714 5758//1713 5872//1738 
f 5874//1740 5760//1715 5759//1714 5873//1739 
f 5875//1741 5761//1716 5760//1715 5874//1740 
f 5876//1742 5762//1717 5761//1716 5875//1741 
f 5877//1743 5763//1718 5762//1717 5876//1742 
f 5878//1744 5764//1719 5763//1718 5877//1743 
f 5879//1745 5765//1720 5764//1719 5878//1744 
f 5880//1746 5766//1721 5765//1720 5879//1745 
f 5881//1747 5767//1722 5766//1721 5880//1746 
f 5882//1748 5768//1694 5767//1722 5881//1747 
f 5883//1749 5769//1723 5768//1694 5882//1748 
f 5884//441 5770//1724 5769//1723 5883//1749 
f 5885//1750 5771//1725 5770//1724 5884//441 
f 5886//1461 5772//1726 5771//1725 5885//1750 
f 5887//204 5773//1500 5772//1726 5886//1461 
f 5888//1751 5774//203 5773//1500 5887//204 
f 5889//205 5775//641 5774//203 5888//1751 
f 5890//1428 5776//1727 5775//641 5889//205 
f 5891//1752 5777//73 5776//1727 5890//1428 
f 5892//96 5778//96 5777//73 5891//1752 
f 5893//498 5779//582 5778//96 5892//96 
f 5894//401 5780//450 5779//582 5893//498 
f 5895//344 5781//274 5780//450 5894//401 
f 5896//234 5782//1356 5781//274 5895//344 
f 5897//1488 5783//1351 5782//1356 5896//234 
f 5898//235 5784//1350 5783//1351 5897//1488 
f 5899//275 5785//1069 5784//1350 5898//235 
f 5900//274 5786//639 5785//1069 5899//275 
f 5901//236 5787//87 5786//639 5900//274 
f 5902//105 5788//83 5787//87 5901//236 
f 5903//74 5789//85 5788//83 5902//105 
f 5904//153 5790//84 5789//85 5903//74 
f 5905//84 5791//152 5790//84 5904//153 
f 5906//84 5792//89 5791//152 5905//84 
f 5907//84 5793//89 5792//89 5906//84 
f 5908//278 5794//152 5793//89 5907//84 
f 5909//1661 5795//100 5794//152 5908//278 
f 5910//89 5796//97 5795//100 5909//1661 
f 5911//341 5797//92 5796//97 5910//89 
f 5912//99 5798//211 5797//92 5911//341 
f 5913//211 5799//212 5798//211 5912//99 
f 5914//97 5800//211 5799//212 5913//211 
f 5915//100 5801//140 5800//211 5914//97 
f 5916//152 5802//98 5801//140 5915//100 
f 5917//148 5803//121 5802//98 5916//152 
f 5918//159 5804//239 5803//121 5917//148 
f 5919//148 5805//356 5804//239 5918//159 
f 5920//238 5806//94 5805//356 5919//148 
f 5921//464 5807//163 5806//94 5920//238 
f 5922//147 5808//54 5807//163 5921//464 
f 5923//147 5809//148 5808//54 5922//147 
f 5924//120 5810//121 5809//148 5923//147 
f 5925//147 5811//240 5810//121 5924//120 
f 5926//305 5812//341 5811//240 5925//147 
f 5927//305 5813//246 5812//341 5926//305 
f 5928//61 5814//123 5813//246 5927//305 
f 5929//99 5815//341 5816//166 5930//1095 
f 5931//464 5817//147 5815//341 5929//99 
f 5932//238 5818//464 5817//147 5931//464 
f 5933//238 5819//238 5818//464 5932//238 
f 5934//464 5820//148 5819//238 5933//238 
f 5935//411 5821//98 5820//148 5934//464 
f 5936//233 5822//341 5821//98 5935//411 
f 5937//244 5823//178 5822//341 5936//233 
f 5938//506 5824//301 5823//178 5937//244 
f 5939//463 5825//147 5824//301 5938//506 
f 5940//410 5826//211 5825//147 5939//463 
f 5941//341 5827//140 5826//211 5940//410 
f 5942//212 5828//211 5827//140 5941//341 
f 5943//99 5829//341 5828//211 5942//212 
f 5944//147 5830//147 5829//341 5943//99 
f 5945//147 5831//147 5830//147 5944//147 
f 5946//147 5832//341 5831//147 5945//147 
f 5947//305 5833//211 5832//341 5946//147 
f 5948//179 5834//211 5833//211 5947//305 
f 5949//532 5835//607 5834//211 5948//179 
f 5950//411 5836//61 5835//607 5949//532 
f 5951//341 5837//305 5836//61 5950//411 
f 5952//89 5838//444 5837//305 5951//341 
f 5953//153 5839//495 5838//444 5952//89 
f 5954//1315 5840//61 5839//495 5953//153 
f 5955//448 5841//120 5840//61 5954//1315 
f 5956//150 5842//147 5841//120 5955//448 
f 5957//639 5843//305 5842//147 5956//150 
f 5958//395 5844//162 5843//305 5957//639 
f 5959//401 5845//249 5844//162 5958//395 
f 5960//352 5846//621 5845//249 5959//401 
f 5961//301 5847//161 5846//621 5960//352 
f 5962//247 5848//121 5847//161 5961//301 
f 5963//120 5849//240 5848//121 5962//247 
f 5964//211 5850//99 5849//240 5963//120 
f 5965//89 5851//61 5850//99 5964//211 
f 5966//152 5852//61 5851//61 5965//89 
f 5967//1753 5853//1728 5852//61 5966//152 
f 5968//839 5854//1729 5853//1728 5967//1753 
f 5969//1754 5855//188 5854//1729 5968//839 
f 5970//1755 5856//1730 5855//188 5969//1754 
f 5971//1756 5857//1731 5856//1730 5970//1755 
f 5972//1757 5858//1732 5857//1731 5971//1756 
f 5973//1758 5859//1733 5858//1732 5972//1757 
f 5974//1759 5860//1734 5859//1733 5973//1758 
f 5975//537 5861//571 5860//1734 5974//1759 
f 5976//147 5862//122 5861//571 5975//537 
f 5977//240 5863//1735 5862//122 5976//147 
f 5978//243 5864//1075 5863//1735 5977//240 
f 5979//1153 5865//968 5864//1075 5978//243 
f 5980//1338 5866//1736 5865//968 5979//1153 
f 5981//797 5867//688 5866//1736 5980//1338 
f 5982//571 5868//572 5867//688 5981//797 
f 5983//233 5869//610 5868//572 5982//571 
f 5984//246 5870//608 5869//610 5983//233 
f 5985//120 5871//1737 5870//608 5984//246 
f 5986//243 5872//1738 5871//1737 5985//120 
f 5987//118 5873//1739 5872//1738 5986//243 
f 5988//1760 5874//1740 5873//1739 5987//118 
f 5989//183 5875//1741 5874//1740 5988//1760 
f 5990//1761 5876//1742 5875//1741 5989//183 
f 5991//1762 5877//1743 5876//1742 5990//1761 
f 5992//1763 5878//1744 5877//1743 5991//1762 
f 5993//1764 5879//1745 5878//1744 5992//1763 
f 5994//1765 5880//1746 5879//1745 5993//1764 
f 5995//1766 5881//1747 5880//1746 5994//1765 
f 5996//1767 5882//1748 5881//1747 5995//1766 
f 5997//1768 5883//1749 5882//1748 5996//1767 
f 5998//1769 5884//441 5883//1749 5997//1768 
f 5999//1070 5885//1750 5884//441 5998//1769 
f 6000//204 5886//1461 5885//1750 5999//1070 
f 6001//1414 5887//204 5886//1461 6000//204 
f 6002//1055 5888//1751 5887//204 6001//1414 
f 6003//1770 5889//205 5888//1751 6002//1055 
f 6004//1091 5890//1428 5889//205 6003//1770 
f 6005//1286 5891//1752 5890//1428 6004//1091 
f 6006//201 5892//96 5891//1752 6005//1286 
f 6007//457 5893//498 5892//96 6006//201 
f 6008//498 5894//401 5893//498 6007//457 
f 6009//93 5895//344 5894//401 6008//498 
f 6010//93 5896//234 5895//344 6009//93 
f 6011//545 5897//1488 5896//234 6010//93 
f 6012//397 5898//235 5897//1488 6011//545 
f 6013//1357 5899//275 5898//235 6012//397 
f 6014//1357 5900//274 5899//275 6013//1357 
f 6015//338 5901//236 5900//274 6014//1357 
f 6016//1771 5902//105 5901//236 6015//338 
f 6017//1772 5903//74 5902//105 6016//1771 
f 6018//203 5904//153 5903//74 6017//1772 
f 6019//203 5905//84 5904//153 6018//203 
f 6020//207 5906//84 5905//84 6019//203 
f 6021//207 5907//84 5906//84 6020//207 
f 6022//1699 5908//278 5907//84 6021//207 
f 6023//102 5909//1661 5908//278 6022//1699 
f 6024//1490 5910//89 5909//1661 6023//102 
f 6025//279 5911//341 5910//89 6024//1490 
f 6026//97 5912//99 5911//341 6025//279 
f 6027//574 5913//211 5912//99 6026//97 
f 6028//96 5914//97 5913//211 6027//574 
f 6029//278 5915//100 5914//97 6028//96 
f 6030//73 5916//152 5915//100 6029//278 
f 6031//344 5917//148 5916//152 6030//73 
f 6032//582 5918//159 5917//148 6031//344 
f 6033//149 5919//148 5918//159 6032//582 
f 6034//92 5920//238 5919//148 6033//149 
f 6035//341 5921//464 5920//238 6034//92 
f 6036//147 5922//147 5921//464 6035//341 
f 6037//147 5923//147 5922//147 6036//147 
f 6038//178 5924//120 5923//147 6037//147 
f 6039//178 5925//147 5924//120 6038//178 
f 6040//240 5926//305 5925//147 6039//178 
f 6041//95 5927//305 5926//305 6040//240 
f 6042//96 5928//61 5927//305 6041//95 
f 6043//61 5929//99 5930//1095 6044//495 
f 6045//230 5931//464 5929//99 6043//61 
f 6046//239 5932//238 5931//464 6045//230 
f 6047//464 5933//238 5932//238 6046//239 
f 6048//147 5934//464 5933//238 6047//464 
f 6049//61 5935//411 5934//464 6048//147 
f 6050//444 5936//233 5935//411 6049//61 
f 6051//305 5937//244 5936//233 6050//444 
f 6052//162 5938//506 5937//244 6051//305 
f 6053//243 5939//463 5938//506 6052//162 
f 6054//120 5940//410 5939//463 6053//243 
f 6055//246 5941//341 5940//410 6054//120 
f 6056//755 5942//212 5941//341 6055//246 
f 6057//233 5943//99 5942//212 6056//755 
f 6058//107 5944//147 5943//99 6057//233 
f 6059//107 5945//147 5944//147 6058//107 
f 6060//757 5946//147 5945//147 6059//107 
f 6061//571 5947//305 5946//147 6060//757 
f 6062//721 5948//179 5947//305 6061//571 
f 6063//1152 5949//532 5948//179 6062//721 
f 6064//112 5950//411 5949//532 6063//1152 
f 6065//57 5951//341 5950//411 6064//112 
f 6066//608 5952//89 5951//341 6065//57 
f 6067//246 5953//153 5952//89 6066//608 
f 6068//288 5954//1315 5953//153 6067//246 
f 6069//961 5955//448 5954//1315 6068//288 
f 6070//1701 5956//150 5955//448 6069//961 
f 6071//1315 5957//639 5956//150 6070//1701 
f 6072//210 5958//395 5957//639 6071//1315 
f 6073//464 5959//401 5958//395 6072//210 
f 6074//177 5960//352 5959//401 6073//464 
f 6075//176 5961//301 5960//352 6074//177 
f 6076//799 5962//247 5961//301 6075//176 
f 6077//540 5963//120 5962//247 6076//799 
f 6078//1773 5964//211 5963//120 6077//540 
f 6079//305 5965//89 5964//211 6078//1773 
f 6080//98 5966//152 5965//89 6079//305 
f 6081//239 5967//1753 5966//152 6080//98 
f 6082//407 5968//839 5967//1753 6081//239 
f 6083//172 5969//1754 5968//839 6082//407 
f 6084//1774 5970//1755 5969//1754 6083//172 
f 6085//1775 5971//1756 5970//1755 6084//1774 
f 6086//1275 5972//1757 5971//1756 6085//1775 
f 6087//1776 5973//1758 5972//1757 6086//1275 
f 6088//251 5974//1759 5973//1758 6087//1776 
f 6089//227 5975//537 5974//1759 6088//251 
f 6090//354 5976//147 5975//537 6089//227 
f 6091//147 5977//240 5976//147 6090//354 
f 6092//354 5978//243 5977//240 6091//147 
f 6093//284 5979//1153 5978//243 6092//354 
f 6094//309 5980//1338 5979//1153 6093//284 
f 6095//176 5981//797 5980//1338 6094//309 
f 6096//680 5982//571 5981//797 6095//176 
f 6097//543 5983//233 5982//571 6096//680 
f 6098//180 5984//246 5983//233 6097//543 
f 6099//162 5985//120 5984//246 6098//180 
f 6100//352 5986//243 5985//120 6099//162 
f 6101//686 5987//118 5986//243 6100//352 
f 6102//716 5988//1760 5987//118 6101//686 
f 6103//546 5989//183 5988//1760 6102//716 
f 6104//1227 5990//1761 5989//183 6103//546 
f 6105//1777 5991//1762 5990//1761 6104//1227 
f 6106//1778 5992//1763 5991//1762 6105//1777 
f 6107//1779 5993//1764 5992//1763 6106//1778 
f 6108//1780 5994//1765 5993//1764 6107//1779 
f 6109//554 5995//1766 5994//1765 6108//1780 
f 6110//1781 5996//1767 5995//1766 6109//554 
f 6111//1782 5997//1768 5996//1767 6110//1781 
f 6112//1783 5998//1769 5997//1768 6111//1782 
f 6113//1356 5999//1070 5998//1769 6112//1783 
f 6114//1784 6000//204 5999//1070 6113//1356 
f 6115//1055 6001//1414 6000//204 6114//1784 
f 6116//1785 6002//1055 6001//1414 6115//1055 
f 6117//1786 6003//1770 6002//1055 6116//1785 
f 6118//1787 6004//1091 6003//1770 6117//1786 
f 6119//1788 6005//1286 6004//1091 6118//1787 
f 6120//1789 6006//201 6005//1286 6119//1788 
f 6121//1350 6007//457 6006//201 6120//1789 
f 6122//1069 6008//498 6007//457 6121//1350 
f 6123//282 6009//93 6008//498 6122//1069 
f 6124//222 6010//93 6009//93 6123//282 
f 6125//585 6011//545 6010//93 6124//222 
f 6126//1431 6012//397 6011//545 6125//585 
f 6127//1790 6013//1357 6012//397 6126//1431 
f 6128//75 6014//1357 6013//1357 6127//1790 
f 6129//1791 6015//338 6014//1357 6128//75 
f 6130//1374 6016//1771 6015//338 6129//1791 
f 6131//103 6017//1772 6016//1771 6130//1374 
f 6132//80 6018//203 6017//1772 6131//103 
f 6133//1792 6019//203 6018//203 6132//80 
f 6134//1356 6020//207 6019//203 6133//1792 
f 6135//1785 6021//207 6020//207 6134//1356 
f 6136//453 6022//1699 6021//207 6135//1785 
f 6137//1793 6023//102 6022//1699 6136//453 
f 6138//1794 6024//1490 6023//102 6137//1793 
f 6139//1795 6025//279 6024//1490 6138//1794 
f 6140//215 6026//97 6025//279 6139//1795 
f 6141//96 6027//574 6026//97 6140//215 
f 6142//96 6028//96 6027//574 6141//96 
f 6143//215 6029//278 6028//96 6142//96 
f 6144//156 6030//73 6029//278 6143//215 
f 6145//282 6031//344 6030//73 6144//156 
f 6146//536 6032//582 6031//344 6145//282 
f 6147//574 6033//149 6032//582 6146//536 
f 6148//152 6034//92 6033//149 6147//574 
f 6149//211 6035//341 6034//92 6148//152 
f 6150//341 6036//147 6035//341 6149//211 
f 6151//246 6037//147 6036//147 6150//341 
f 6152//231 6038//178 6037//147 6151//246 
f 6153//247 6039//178 6038//178 6152//231 
f 6154//162 6040//240 6039//178 6153//247 
f 6155//159 6041//95 6040//240 6154//162 
f 6156//547 6042//96 6041//95 6155//159 
f 6157//211 6043//61 6044//495 6158//1095 
f 6159//238 6045//230 6043//61 6157//211 
f 6160//230 6046//239 6045//230 6159//238 
f 6161//147 6047//464 6046//239 6160//230 
f 6162//147 6048//147 6047//464 6161//147 
f 6163//99 6049//61 6048//147 6162//147 
f 6164//89 6050//444 6049//61 6163//99 
f 6165//210 6051//305 6050//444 6164//89 
f 6166//1796 6052//162 6051//305 6165//210 
f 6167//519 6053//243 6052//162 6166//1796 
f 6168//1072 6054//120 6053//243 6167//519 
f 6169//1584 6055//246 6054//120 6168//1072 
f 6170//569 6056//755 6055//246 6169//1584 
f 6171//542 6057//233 6056//755 6170//569 
f 6172//107 6058//107 6057//233 6171//542 
f 6173//543 6059//107 6058//107 6172//107 
f 6174//571 6060//757 6059//107 6173//543 
f 6175//721 6061//571 6060//757 6174//571 
f 6176//571 6062//721 6061//571 6175//721 
f 6177//232 6063//1152 6062//721 6176//571 
f 6178//1584 6064//112 6063//1152 6177//232 
f 6179//57 6065//57 6064//112 6178//1584 
f 6180//300 6066//608 6065//57 6179//57 
f 6181//447 6067//246 6066//608 6180//300 
f 6182//309 6068//288 6067//246 6181//447 
f 6183//290 6069//961 6068//288 6182//309 
f 6184//180 6070//1701 6069//961 6183//290 
f 6185//122 6071//1315 6070//1701 6184//180 
f 6186//755 6072//210 6071//1315 6185//122 
f 6187//307 6073//464 6072//210 6186//755 
f 6188//107 6074//177 6073//464 6187//307 
f 6189//107 6075//176 6074//177 6188//107 
f 6190//308 6076//799 6075//176 6189//107 
f 6191//506 6077//540 6076//799 6190//308 
f 6192//1797 6078//1773 6077//540 6191//506 
f 6193//114 6079//305 6078//1773 6192//1797 
f 6194//393 6080//98 6079//305 6193//114 
f 6195//176 6081//239 6080//98 6194//393 
f 6196//567 6082//407 6081//239 6195//176 
f 6197//1798 6083//172 6082//407 6196//567 
f 6198//1134 6084//1774 6083//172 6197//1798 
f 6199//1799 6085//1775 6084//1774 6198//1134 
f 6200//1800 6086//1275 6085//1775 6199//1799 
f 6201//906 6087//1776 6086//1275 6200//1800 
f 6202//49 6088//251 6087//1776 6201//906 
f 6203//646 6089//227 6088//251 6202//49 
f 6204//407 6090//354 6089//227 6203//646 
f 6205//107 6091//147 6090//354 6204//407 
f 6206//177 6092//354 6091//147 6205//107 
f 6207//290 6093//284 6092//354 6206//177 
f 6208//407 6094//309 6093//284 6207//290 
f 6209//107 6095//176 6094//309 6208//407 
f 6210//107 6096//680 6095//176 6209//107 
f 6211//107 6097//543 6096//680 6210//107 
f 6212//177 6098//180 6097//543 6211//107 
f 6213//290 6099//162 6098//180 6212//177 
f 6214//1227 6100//352 6099//162 6213//290 
f 6215//405 6101//686 6100//352 6214//1227 
f 6216//1323 6102//716 6101//686 6215//405 
f 6217//162 6103//546 6102//716 6216//1323 
f 6218//226 6104//1227 6103//546 6217//162 
f 6219//1801 6105//1777 6104//1227 6218//226 
f 6220//1802 6106//1778 6105//1777 6219//1801 
f 6221//1803 6107//1779 6106//1778 6220//1802 
f 6222//1804 6108//1780 6107//1779 6221//1803 
f 6223//767 6109//554 6108//1780 6222//1804 
f 6224//119 6110//1781 6109//554 6223//767 
f 6225//1502 6111//1782 6110//1781 6224//119 
f 6226//1805 6112//1783 6111//1782 6225//1502 
f 6227//1357 6113//1356 6112//1783 6226//1805 
f 6228//1806 6114//1784 6113//1356 6227//1357 
f 6229//1807 6115//1055 6114//1784 6228//1806 
f 6230//153 6116//1785 6115//1055 6229//1807 
f 6231//1532 6117//1786 6116//1785 6230//153 
f 6232//1808 6118//1787 6117//1786 6231//1532 
f 6233//205 6119//1788 6118//1787 6232//1808 
f 6234//155 6120//1789 6119//1788 6233//205 
f 6235//1809 6121//1350 6120//1789 6234//155 
f 6236//73 6122//1069 6121//1350 6235//1809 
f 6237//96 6123//282 6122//1069 6236//73 
f 6238//54 6124//222 6123//282 6237//96 
f 6239//119 6125//585 6124//222 6238//54 
f 6240//611 6126//1431 6125//585 6239//119 
f 6241//410 6127//1790 6126//1431 6240//611 
f 6242//61 6128//75 6127//1790 6241//410 
f 6243//391 6129//1791 6128//75 6242//61 
f 6244//1727 6130//1374 6129//1791 6243//391 
f 6245//213 6131//103 6130//1374 6244//1727 
f 6246//275 6132//80 6131//103 6245//213 
f 6247//1377 6133//1792 6132//80 6246//275 
f 6248//1577 6134//1356 6133//1792 6247//1377 
f 6249//454 6135//1785 6134//1356 6248//1577 
f 6250//1810 6136//453 6135//1785 6249//454 
f 6251//1811 6137//1793 6136//453 6250//1810 
f 6252//1812 6138//1794 6137//1793 6251//1811 
f 6253//1484 6139//1795 6138//1794 6252//1812 
f 6254//1813 6140//215 6139//1795 6253//1484 
f 6255//96 6141//96 6140//215 6254//1813 
f 6256//96 6142//96 6141//96 6255//96 
f 6257//574 6143//215 6142//96 6256//96 
f 6258//97 6144//156 6143//215 6257//574 
f 6259//92 6145//282 6144//156 6258//97 
f 6260//92 6146//536 6145//282 6259//92 
f 6261//211 6147//574 6146//536 6260//92 
f 6262//212 6148//152 6147//574 6261//211 
f 6263//212 6149//211 6148//152 6262//212 
f 6264//99 6150//341 6149//211 6263//212 
f 6265//411 6151//246 6150//341 6264//99 
f 6266//248 6152//231 6151//246 6265//411 
f 6267//407 6153//247 6152//231 6266//248 
f 6268//284 6154//162 6153//247 6267//407 
f 6269//229 6155//159 6154//162 6268//284 
f 6270//249 6156//547 6155//159 6269//229 
f 6271//98 6157//211 6158//1095 6272//166 
f 6273//356 6159//238 6157//211 6271//98 
f 6274//147 6160//230 6159//238 6273//356 
f 6275//410 6161//147 6160//230 6274//147 
f 6276//178 6162//147 6161//147 6275//410 
f 6277//341 6163//99 6162//147 6276//178 
f 6278//98 6164//89 6163//99 6277//341 
f 6279//92 6165//210 6164//89 6278//98 
f 6280//240 6166//1796 6165//210 6279//92 
f 6281//917 6167//519 6166//1796 6280//240 
f 6282//530 6168//1072 6167//519 6281//917 
f 6283//568 6169//1584 6168//1072 6282//530 
f 6284//112 6170//569 6169//1584 6283//568 
f 6285//107 6171//542 6170//569 6284//112 
f 6286//120 6172//107 6171//542 6285//107 
f 6287//98 6173//543 6172//107 6286//120 
f 6288//241 6174//571 6173//543 6287//98 
f 6289//241 6175//721 6174//571 6288//241 
f 6290//211 6176//571 6175//721 6289//241 
f 6291//212 6177//232 6176//571 6290//211 
f 6292//211 6178//1584 6177//232 6291//212 
f 6293//92 6179//57 6178//1584 6292//211 
f 6294//356 6180//300 6179//57 6293//92 
f 6295//230 6181//447 6180//300 6294//356 
f 6296//301 6182//309 6181//447 6295//230 
f 6297//939 6183//290 6182//309 6296//301 
f 6298//55 6184//180 6183//290 6297//939 
f 6299//232 6185//122 6184//180 6298//55 
f 6300//779 6186//755 6185//122 6299//232 
f 6301//231 6187//307 6186//755 6300//779 
f 6302//178 6188//107 6187//307 6301//231 
f 6303//464 6189//107 6188//107 6302//178 
f 6304//240 6190//308 6189//107 6303//464 
f 6305//246 6191//506 6190//308 6304//240 
f 6306//176 6192//1797 6191//506 6305//246 
f 6307//1133 6193//114 6192//1797 6306//176 
f 6308//224 6194//393 6193//114 6307//1133 
f 6309//402 6195//176 6194//393 6308//224 
f 6310//673 6196//567 6195//176 6309//402 
f 6311//571 6197//1798 6196//567 6310//673 
f 6312//248 6198//1134 6197//1798 6311//571 
f 6313//1814 6199//1799 6198//1134 6312//248 
f 6314//1815 6200//1800 6199//1799 6313//1814 
f 6315//1816 6201//906 6200//1800 6314//1815 
f 6316//592 6202//49 6201//906 6315//1816 
f 6317//863 6203//646 6202//49 6316//592 
f 6318//177 6204//407 6203//646 6317//863 
f 6319//608 6205//107 6204//407 6318//177 
f 6320//407 6206//177 6205//107 6319//608 
f 6321//229 6207//290 6206//177 6320//407 
f 6322//162 6208//407 6207//290 6321//229 
f 6323//147 6209//107 6208//407 6322//162 
f 6324//147 6210//107 6209//107 6323//147 
f 6325//246 6211//107 6210//107 6324//147 
f 6326//180 6212//177 6211//107 6325//246 
f 6327//309 6213//290 6212//177 6326//180 
f 6328//218 6214//1227 6213//290 6327//309 
f 6329//1817 6215//405 6214//1227 6328//218 
f 6330//1818 6216//1323 6215//405 6329//1817 
f 6331//230 6217//162 6216//1323 6330//1818 
f 6332//230 6218//226 6217//162 6331//230 
f 6333//1819 6219//1801 6218//226 6332//230 
f 6334//1820 6220//1802 6219//1801 6333//1819 
f 6335//1821 6221//1803 6220//1802 6334//1820 
f 6336//1822 6222//1804 6221//1803 6335//1821 
f 6337//1823 6223//767 6222//1804 6336//1822 
f 6338//1824 6224//119 6223//767 6337//1823 
f 6339//1825 6225//1502 6224//119 6338//1824 
f 6340//1826 6226//1805 6225//1502 6339//1825 
f 6341//1789 6227//1357 6226//1805 6340//1826 
f 6342//1827 6228//1806 6227//1357 6341//1789 
f 6343//1828 6229//1807 6228//1806 6342//1827 
f 6344//164 6230//153 6229//1807 6343//1828 
f 6345//1829 6231//1532 6230//153 6344//164 
f 6346//1807 6232//1808 6231//1532 6345//1829 
f 6347//1830 6233//205 6232//1808 6346//1807 
f 6348//153 6234//155 6233//205 6347//1830 
f 6349//1831 6235//1809 6234//155 6348//153 
f 6350//61 6236//73 6235//1809 6349//1831 
f 6351//464 6237//96 6236//73 6350//61 
f 6352//356 6238//54 6237//96 6351//464 
f 6353//239 6239//119 6238//54 6352//356 
f 6354//864 6240//611 6239//119 6353//239 
f 6355//608 6241//410 6240//611 6354//864 
f 6356//180 6242//61 6241//410 6355//608 
f 6357//140 6243//391 6242//61 6356//180 
f 6358//156 6244//1727 6243//391 6357//140 
f 6359//1389 6245//213 6244//1727 6358//156 
f 6360//1832 6246//275 6245//213 6359//1389 
f 6361//1351 6247//1377 6246//275 6360//1832 
f 6362//1356 6248//1577 6247//1377 6361//1351 
f 6363//1793 6249//454 6248//1577 6362//1356 
f 6364//1833 6250//1810 6249//454 6363//1793 
f 6365//204 6251//1811 6250//1810 6364//1833 
f 6366//1834 6252//1812 6251//1811 6365//204 
f 6367//1460 6253//1484 6252//1812 6366//1834 
f 6368//1835 6254//1813 6253//1484 6367//1460 
f 6369//150 6255//96 6254//1813 6368//1835 
f 6370//156 6256//96 6255//96 6369//150 
f 6371//84 6257//574 6256//96 6370//156 
f 6372//279 6258//97 6257//574 6371//84 
f 6373//92 6259//92 6258//97 6372//279 
f 6374//98 6260//92 6259//92 6373//92 
f 6375//212 6261//211 6260//92 6374//98 
f 6376//211 6262//212 6261//211 6375//212 
f 6377//279 6263//212 6262//212 6376//211 
f 6378//306 6264//99 6263//212 6377//279 
f 6379//306 6265//411 6264//99 6378//306 
f 6380//1316 6266//248 6265//411 6379//306 
f 6381//289 6267//407 6266//248 6380//1316 
f 6382//283 6268//284 6267//407 6381//289 
f 6383//462 6269//229 6268//284 6382//283 
f 6384//249 6270//249 6269//229 6383//462 
f 6385//178 6271//98 6272//166 6386//412 
f 6387//246 6273//356 6271//98 6385//178 
f 6388//248 6274//147 6273//356 6387//246 
f 6389//107 6275//410 6274//147 6388//248 
f 6390//247 6276//178 6275//410 6389//107 
f 6391//178 6277//341 6276//178 6390//247 
f 6392//147 6278//98 6277//341 6391//178 
f 6393//246 6279//92 6278//98 6392//147 
f 6394//248 6280//240 6279//92 6393//246 
f 6395//445 6281//917 6280//240 6394//248 
f 6396//128 6282//530 6281//917 6395//445 
f 6397//233 6283//568 6282//530 6396//128 
f 6398//180 6284//112 6283//568 6397//233 
f 6399//162 6285//107 6284//112 6398//180 
f 6400//283 6286//120 6285//107 6399//162 
f 6401//163 6287//98 6286//120 6400//283 
f 6402//81 6288//241 6287//98 6401//163 
f 6403//103 6289//241 6288//241 6402//81 
f 6404//303 6290//211 6289//241 6403//103 
f 6405//101 6291//212 6290//211 6404//303 
f 6406//97 6292//211 6291//212 6405//101 
f 6407//740 6293//92 6292//211 6406//97 
f 6408//96 6294//356 6293//92 6407//740 
f 6409//149 6295//230 6294//356 6408//96 
f 6410//288 6296//301 6295//230 6409//149 
f 6411//238 6297//939 6296//301 6410//288 
f 6412//147 6298//55 6297//939 6411//238 
f 6413//755 6299//232 6298//55 6412//147 
f 6414//233 6300//779 6299//232 6413//755 
f 6415//107 6301//231 6300//779 6414//233 
f 6416//247 6302//178 6301//231 6415//107 
f 6417//354 6303//464 6302//178 6416//247 
f 6418//147 6304//240 6303//464 6417//354 
f 6419//179 6305//246 6304//240 6418//147 
f 6420//248 6306//176 6305//246 6419//179 
f 6421//543 6307//1133 6306//176 6420//248 
f 6422//176 6308//224 6307//1133 6421//543 
f 6423//55 6309//402 6308//224 6422//176 
f 6424//246 6310//673 6309//402 6423//55 
f 6425//92 6311//571 6310//673 6424//246 
f 6426//582 6312//248 6311//571 6425//92 
f 6427//1836 6313//1814 6312//248 6426//582 
f 6428//622 6314//1815 6313//1814 6427//1836 
f 6429//1837 6315//1816 6314//1815 6428//622 
f 6430//1838 6316//592 6315//1816 6429//1837 
f 6431//178 6317//863 6316//592 6430//1838 
f 6432//59 6318//177 6317//863 6431//178 
f 6433//176 6319//608 6318//177 6432//59 
f 6434//711 6320//407 6319//608 6433//176 
f 6435//227 6321//229 6320//407 6434//711 
f 6436//226 6322//162 6321//229 6435//227 
f 6437//178 6323//147 6322//162 6436//226 
f 6438//147 6324//147 6323//147 6437//178 
f 6439//305 6325//246 6324//147 6438//147 
f 6440//147 6326//180 6325//246 6439//305 
f 6441//162 6327//309 6326//180 6440//147 
f 6442//1839 6328//218 6327//309 6441//162 
f 6443//1237 6329//1817 6328//218 6442//1839 
f 6444//838 6330//1818 6329//1817 6443//1237 
f 6445//283 6331//230 6330//1818 6444//838 
f 6446//94 6332//230 6331//230 6445//283 
f 6447//353 6333//1819 6332//230 6446//94 
f 6448//940 6334//1820 6333//1819 6447//353 
f 6449//1840 6335//1821 6334//1820 6448//940 
f 6450//1841 6336//1822 6335//1821 6449//1840 
f 6451//1842 6337//1823 6336//1822 6450//1841 
f 6452//1843 6338//1824 6337//1823 6451//1842 
f 6453//1844 6339//1825 6338//1824 6452//1843 
f 6454//1845 6340//1826 6339//1825 6453//1844 
f 6455//1846 6341//1789 6340//1826 6454//1845 
f 6456//1847 6342//1827 6341//1789 6455//1846 
f 6457//1848 6343//1828 6342//1827 6456//1847 
f 6458//80 6344//164 6343//1828 6457//1848 
f 6459//1785 6345//1829 6344//164 6458//80 
f 6460//1849 6346//1807 6345//1829 6459//1785 
f 6461//1850 6347//1830 6346//1807 6460//1849 
f 6462//1851 6348//153 6347//1830 6461//1850 
f 6463//1852 6349//1831 6348//153 6462//1851 
f 6464//1853 6350//61 6349//1831 6463//1852 
f 6465//94 6351//464 6350//61 6464//1853 
f 6466//237 6352//356 6351//464 6465//94 
f 6467//149 6353//239 6352//356 6466//237 
f 6468//140 6354//864 6353//239 6467//149 
f 6469//240 6355//608 6354//864 6468//140 
f 6470//283 6356//180 6355//608 6469//240 
f 6471//498 6357//140 6356//180 6470//283 
f 6472//395 6358//156 6357//140 6471//498 
f 6473//1854 6359//1389 6358//156 6472//395 
f 6474//1069 6360//1832 6359//1389 6473//1854 
f 6475//1627 6361//1351 6360//1832 6474//1069 
f 6476//1699 6362//1356 6361//1351 6475//1627 
f 6477//1518 6363//1793 6362//1356 6476//1699 
f 6478//640 6364//1833 6363//1793 6477//1518 
f 6479//1791 6365//204 6364//1833 6478//640 
f 6480//1855 6366//1834 6365//204 6479//1791 
f 6481//1856 6367//1460 6366//1834 6480//1855 
f 6482//1811 6368//1835 6367//1460 6481//1856 
f 6483//274 6369//150 6368//1835 6482//1811 
f 6484//206 6370//156 6369//150 6483//274 
f 6485//104 6371//84 6370//156 6484//206 
f 6486//81 6372//279 6371//84 6485//104 
f 6487//156 6373//92 6372//279 6486//81 
f 6488//73 6374//98 6373//92 6487//156 
f 6489//73 6375//212 6374//98 6488//73 
f 6490//156 6376//211 6375//212 6489//73 
f 6491//1627 6377//279 6376//211 6490//156 
f 6492//207 6378//306 6377//279 6491//1627 
f 6493//207 6379//306 6378//306 6492//207 
f 6494//1333 6380//1316 6379//306 6493//207 
f 6495//1857 6381//289 6380//1316 6494//1333 
f 6496//448 6382//283 6381//289 6495//1857 
f 6497//498 6383//462 6382//283 6496//448 
f 6498//547 6384//249 6383//462 6497//498 
f 6499//177 6385//178 6386//412 6500//407 
f 6501//307 6387//246 6385//178 6499//177 
f 6502//248 6388//248 6387//246 6501//307 
f 6503//410 6389//107 6388//248 6502//248 
f 6504//301 6390//247 6389//107 6503//410 
f 6505//162 6391//178 6390//247 6504//301 
f 6506//240 6392//147 6391//178 6505//162 
f 6507//99 6393//246 6392//147 6506//240 
f 6508//61 6394//248 6393//246 6507//99 
f 6509//444 6395//445 6394//248 6508//61 
f 6510//496 6396//128 6395//445 6509//444 
f 6511//140 6397//233 6396//128 6510//496 
f 6512//498 6398//180 6397//233 6511//140 
f 6513//132 6399//162 6398//180 6512//498 
f 6514//401 6400//283 6399//162 6513//132 
f 6515//158 6401//163 6400//283 6514//401 
f 6516//96 6402//81 6401//163 6515//158 
f 6517//1858 6403//103 6402//81 6516//96 
f 6518//1374 6404//303 6403//103 6517//1858 
f 6519//1859 6405//101 6404//303 6518//1374 
f 6520//281 6406//97 6405//101 6519//1859 
f 6521//93 6407//740 6406//97 6520//281 
f 6522//163 6408//96 6407//740 6521//93 
f 6523//882 6409//149 6408//96 6522//163 
f 6524//278 6410//288 6409//149 6523//882 
f 6525//98 6411//238 6410//288 6524//278 
f 6526//411 6412//147 6411//238 6525//98 
f 6527//179 6413//755 6412//147 6526//411 
f 6528//61 6414//233 6413//755 6527//179 
f 6529//246 6415//107 6414//233 6528//61 
f 6530//247 6416//247 6415//107 6529//246 
f 6531//403 6417//354 6416//247 6530//247 
f 6532//608 6418//147 6417//354 6531//403 
f 6533//233 6419//179 6418//147 6532//608 
f 6534//411 6420//248 6419//179 6533//233 
f 6535//341 6421//543 6420//248 6534//411 
f 6536//148 6422//176 6421//543 6535//341 
f 6537//1860 6423//55 6422//176 6536//148 
f 6538//395 6424//246 6423//55 6537//1860 
f 6539//1667 6425//92 6424//246 6538//395 
f 6540//1836 6426//582 6425//92 6539//1667 
f 6541//1502 6427//1836 6426//582 6540//1836 
f 6542//1247 6428//622 6427//1836 6541//1502 
f 6543//148 6429//1837 6428//622 6542//1247 
f 6544//248 6430//1838 6429//1837 6543//148 
f 6545//571 6431//178 6430//1838 6544//248 
f 6546//175 6432//59 6431//178 6545//571 
f 6547//447 6433//176 6432//59 6546//175 
f 6548//924 6434//711 6433//176 6547//447 
f 6549//358 6435//227 6434//711 6548//924 
f 6550//924 6436//226 6435//227 6549//358 
f 6551//407 6437//178 6436//226 6550//924 
f 6552//178 6438//147 6437//178 6551//407 
f 6553//240 6439//305 6438//147 6552//178 
f 6554//288 6440//147 6439//305 6553//240 
f 6555//1398 6441//162 6440//147 6554//288 
f 6556//1861 6442//1839 6441//162 6555//1398 
f 6557//584 6443//1237 6442//1839 6556//1861 
f 6558//682 6444//838 6443//1237 6557//584 
f 6559//546 6445//283 6444//838 6558//682 
f 6560//238 6446//94 6445//283 6559//546 
f 6561//240 6447//353 6446//94 6560//238 
f 6562//180 6448//940 6447//353 6561//240 
f 6563//782 6449//1840 6448//940 6562//180 
f 6564//1862 6450//1841 6449//1840 6563//782 
f 6565//1863 6451//1842 6450//1841 6564//1862 
f 6566//1864 6452//1843 6451//1842 6565//1863 
f 6567//1865 6453//1844 6452//1843 6566//1864 
f 6568//1866 6454//1845 6453//1844 6567//1865 
f 6569//1867 6455//1846 6454//1845 6568//1866 
f 6570//1868 6456//1847 6455//1846 6569//1867 
f 6571//1869 6457//1848 6456//1847 6570//1868 
f 6572//1415 6458//80 6457//1848 6571//1869 
f 6573//1870 6459//1785 6458//80 6572//1415 
f 6574//1788 6460//1849 6459//1785 6573//1870 
f 6575//1871 6461//1850 6460//1849 6574//1788 
f 6576//1872 6462//1851 6461//1850 6575//1871 
f 6577//1873 6463//1852 6462//1851 6576//1872 
f 6578//1874 6464//1853 6463//1852 6577//1873 
f 6579//1875 6465//94 6464//1853 6578//1874 
f 6580//1158 6466//237 6465//94 6579//1875 
f 6581//1389 6467//149 6466//237 6580//1158 
f 6582//275 6468//140 6467//149 6581//1389 
f 6583//1876 6469//240 6468//140 6582//275 
f 6584//1877 6470//283 6469//240 6583//1876 
f 6585//449 6471//498 6470//283 6584//1877 
f 6586//395 6472//395 6471//498 6585//449 
f 6587//163 6473//1854 6472//395 6586//395 
f 6588//95 6474//1069 6473//1854 6587//163 
f 6589//210 6475//1627 6474//1069 6588//95 
f 6590//215 6476//1699 6475//1627 6589//210 
f 6591//1727 6477//1518 6476//1699 6590//215 
f 6592//1791 6478//640 6477//1518 6591//1727 
f 6593//640 6479//1791 6478//640 6592//1791 
f 6594//204 6480//1855 6479//1791 6593//640 
f 6595//1878 6481//1856 6480//1855 6594//204 
f 6596//1879 6482//1811 6481//1856 6595//1878 
f 6597//1563 6483//274 6482//1811 6596//1879 
f 6598//306 6484//206 6483//274 6597//1563 
f 6599//84 6485//104 6484//206 6598//306 
f 6600//86 6486//81 6485//104 6599//84 
f 6601//639 6487//156 6486//81 6600//86 
f 6602//206 6488//73 6487//156 6601//639 
f 6603//1333 6489//73 6488//73 6602//206 
f 6604//1333 6490//156 6489//73 6603//1333 
f 6605//1627 6491//1627 6490//156 6604//1333 
f 6606//81 6492//207 6491//1627 6605//1627 
f 6607//87 6493//207 6492//207 6606//81 
f 6608//642 6494//1333 6493//207 6607//87 
f 6609//282 6495//1857 6494//1333 6608//642 
f 6610//150 6496//448 6495//1857 6609//282 
f 6611//282 6497//498 6496//448 6610//150 
f 6612//451 6498//547 6497//498 6611//282 
f 6613//147 6499//177 6500//407 6614//121 
f 6615//123 6501//307 6499//177 6613//147 
f 6616//246 6502//248 6501//307 6615//123 
f 6617//147 6503//410 6502//248 6616//246 
f 6618//162 6504//301 6503//410 6617//147 
f 6619//243 6505//162 6504//301 6618//162 
f 6620//147 6506//240 6505//162 6619//243 
f 6621//99 6507//99 6506//240 6620//147 
f 6622//212 6508//61 6507//99 6621//99 
f 6623//1095 6509//444 6508//61 6622//212 
f 6624//89 6510//496 6509//444 6623//1095 
f 6625//163 6511//140 6510//496 6624//89 
f 6626//132 6512//498 6511//140 6625//163 
f 6627//498 6513//132 6512//498 6626//132 
f 6628//148 6514//401 6513//132 6627//498 
f 6629//239 6515//158 6514//401 6628//148 
f 6630//238 6516//96 6515//158 6629//239 
f 6631//279 6517//1858 6516//96 6630//238 
f 6632//1880 6518//1374 6517//1858 6631//279 
f 6633//1881 6519//1859 6518//1374 6632//1880 
f 6634//1661 6520//281 6519//1859 6633//1881 
f 6635//158 6521//93 6520//281 6634//1661 
f 6636//651 6522//163 6521//93 6635//158 
f 6637//96 6523//882 6522//163 6636//651 
f 6638//90 6524//278 6523//882 6637//96 
f 6639//241 6525//98 6524//278 6638//90 
f 6640//607 6526//411 6525//98 6639//241 
f 6641//61 6527//179 6526//411 6640//607 
f 6642//61 6528//61 6527//179 6641//61 
f 6643//305 6529//246 6528//61 6642//61 
f 6644//178 6530//247 6529//246 6643//305 
f 6645//180 6531//403 6530//247 6644//178 
f 6646//107 6532//608 6531//403 6645//180 
f 6647//231 6533//233 6532//608 6646//107 
f 6648//147 6534//411 6533//233 6647//231 
f 6649//158 6535//341 6534//411 6648//147 
f 6650//1502 6536//148 6535//341 6649//158 
f 6651//1882 6537//1860 6536//148 6650//1502 
f 6652//1883 6538//395 6537//1860 6651//1882 
f 6653//396 6539//1667 6538//395 6652//1883 
f 6654//450 6540//1836 6539//1667 6653//396 
f 6655//497 6541//1502 6540//1836 6654//450 
f 6656//651 6542//1247 6541//1502 6655//497 
f 6657//89 6543//148 6542//1247 6656//651 
f 6658//495 6544//248 6543//148 6657//89 
f 6659//532 6545//571 6544//248 6658//495 
f 6660//123 6546//175 6545//571 6659//532 
f 6661//247 6547//447 6546//175 6660//123 
f 6662//290 6548//924 6547//447 6661//247 
f 6663//227 6549//358 6548//924 6662//290 
f 6664//227 6550//924 6549//358 6663//227 
f 6665//284 6551//407 6550//924 6664//227 
f 6666//354 6552//178 6551//407 6665//284 
f 6667//230 6553//240 6552//178 6666//354 
f 6668//159 6554//288 6553//240 6667//230 
f 6669//547 6555//1398 6554//288 6668//159 
f 6670//738 6556//1861 6555//1398 6669//547 
f 6671//1884 6557//584 6556//1861 6670//738 
f 6672//1155 6558//682 6557//584 6671//1884 
f 6673//1702 6559//546 6558//682 6672//1155 
f 6674//614 6560//238 6559//546 6673//1702 
f 6675//1544 6561//240 6560//238 6674//614 
f 6676//1096 6562//180 6561//240 6675//1544 
f 6677//346 6563//782 6562//180 6676//1096 
f 6678//1885 6564//1862 6563//782 6677//346 
f 6679//1886 6565//1863 6564//1862 6678//1885 
f 6680//1887 6566//1864 6565//1863 6679//1886 
f 6681//1888 6567//1865 6566//1864 6680//1887 
f 6682//1889 6568//1866 6567//1865 6681//1888 
f 6683//1890 6569//1867 6568//1866 6682//1889 
f 6684//353 6570//1868 6569//1867 6683//1890 
f 6685//1891 6571//1869 6570//1868 6684//353 
f 6686//1892 6572//1415 6571//1869 6685//1891 
f 6687//1893 6573//1870 6572//1415 6686//1892 
f 6688//1894 6574//1788 6573//1870 6687//1893 
f 6689//1895 6575//1871 6574//1788 6688//1894 
f 6690//1896 6576//1872 6575//1871 6689//1895 
f 6691//1897 6577//1873 6576//1872 6690//1896 
f 6692//1898 6578//1874 6577//1873 6691//1897 
f 6693//1899 6579//1875 6578//1874 6692//1898 
f 6694//1900 6580//1158 6579//1875 6693//1899 
f 6695//1901 6581//1389 6580//1158 6694//1900 
f 6696//194 6582//275 6581//1389 6695//1901 
f 6697//1902 6583//1876 6582//275 6696//194 
f 6698//1903 6584//1877 6583//1876 6697//1902 
f 6699//882 6585//449 6584//1877 6698//1903 
f 6700//1904 6586//395 6585//449 6699//882 
f 6701//1905 6587//163 6586//395 6700//1904 
f 6702//799 6588//95 6587//163 6701//1905 
f 6703//1906 6589//210 6588//95 6702//799 
f 6704//356 6590//215 6589//210 6703//1906 
f 6705//306 6591//1727 6590//215 6704//356 
f 6706//303 6592//1791 6591//1727 6705//306 
f 6707//1751 6593//640 6592//1791 6706//303 
f 6708//1793 6594//204 6593//640 6707//1751 
f 6709//1501 6595//1878 6594//204 6708//1793 
f 6710//1408 6596//1879 6595//1878 6709//1501 
f 6711//1907 6597//1563 6596//1879 6710//1408 
f 6712//1908 6598//306 6597//1563 6711//1907 
f 6713//166 6599//84 6598//306 6712//1908 
f 6714//92 6600//86 6599//84 6713//166 
f 6715//536 6601//639 6600//86 6714//92 
f 6716//1069 6602//206 6601//639 6715//536 
f 6717//1333 6603//1333 6602//206 6716//1069 
f 6718//81 6604//1333 6603//1333 6717//1333 
f 6719//73 6605//1627 6604//1333 6718//81 
f 6720//84 6606//81 6605//1627 6719//73 
f 6721//153 6607//87 6606//81 6720//84 
f 6722//96 6608//642 6607//87 6721//153 
f 6723//163 6609//282 6608//642 6722//96 
f 6724//96 6610//150 6609//282 6723//163 
f 6725//96 6611//282 6610//150 6724//96 
f 6726//96 6612//451 6611//282 6725//96 
f 6727//152 6613//147 6614//121 6728//100 
f 6729//211 6615//123 6613//147 6727//152 
f 6730//341 6616//246 6615//123 6729//211 
f 6731//147 6617//147 6616//246 6730//341 
f 6732//162 6618//162 6617//147 6731//147 
f 6733//361 6619//243 6618//162 6732//162 
f 6734//410 6620//147 6619//243 6733//361 
f 6735//246 6621//99 6620//147 6734//410 
f 6736//99 6622//212 6621//99 6735//246 
f 6737//89 6623//1095 6622//212 6736//99 
f 6738//210 6624//89 6623//1095 6737//89 
f 6739//498 6625//163 6624//89 6738//210 
f 6740//651 6626//132 6625//163 6739//498 
f 6741//288 6627//498 6626//132 6740//651 
f 6742//92 6628//148 6627//498 6741//288 
f 6743//238 6629//239 6628//148 6742//92 
f 6744//230 6630//238 6629//239 6743//238 
f 6745//341 6631//279 6630//238 6744//230 
f 6746//873 6632//1880 6631//279 6745//341 
f 6747//443 6633//1881 6632//1880 6746//873 
f 6748//84 6634//1661 6633//1881 6747//443 
f 6749//498 6635//158 6634//1661 6748//84 
f 6750//401 6636//651 6635//158 6749//498 
f 6751//96 6637//96 6636//651 6750//401 
f 6752//1909 6638//90 6637//96 6751//96 
f 6753//391 6639//241 6638//90 6752//1909 
f 6754//830 6640//607 6639//241 6753//391 
f 6755//444 6641//61 6640//607 6754//830 
f 6756//755 6642//61 6641//61 6755//444 
f 6757//307 6643//305 6642//61 6756//755 
f 6758//107 6644//178 6643//305 6757//307 
f 6759//180 6645//180 6644//178 6758//107 
f 6760//178 6646//107 6645//180 6759//180 
f 6761//147 6647//231 6646//107 6760//178 
f 6762//230 6648//147 6647//231 6761//147 
f 6763//460 6649//158 6648//147 6762//230 
f 6764//737 6650//1502 6649//158 6763//460 
f 6765//687 6651//1882 6650//1502 6764//737 
f 6766//1838 6652//1883 6651//1882 6765//687 
f 6767//148 6653//396 6652//1883 6766//1838 
f 6768//148 6654//450 6653//396 6767//148 
f 6769//159 6655//497 6654//450 6768//148 
f 6770//159 6656//651 6655//497 6769//159 
f 6771//1910 6657//89 6656//651 6770//159 
f 6772//1532 6658//495 6657//89 6771//1910 
f 6773//1909 6659//532 6658//495 6772//1532 
f 6774//89 6660//123 6659//532 6773//1909 
f 6775//121 6661//247 6660//123 6774//89 
f 6776//352 6662//290 6661//247 6775//121 
f 6777//119 6663//227 6662//290 6776//352 
f 6778//352 6664//227 6663//227 6777//119 
f 6779//243 6665//284 6664//227 6778//352 
f 6780//301 6666//354 6665//284 6779//243 
f 6781//361 6667//230 6666//354 6780//301 
f 6782//243 6668//159 6667//230 6781//361 
f 6783//301 6669//547 6668//159 6782//243 
f 6784//819 6670//738 6669//547 6783//301 
f 6785//539 6671//1884 6670//738 6784//819 
f 6786//578 6672//1155 6671//1884 6785//539 
f 6787//596 6673//1702 6672//1155 6786//578 
f 6788//1911 6674//614 6673//1702 6787//596 
f 6789//802 6675//1544 6674//614 6788//1911 
f 6790//741 6676//1096 6675//1544 6789//802 
f 6791//309 6677//346 6676//1096 6790//741 
f 6792//1912 6678//1885 6677//346 6791//309 
f 6793//1913 6679//1886 6678//1885 6792//1912 
f 6794//1914 6680//1887 6679//1886 6793//1913 
f 6795//1915 6681//1888 6680//1887 6794//1914 
f 6796//1916 6682//1889 6681//1888 6795//1915 
f 6797//1917 6683//1890 6682//1889 6796//1916 
f 6798//1918 6684//353 6683//1890 6797//1917 
f 6799//1919 6685//1891 6684//353 6798//1918 
f 6800//1920 6686//1892 6685//1891 6799//1919 
f 6801//1921 6687//1893 6686//1892 6800//1920 
f 6802//1523 6688//1894 6687//1893 6801//1921 
f 6803//194 6689//1895 6688//1894 6802//1523 
f 6804//1922 6690//1896 6689//1895 6803//194 
f 6805//1923 6691//1897 6690//1896 6804//1922 
f 6806//1924 6692//1898 6691//1897 6805//1923 
f 6807//1925 6693//1899 6692//1898 6806//1924 
f 6808//1926 6694//1900 6693//1899 6807//1925 
f 6809//1922 6695//1901 6694//1900 6808//1926 
f 6810//1927 6696//194 6695//1901 6809//1922 
f 6811//333 6697//1902 6696//194 6810//1927 
f 6812//1878 6698//1903 6697//1902 6811//333 
f 6813//1928 6699//882 6698//1903 6812//1878 
f 6814//1929 6700//1904 6699//882 6813//1928 
f 6815//1930 6701//1905 6700//1904 6814//1929 
f 6816//1931 6702//799 6701//1905 6815//1930 
f 6817//1932 6703//1906 6702//799 6816//1931 
f 6818//1933 6704//356 6703//1906 6817//1932 
f 6819//740 6705//306 6704//356 6818//1933 
f 6820//639 6706//303 6705//306 6819//740 
f 6821//1934 6707//1751 6706//303 6820//639 
f 6822//1935 6708//1793 6707//1751 6821//1934 
f 6823//1936 6709//1501 6708//1793 6822//1935 
f 6824//1937 6710//1408 6709//1501 6823//1936 
f 6825//1938 6711//1907 6710//1408 6824//1937 
f 6826//1939 6712//1908 6711//1907 6825//1938 
f 6827//1940 6713//166 6712//1908 6826//1939 
f 6828//94 6714//92 6713//166 6827//1940 
f 6829//651 6715//536 6714//92 6828//94 
f 6830//222 6716//1069 6715//536 6829//651 
f 6831//778 6717//1333 6716//1069 6830//222 
f 6832//1941 6718//81 6717//1333 6831//778 
f 6833//86 6719//73 6718//81 6832//1941 
f 6834//81 6720//84 6719//73 6833//86 
f 6835//641 6721//153 6720//84 6834//81 
f 6836//1627 6722//96 6721//153 6835//641 
f 6837//882 6723//163 6722//96 6836//1627 
f 6838//96 6724//96 6723//163 6837//882 
f 6839//574 6725//96 6724//96 6838//96 
f 6840//100 6726//96 6725//96 6839//574 
f 6841//212 6727//152 6728//100 6842//1095 
f 6843//211 6729//211 6727//152 6841//212 
f 6844//140 6730//341 6729//211 6843//211 
f 6845//92 6731//147 6730//341 6844//140 
f 6846//238 6732//162 6731//147 6845//92 
f 6847//230 6733//361 6732//162 6846//238 
f 6848//147 6734//410 6733//361 6847//230 
f 6849//147 6735//246 6734//410 6848//147 
f 6850//341 6736//99 6735//246 6849//147 
f 6851//98 6737//89 6736//99 6850//341 
f 6852//288 6738//210 6737//89 6851//98 
f 6853//158 6739//498 6738//210 6852//288 
f 6854//157 6740//651 6739//498 6853//158 
f 6855//92 6741//288 6740//651 6854//157 
f 6856//92 6742//92 6741//288 6855//92 
f 6857//356 6743//238 6742//92 6856//92 
f 6858//464 6744//230 6743//238 6857//356 
f 6859//147 6745//341 6744//230 6858//464 
f 6860//212 6746//873 6745//341 6859//147 
f 6861//1942 6747//443 6746//873 6860//212 
f 6862//84 6748//84 6747//443 6861//1942 
f 6863//1796 6749//498 6748//84 6862//84 
f 6864//547 6750//401 6749//498 6863//1796 
f 6865//95 6751//96 6750//401 6864//547 
f 6866//1348 6752//1909 6751//96 6865//95 
f 6867//1943 6753//391 6752//1909 6866//1348 
f 6868//495 6754//830 6753//391 6867//1943 
f 6869//1711 6755//444 6754//830 6868//495 
f 6870//754 6756//755 6755//444 6869//1711 
f 6871//307 6757//307 6756//755 6870//754 
f 6872//180 6758//107 6757//307 6871//307 
f 6873//354 6759//180 6758//107 6872//180 
f 6874//230 6760//178 6759//180 6873//354 
f 6875//240 6761//147 6760//178 6874//230 
f 6876//120 6762//230 6761//147 6875//240 
f 6877//227 6763//460 6762//230 6876//120 
f 6878//1297 6764//737 6763//460 6877//227 
f 6879//940 6765//687 6764//737 6878//1297 
f 6880//177 6766//1838 6765//687 6879//940 
f 6881//177 6767//148 6766//1838 6880//177 
f 6882//177 6768//148 6767//148 6881//177 
f 6883//407 6769//159 6768//148 6882//177 
f 6884//226 6770//159 6769//159 6883//407 
f 6885//1271 6771//1910 6770//159 6884//226 
f 6886//101 6772//1532 6771//1910 6885//1271 
f 6887//1532 6773//1909 6772//1532 6886//101 
f 6888//613 6774//89 6773//1909 6887//1532 
f 6889//148 6775//121 6774//89 6888//613 
f 6890//119 6776//352 6775//121 6889//148 
f 6891//119 6777//119 6776//352 6890//119 
f 6892//353 6778//352 6777//119 6891//119 
f 6893//120 6779//243 6778//352 6892//353 
f 6894//247 6780//301 6779//243 6893//120 
f 6895//284 6781//361 6780//301 6894//247 
f 6896//53 6782//243 6781//361 6895//284 
f 6897//180 6783//301 6782//243 6896//53 
f 6898//394 6784//819 6783//301 6897//180 
f 6899//861 6785//539 6784//819 6898//394 
f 6900//114 6786//578 6785//539 6899//861 
f 6901//741 6787//596 6786//578 6900//114 
f 6902//506 6788//1911 6787//596 6901//741 
f 6903//1107 6789//802 6788//1911 6902//506 
f 6904//1944 6790//741 6789//802 6903//1107 
f 6905//352 6791//309 6790//741 6904//1944 
f 6906//1945 6792//1912 6791//309 6905//352 
f 6907//1946 6793//1913 6792//1912 6906//1945 
f 6908//1947 6794//1914 6793//1913 6907//1946 
f 6909//1948 6795//1915 6794//1914 6908//1947 
f 6910//1588 6796//1916 6795//1915 6909//1948 
f 6911//1949 6797//1917 6796//1916 6910//1588 
f 6912//1950 6798//1918 6797//1917 6911//1949 
f 6913//1951 6799//1919 6798//1918 6912//1950 
f 6914//1952 6800//1920 6799//1919 6913//1951 
f 6915//1953 6801//1921 6800//1920 6914//1952 
f 6916//881 6802//1523 6801//1921 6915//1953 
f 6917//1954 6803//194 6802//1523 6916//881 
f 6918//1955 6804//1922 6803//194 6917//1954 
f 6919//1956 6805//1923 6804//1922 6918//1955 
f 6920//1957 6806//1924 6805//1923 6919//1956 
f 6921//1958 6807//1925 6806//1924 6920//1957 
f 6922//1959 6808//1926 6807//1925 6921//1958 
f 6923//1960 6809//1922 6808//1926 6922//1959 
f 6924//1409 6810//1927 6809//1922 6923//1960 
f 6925//1871 6811//333 6810//1927 6924//1409 
f 6926//1961 6812//1878 6811//333 6925//1871 
f 6927//1962 6813//1928 6812//1878 6926//1961 
f 6928//1963 6814//1929 6813//1928 6927//1962 
f 6929//1964 6815//1930 6814//1929 6928//1963 
f 6930//1965 6816//1931 6815//1930 6929//1964 
f 6931//1966 6817//1932 6816//1931 6930//1965 
f 6932//1136 6818//1933 6817//1932 6931//1966 
f 6933//283 6819//740 6818//1933 6932//1136 
f 6934//54 6820//639 6819//740 6933//283 
f 6935//642 6821//1934 6820//639 6934//54 
f 6936//234 6822//1935 6821//1934 6935//642 
f 6937//1967 6823//1936 6822//1935 6936//234 
f 6938//1968 6824//1937 6823//1936 6937//1967 
f 6939//1969 6825//1938 6824//1937 6938//1968 
f 6940//1970 6826//1939 6825//1938 6939//1969 
f 6941//1971 6827//1940 6826//1939 6940//1970 
f 6942//150 6828//94 6827//1940 6941//1971 
f 6943//498 6829//651 6828//94 6942//150 
f 6944//93 6830//222 6829//651 6943//498 
f 6945//281 6831//778 6830//222 6944//93 
f 6946//84 6832//1941 6831//778 6945//281 
f 6947//156 6833//86 6832//1941 6946//84 
f 6948//1699 6834//81 6833//86 6947//156 
f 6949//207 6835//641 6834//81 6948//1699 
f 6950//206 6836//1627 6835//641 6949//207 
f 6951//86 6837//882 6836//1627 6950//206 
f 6952//278 6838//96 6837//882 6951//86 
f 6953//152 6839//574 6838//96 6952//278 
f 6954//89 6840//100 6839//574 6953//152 
f 6955//411 6841//212 6842//1095 6956//532 
f 6957//240 6843//211 6841//212 6955//411 
f 6958//95 6844//140 6843//211 6957//240 
f 6959//96 6845//92 6844//140 6958//95 
f 6960//740 6846//238 6845//92 6959//96 
f 6961//1248 6847//230 6846//238 6960//740 
f 6962//98 6848//147 6847//230 6961//1248 
f 6963//341 6849//147 6848//147 6962//98 
f 6964//147 6850//341 6849//147 6963//341 
f 6965//147 6851//98 6850//341 6964//147 
f 6966//120 6852//288 6851//98 6965//147 
f 6967//354 6853//158 6852//288 6966//120 
f 6968//180 6854//157 6853//158 6967//354 
f 6969//107 6855//92 6854//157 6968//180 
f 6970//107 6856//92 6855//92 6969//107 
f 6971//107 6857//356 6856//92 6970//107 
f 6972//107 6858//464 6857//356 6971//107 
f 6973//107 6859//147 6858//464 6972//107 
f 6974//410 6860//212 6859//147 6973//107 
f 6975//212 6861//1942 6860//212 6974//410 
f 6976//89 6862//84 6861//1942 6975//212 
f 6977//356 6863//1796 6862//84 6976//89 
f 6978//162 6864//547 6863//1796 6977//356 
f 6979//307 6865//95 6864//547 6978//162 
f 6980//1972 6866//1348 6865//95 6979//307 
f 6981//1973 6867//1943 6866//1348 6980//1972 
f 6982//1974 6868//495 6867//1943 6981//1973 
f 6983//1975 6869//1711 6868//495 6982//1974 
f 6984//445 6870//754 6869//1711 6983//1975 
f 6985//147 6871//307 6870//754 6984//445 
f 6986//159 6872//180 6871//307 6985//147 
f 6987//651 6873//354 6872//180 6986//159 
f 6988//498 6874//230 6873//354 6987//651 
f 6989//210 6875//240 6874//230 6988//498 
f 6990//140 6876//120 6875//240 6989//210 
f 6991//302 6877//227 6876//120 6990//140 
f 6992//1976 6878//1297 6877//227 6991//302 
f 6993//625 6879//940 6878//1297 6992//1976 
f 6994//354 6880//177 6879//940 6993//625 
f 6995//178 6881//177 6880//177 6994//354 
f 6996//180 6882//177 6881//177 6995//178 
f 6997//407 6883//407 6882//177 6996//180 
f 6998//290 6884//226 6883//407 6997//407 
f 6999//177 6885//1271 6884//226 6998//290 
f 7000//233 6886//101 6885//1271 6999//177 
f 7001//1123 6887//1532 6886//101 7000//233 
f 7002//286 6888//613 6887//1532 7001//1123 
f 7003//120 6889//148 6888//613 7002//286 
f 7004//249 6890//119 6889//148 7003//120 
f 7005//249 6891//119 6890//119 7004//249 
f 7006//162 6892//353 6891//119 7005//249 
f 7007//147 6893//120 6892//353 7006//162 
f 7008//178 6894//247 6893//120 7007//147 
f 7009//146 6895//284 6894//247 7008//178 
f 7010//822 6896//53 6895//284 7009//146 
f 7011//180 6897//180 6896//53 7010//822 
f 7012//120 6898//394 6897//180 7011//180 
f 7013//148 6899//861 6898//394 7012//120 
f 7014//1212 6900//114 6899//861 7013//148 
f 7015//498 6901//741 6900//114 7014//1212 
f 7016//1341 6902//506 6901//741 7015//498 
f 7017//759 6903//1107 6902//506 7016//1341 
f 7018//684 6904//1944 6903//1107 7017//759 
f 7019//687 6905//352 6904//1944 7018//684 
f 7020//737 6906//1945 6905//352 7019//687 
f 7021//682 6907//1946 6906//1945 7020//737 
f 7022//1977 6908//1947 6907//1946 7021//682 
f 7023//1978 6909//1948 6908//1947 7022//1977 
f 7024//1979 6910//1588 6909//1948 7023//1978 
f 7025//1980 6911//1949 6910//1588 7024//1979 
f 7026//1981 6912//1950 6911//1949 7025//1980 
f 7027//1982 6913//1951 6912//1950 7026//1981 
f 7028//1181 6914//1952 6913//1951 7027//1982 
f 7029//468 6915//1953 6914//1952 7028//1181 
f 7030//1983 6916//881 6915//1953 7029//468 
f 7031//1984 6917//1954 6916//881 7030//1983 
f 7032//1985 6918//1955 6917//1954 7031//1984 
f 7033//1986 6919//1956 6918//1955 7032//1985 
f 7034//1971 6920//1957 6919//1956 7033//1986 
f 7035//1725 6921//1958 6920//1957 7034//1971 
f 7036//640 6922//1959 6921//1958 7035//1725 
f 7037//1522 6923//1960 6922//1959 7036//640 
f 7038//1894 6924//1409 6923//1960 7037//1522 
f 7039//1987 6925//1871 6924//1409 7038//1894 
f 7040//1988 6926//1961 6925//1871 7039//1987 
f 7041//1989 6927//1962 6926//1961 7040//1988 
f 7042//1990 6928//1963 6927//1962 7041//1989 
f 7043//1991 6929//1964 6928//1963 7042//1990 
f 7044//1992 6930//1965 6929//1964 7043//1991 
f 7045//1993 6931//1966 6930//1965 7044//1992 
f 7046//1994 6932//1136 6931//1966 7045//1993 
f 7047//1338 6933//283 6932//1136 7046//1994 
f 7048//1108 6934//54 6933//283 7047//1338 
f 7049//361 6935//642 6934//54 7048//1108 
f 7050//159 6936//234 6935//642 7049//361 
f 7051//73 6937//1967 6936//234 7050//159 
f 7052//1995 6938//1968 6937//1967 7051//73 
f 7053//1996 6939//1969 6938//1968 7052//1995 
f 7054//1997 6940//1970 6939//1969 7053//1996 
f 7055//1998 6941//1971 6940//1970 7054//1997 
f 7056//1999 6942//150 6941//1971 7055//1998 
f 7057//201 6943//498 6942//150 7056//1999 
f 7058//96 6944//93 6943//498 7057//201 
f 7059//95 6945//281 6944//93 7058//96 
f 7060//100 6946//84 6945//281 7059//95 
f 7061//281 6947//156 6946//84 7060//100 
f 7062//281 6948//1699 6947//156 7061//281 
f 7063//306 6949//207 6948//1699 7062//281 
f 7064//306 6950//206 6949//207 7063//306 
f 7065//1661 6951//86 6950//206 7064//306 
f 7066//90 6952//278 6951//86 7065//1661 
f 7067//306 6953//152 6952//278 7066//90 
f 7068//100 6954//89 6953//152 7067//306 
f 7069//412 6955//411 6956//532 7070//55 
f 7071//238 6957//240 6955//411 7069//412 
f 7072//148 6958//95 6957//240 7071//238 
f 7073//92 6959//96 6958//95 7072//148 
f 7074//92 6960//740 6959//96 7073//92 
f 7075//92 6961//1248 6960//740 7074//92 
f 7076//140 6962//98 6961//1248 7075//92 
f 7077//140 6963//341 6962//98 7076//140 
f 7078//92 6964//147 6963//341 7077//140 
f 7079//92 6965//147 6964//147 7078//92 
f 7080//240 6966//120 6965//147 7079//92 
f 7081//410 6967//354 6966//120 7080//240 
f 7082//107 6968//180 6967//354 7081//410 
f 7083//543 6969//107 6968//180 7082//107 
f 7084//608 6970//107 6969//107 7083//543 
f 7085//608 6971//107 6970//107 7084//608 
f 7086//244 6972//107 6971//107 7085//608 
f 7087//176 6973//107 6972//107 7086//244 
f 7088//403 6974//410 6973//107 7087//176 
f 7089//307 6975//212 6974//410 7088//403 
f 7090//779 6976//89 6975//212 7089//307 
f 7091//760 6977//356 6976//89 7090//779 
f 7092//2000 6978//162 6977//356 7091//760 
f 7093//2001 6979//307 6978//162 7092//2000 
f 7094//2002 6980//1972 6979//307 7093//2001 
f 7095//2003 6981//1973 6980//1972 7094//2002 
f 7096//2004 6982//1974 6981//1973 7095//2003 
f 7097//2005 6983//1975 6982//1974 7096//2004 
f 7098//178 6984//445 6983//1975 7097//2005 
f 7099//2006 6985//147 6984//445 7098//178 
f 7100//2007 6986//159 6985//147 7099//2006 
f 7101//588 6987//651 6986//159 7100//2007 
f 7102//928 6988//498 6987//651 7101//588 
f 7103//86 6989//210 6988//498 7102//928 
f 7104//86 6990//140 6989//210 7103//86 
f 7105//395 6991//302 6990//140 7104//86 
f 7106//550 6992//1976 6991//302 7105//395 
f 7107//686 6993//625 6992//1976 7106//550 
f 7108//159 6994//354 6993//625 7107//686 
f 7109//92 6995//178 6994//354 7108//159 
f 7110//92 6996//180 6995//178 7109//92 
f 7111//238 6997//407 6996//180 7110//92 
f 7112//162 6998//290 6997//407 7111//238 
f 7113//180 6999//177 6998//290 7112//162 
f 7114//233 7000//233 6999//177 7113//180 
f 7115//754 7001//1123 7000//233 7114//233 
f 7116//61 7002//286 7001//1123 7115//754 
f 7117//519 7003//120 7002//286 7116//61 
f 7118//352 7004//249 7003//120 7117//519 
f 7119//462 7005//249 7004//249 7118//352 
f 7120//162 7006//162 7005//249 7119//462 
f 7121//147 7007//147 7006//162 7120//162 
f 7122//147 7008//178 7007//147 7121//147 
f 7123//301 7009//146 7008//178 7122//147 
f 7124//463 7010//822 7009//146 7123//301 
f 7125//463 7011//180 7010//822 7124//463 
f 7126//229 7012//120 7011//180 7125//463 
f 7127//283 7013//148 7012//120 7126//229 
f 7128//497 7014//1212 7013//148 7127//283 
f 7129//2008 7015//498 7014//1212 7128//497 
f 7130//2009 7016//1341 7015//498 7129//2008 
f 7131//2010 7017//759 7016//1341 7130//2009 
f 7132//587 7018//684 7017//759 7131//2010 
f 7133//1341 7019//687 7018//684 7132//587 
f 7134//727 7020//737 7019//687 7133//1341 
f 7135//2011 7021//682 7020//737 7134//727 
f 7136//2012 7022//1977 7021//682 7135//2011 
f 7137//2013 7023//1978 7022//1977 7136//2012 
f 7138//2014 7024//1979 7023//1978 7137//2013 
f 7139//2015 7025//1980 7024//1979 7138//2014 
f 7140//2016 7026//1981 7025//1980 7139//2015 
f 7141//145 7027//1982 7026//1981 7140//2016 
f 7142//1138 7028//1181 7027//1982 7141//145 
f 7143//313 7029//468 7028//1181 7142//1138 
f 7144//2017 7030//1983 7029//468 7143//313 
f 7145//2018 7031//1984 7030//1983 7144//2017 
f 7146//2019 7032//1985 7031//1984 7145//2018 
f 7147//2020 7033//1986 7032//1985 7146//2019 
f 7148//2021 7034//1971 7033//1986 7147//2020 
f 7149//2022 7035//1725 7034//1971 7148//2021 
f 7150//639 7036//640 7035//1725 7149//2022 
f 7151//2023 7037//1522 7036//640 7150//639 
f 7152//2024 7038//1894 7037//1522 7151//2023 
f 7153//2025 7039//1987 7038//1894 7152//2024 
f 7154//2026 7040//1988 7039//1987 7153//2025 
f 7155//2027 7041//1989 7040//1988 7154//2026 
f 7156//2028 7042//1990 7041//1989 7155//2027 
f 7157//2029 7043//1991 7042//1990 7156//2028 
f 7158//2030 7044//1992 7043//1991 7157//2029 
f 7159//2031 7045//1993 7044//1992 7158//2030 
f 7160//2032 7046//1994 7045//1993 7159//2031 
f 7161//249 7047//1338 7046//1994 7160//2032 
f 7162//621 7048//1108 7047//1338 7161//249 
f 7163//460 7049//361 7048//1108 7162//621 
f 7164//687 7050//159 7049//361 7163//460 
f 7165//450 7051//73 7050//159 7164//687 
f 7166//789 7052//1995 7051//73 7165//450 
f 7167//2033 7053//1996 7052//1995 7166//789 
f 7168//2034 7054//1997 7053//1996 7167//2033 
f 7169//1090 7055//1998 7054//1997 7168//2034 
f 7170//2035 7056//1999 7055//1998 7169//1090 
f 7171//1055 7057//201 7056//1999 7170//2035 
f 7172//75 7058//96 7057//201 7171//1055 
f 7173//73 7059//95 7058//96 7172//75 
f 7174//152 7060//100 7059//95 7173//73 
f 7175//211 7061//281 7060//100 7174//152 
f 7176//305 7062//281 7061//281 7175//211 
f 7177//122 7063//306 7062//281 7176//305 
f 7178//411 7064//306 7063//306 7177//122 
f 7179//341 7065//1661 7064//306 7178//411 
f 7180//89 7066//90 7065//1661 7179//341 
f 7181//306 7067//306 7066//90 7180//89 
f 7182//100 7068//100 7067//306 7181//306 
f 7183//227 7069//412 7070//55 7184//47 
f 7185//361 7071//238 7069//412 7183//227 
f 7186//120 7072//148 7071//238 7185//361 
f 7187//147 7073//92 7072//148 7186//120 
f 7188//147 7074//92 7073//92 7187//147 
f 7189//246 7075//92 7074//92 7188//147 
f 7190//123 7076//140 7075//92 7189//246 
f 7191//147 7077//140 7076//140 7190//123 
f 7192//148 7078//92 7077//140 7191//147 
f 7193//740 7079//92 7078//92 7192//148 
f 7194//278 7080//240 7079//92 7193//740 
f 7195//151 7081//410 7080//240 7194//278 
f 7196//140 7082//107 7081//410 7195//151 
f 7197//61 7083//543 7082//107 7196//140 
f 7198//1072 7084//608 7083//543 7197//61 
f 7199//757 7085//608 7084//608 7198//1072 
f 7200//903 7086//244 7085//608 7199//757 
f 7201//300 7087//176 7086//244 7200//903 
f 7202//357 7088//403 7087//176 7201//300 
f 7203//567 7089//307 7088//403 7202//357 
f 7204//1134 7090//779 7089//307 7203//567 
f 7205//2036 7091//760 7090//779 7204//1134 
f 7206//2037 7092//2000 7091//760 7205//2036 
f 7207//2038 7093//2001 7092//2000 7206//2037 
f 7208//2039 7094//2002 7093//2001 7207//2038 
f 7209//2040 7095//2003 7094//2002 7208//2039 
f 7210//2041 7096//2004 7095//2003 7209//2040 
f 7211//301 7097//2005 7096//2004 7210//2041 
f 7212//592 7098//178 7097//2005 7211//301 
f 7213//623 7099//2006 7098//178 7212//592 
f 7214//1434 7100//2007 7099//2006 7213//623 
f 7215//2042 7101//588 7100//2007 7214//1434 
f 7216//343 7102//928 7101//588 7215//2042 
f 7217//84 7103//86 7102//928 7216//343 
f 7218//278 7104//86 7103//86 7217//84 
f 7219//1212 7105//395 7104//86 7218//278 
f 7220//159 7106//550 7105//395 7219//1212 
f 7221//462 7107//686 7106//550 7220//159 
f 7222//162 7108//159 7107//686 7221//462 
f 7223//147 7109//92 7108//159 7222//162 
f 7224//147 7110//92 7109//92 7223//147 
f 7225//120 7111//238 7110//92 7224//147 
f 7226//120 7112//162 7111//238 7225//120 
f 7227//147 7113//180 7112//162 7226//120 
f 7228//99 7114//233 7113//180 7227//147 
f 7229//89 7115//754 7114//233 7228//99 
f 7230//210 7116//61 7115//754 7229//89 
f 7231//237 7117//519 7116//61 7230//210 
f 7232//160 7118//352 7117//519 7231//237 
f 7233//353 7119//462 7118//352 7232//160 
f 7234//230 7120//162 7119//462 7233//353 
f 7235//147 7121//147 7120//162 7234//230 
f 7236//246 7122//147 7121//147 7235//147 
f 7237//107 7123//301 7122//147 7236//246 
f 7238//176 7124//463 7123//301 7237//107 
f 7239//1115 7125//463 7124//463 7238//176 
f 7240//183 7126//229 7125//463 7239//1115 
f 7241//940 7127//283 7126//229 7240//183 
f 7242//1976 7128//497 7127//283 7241//940 
f 7243//2043 7129//2008 7128//497 7242//1976 
f 7244//2044 7130//2009 7129//2008 7243//2043 
f 7245//2045 7131//2010 7130//2009 7244//2044 
f 7246//1158 7132//587 7131//2010 7245//2045 
f 7247//2046 7133//1341 7132//587 7246//1158 
f 7248//2047 7134//727 7133//1341 7247//2046 
f 7249//2048 7135//2011 7134//727 7248//2047 
f 7250//2049 7136//2012 7135//2011 7249//2048 
f 7251//2050 7137//2013 7136//2012 7250//2049 
f 7252//2051 7138//2014 7137//2013 7251//2050 
f 7253//2052 7139//2015 7138//2014 7252//2051 
f 7254//2053 7140//2016 7139//2015 7253//2052 
f 7255//840 7141//145 7140//2016 7254//2053 
f 7256//2054 7142//1138 7141//145 7255//840 
f 7257//2055 7143//313 7142//1138 7256//2054 
f 7258//2056 7144//2017 7143//313 7257//2055 
f 7259//2057 7145//2018 7144//2017 7258//2056 
f 7260//2058 7146//2019 7145//2018 7259//2057 
f 7261//2059 7147//2020 7146//2019 7260//2058 
f 7262//2060 7148//2021 7147//2020 7261//2059 
f 7263//2061 7149//2022 7148//2021 7262//2060 
f 7264//1651 7150//639 7149//2022 7263//2061 
f 7265//2062 7151//2023 7150//639 7264//1651 
f 7266//2063 7152//2024 7151//2023 7265//2062 
f 7267//2064 7153//2025 7152//2024 7266//2063 
f 7268//2065 7154//2026 7153//2025 7267//2064 
f 7269//2066 7155//2027 7154//2026 7268//2065 
f 7270//2067 7156//2028 7155//2027 7269//2066 
f 7271//2068 7157//2029 7156//2028 7270//2067 
f 7272//2069 7158//2030 7157//2029 7271//2068 
f 7273//2070 7159//2031 7158//2030 7272//2069 
f 7274//2071 7160//2032 7159//2031 7273//2070 
f 7275//2072 7161//249 7160//2032 7274//2071 
f 7276//2073 7162//621 7161//249 7275//2072 
f 7277//2074 7163//460 7162//621 7276//2073 
f 7278//1269 7164//687 7163//460 7277//2074 
f 7279//2075 7165//450 7164//687 7278//1269 
f 7280//2076 7166//789 7165//450 7279//2075 
f 7281//2077 7167//2033 7166//789 7280//2076 
f 7282//1090 7168//2034 7167//2033 7281//2077 
f 7283//2078 7169//1090 7168//2034 7282//1090 
f 7284//2079 7170//2035 7169//1090 7283//2078 
f 7285//2080 7171//1055 7170//2035 7284//2079 
f 7286//1850 7172//75 7171//1055 7285//2080 
f 7287//1418 7173//73 7172//75 7286//1850 
f 7288//2081 7174//152 7173//73 7287//1418 
f 7289//91 7175//211 7174//152 7288//2081 
f 7290//89 7176//305 7175//211 7289//91 
f 7291//152 7177//122 7176//305 7290//89 
f 7292//100 7178//411 7177//122 7291//152 
f 7293//281 7179//341 7178//411 7292//100 
f 7294//140 7180//89 7179//341 7293//281 
f 7295//89 7181//306 7180//89 7294//140 
f 7296//89 7182//100 7181//306 7295//89 
f 7297//1227 7183//227 7184//47 7298//51 
f 7299//290 7185//361 7183//227 7297//1227 
f 7300//177 7186//120 7185//361 7299//290 
f 7301//107 7187//147 7186//120 7300//177 
f 7302//107 7188//147 7187//147 7301//107 
f 7303//542 7189//246 7188//147 7302//107 
f 7304//903 7190//123 7189//246 7303//542 
f 7305//447 7191//147 7190//123 7304//903 
f 7306//284 7192//148 7191//147 7305//447 
f 7307//353 7193//740 7192//148 7306//284 
f 7308//210 7194//278 7193//740 7307//353 
f 7309//1541 7195//151 7194//278 7308//210 
f 7310//241 7196//140 7195//151 7309//1541 
f 7311//495 7197//61 7196//140 7310//241 
f 7312//779 7198//1072 7197//61 7311//495 
f 7313//2082 7199//757 7198//1072 7312//779 
f 7314//25 7200//903 7199//757 7313//2082 
f 7315//840 7201//300 7200//903 7314//25 
f 7316//402 7202//357 7201//300 7315//840 
f 7317//2083 7203//567 7202//357 7316//402 
f 7318//2084 7204//1134 7203//567 7317//2083 
f 7319//2085 7205//2036 7204//1134 7318//2084 
f 7320//2086 7206//2037 7205//2036 7319//2085 
f 7321//2087 7207//2038 7206//2037 7320//2086 
f 7322//2088 7208//2039 7207//2038 7321//2087 
f 7323//540 7209//2040 7208//2039 7322//2088 
f 7324//2089 7210//2041 7209//2040 7323//540 
f 7325//818 7211//301 7210//2041 7324//2089 
f 7326//818 7212//592 7211//301 7325//818 
f 7327//551 7213//623 7212//592 7326//818 
f 7328//2090 7214//1434 7213//623 7327//551 
f 7329//177 7215//2042 7214//1434 7328//2090 
f 7330//231 7216//343 7215//2042 7329//177 
f 7331//411 7217//84 7216//343 7330//231 
f 7332//305 7218//278 7217//84 7331//411 
f 7333//147 7219//1212 7218//278 7332//305 
f 7334//178 7220//159 7219//1212 7333//147 
f 7335//407 7221//462 7220//159 7334//178 
f 7336//447 7222//162 7221//462 7335//407 
f 7337//57 7223//147 7222//162 7336//447 
f 7338//176 7224//147 7223//147 7337//57 
f 7339//403 7225//120 7224//147 7338//176 
f 7340//247 7226//120 7225//120 7339//403 
f 7341//178 7227//147 7226//120 7340//247 
f 7342//240 7228//99 7227//147 7341//178 
f 7343//95 7229//89 7228//99 7342//240 
f 7344//96 7230//210 7229//89 7343//95 
f 7345//149 7231//237 7230//210 7344//96 
f 7346//93 7232//160 7231//237 7345//149 
f 7347//238 7233//353 7232//160 7346//93 
f 7348//147 7234//230 7233//353 7347//238 
f 7349//231 7235//147 7234//230 7348//147 
f 7350//307 7236//246 7235//147 7349//231 
f 7351//307 7237//107 7236//246 7350//307 
f 7352//107 7238//176 7237//107 7351//307 
f 7353//643 7239//1115 7238//176 7352//107 
f 7354//183 7240//183 7239//1115 7353//643 
f 7355//1297 7241//940 7240//183 7354//183 
f 7356//2091 7242//1976 7241//940 7355//1297 
f 7357//136 7243//2043 7242//1976 7356//2091 
f 7358//2092 7244//2044 7243//2043 7357//136 
f 7359//585 7245//2045 7244//2044 7358//2092 
f 7360//2093 7246//1158 7245//2045 7359//585 
f 7361//2094 7247//2046 7246//1158 7360//2093 
f 7362//2095 7248//2047 7247//2046 7361//2094 
f 7363//2096 7249//2048 7248//2047 7362//2095 
f 7364//2097 7250//2049 7249//2048 7363//2096 
f 7365//2098 7251//2050 7250//2049 7364//2097 
f 7366//2099 7252//2051 7251//2050 7365//2098 
f 7367//2100 7253//2052 7252//2051 7366//2099 
f 7368//2101 7254//2053 7253//2052 7367//2100 
f 7369//2102 7255//840 7254//2053 7368//2101 
f 7370//2103 7256//2054 7255//840 7369//2102 
f 7371//2104 7257//2055 7256//2054 7370//2103 
f 7372//2105 7258//2056 7257//2055 7371//2104 
f 7373//2106 7259//2057 7258//2056 7372//2105 
f 7374//2107 7260//2058 7259//2057 7373//2106 
f 7375//2108 7261//2059 7260//2058 7374//2107 
f 7376//2109 7262//2060 7261//2059 7375//2108 
f 7377//2110 7263//2061 7262//2060 7376//2109 
f 7378//2111 7264//1651 7263//2061 7377//2110 
f 7379//2112 7265//2062 7264//1651 7378//2111 
f 7380//2113 7266//2063 7265//2062 7379//2112 
f 7381//2114 7267//2064 7266//2063 7380//2113 
f 7382//2115 7268//2065 7267//2064 7381//2114 
f 7383//873 7269//2066 7268//2065 7382//2115 
f 7384//1418 7270//2067 7269//2066 7383//873 
f 7385//2116 7271//2068 7270//2067 7384//1418 
f 7386//2117 7272//2069 7271//2068 7385//2116 
f 7387//2118 7273//2070 7272//2069 7386//2117 
f 7388//2119 7274//2071 7273//2070 7387//2118 
f 7389//2120 7275//2072 7274//2071 7388//2119 
f 7390//2121 7276//2073 7275//2072 7389//2120 
f 7391//2072 7277//2074 7276//2073 7390//2121 
f 7392//2122 7278//1269 7277//2074 7391//2072 
f 7393//2123 7279//2075 7278//1269 7392//2122 
f 7394//2124 7280//2076 7279//2075 7393//2123 
f 7395//2125 7281//2077 7280//2076 7394//2124 
f 7396//2126 7282//1090 7281//2077 7395//2125 
f 7397//2127 7283//2078 7282//1090 7396//2126 
f 7398//2128 7284//2079 7283//2078 7397//2127 
f 7399//2129 7285//2080 7284//2079 7398//2128 
f 7400//2130 7286//1850 7285//2080 7399//2129 
f 7401//2131 7287//1418 7286//1850 7400//2130 
f 7402//1856 7288//2081 7287//1418 7401//2131 
f 7403//2132 7289//91 7288//2081 7402//1856 
f 7404//274 7290//89 7289//91 7403//2132 
f 7405//235 7291//152 7290//89 7404//274 
f 7406//80 7292//100 7291//152 7405//235 
f 7407//102 7293//281 7292//100 7406//80 
f 7408//91 7294//140 7293//281 7407//102 
f 7409//212 7295//89 7294//140 7408//91 
f 7410//166 7296//89 7295//89 7409//212 
f 7411//284 7297//1227 7298//51 7412//53 
f 7413//309 7299//290 7297//1227 7411//284 
f 7414//176 7300//177 7299//290 7413//309 
f 7415//57 7301//107 7300//177 7414//176 
f 7416//176 7302//107 7301//107 7415//57 
f 7417//542 7303//542 7302//107 7416//176 
f 7418//233 7304//903 7303//542 7417//542 
f 7419//537 7305//447 7304//903 7418//233 
f 7420//182 7306//284 7305//447 7419//537 
f 7421//1302 7307//353 7306//284 7420//182 
f 7422//2133 7308//210 7307//353 7421//1302 
f 7423//531 7309//1541 7308//210 7422//2133 
f 7424//610 7310//241 7309//1541 7423//531 
f 7425//2134 7311//495 7310//241 7424//610 
f 7426//2021 7312//779 7311//495 7425//2134 
f 7427//901 7313//2082 7312//779 7426//2021 
f 7428//2135 7314//25 7313//2082 7427//901 
f 7429//840 7315//840 7314//25 7428//2135 
f 7430//688 7316//402 7315//840 7429//840 
f 7431//1134 7317//2083 7316//402 7430//688 
f 7432//2136 7318//2084 7317//2083 7431//1134 
f 7433//2137 7319//2085 7318//2084 7432//2136 
f 7434//2138 7320//2086 7319//2085 7433//2137 
f 7435//2139 7321//2087 7320//2086 7434//2138 
f 7436//2140 7322//2088 7321//2087 7435//2139 
f 7437//2141 7323//540 7322//2088 7436//2140 
f 7438//2142 7324//2089 7323//540 7437//2141 
f 7439//2143 7325//818 7324//2089 7438//2142 
f 7440//547 7326//818 7325//818 7439//2143 
f 7441//361 7327//551 7326//818 7440//547 
f 7442//463 7328//2090 7327//551 7441//361 
f 7443//447 7329//177 7328//2090 7442//463 
f 7444//177 7330//231 7329//177 7443//447 
f 7445//147 7331//411 7330//231 7444//177 
f 7446//98 7332//305 7331//411 7445//147 
f 7447//98 7333//147 7332//305 7446//98 
f 7448//341 7334//178 7333//147 7447//98 
f 7449//120 7335//407 7334//178 7448//341 
f 7450//120 7336//447 7335//407 7449//120 
f 7451//246 7337//57 7336//447 7450//120 
f 7452//180 7338//176 7337//57 7451//246 
f 7453//407 7339//403 7338//176 7452//180 
f 7454//226 7340//247 7339//403 7453//407 
f 7455//162 7341//178 7340//247 7454//226 
f 7456//159 7342//240 7341//178 7455//162 
f 7457//237 7343//95 7342//240 7456//159 
f 7458//96 7344//96 7343//95 7457//237 
f 7459//210 7345//149 7344//96 7458//96 
f 7460//92 7346//93 7345//149 7459//210 
f 7461//464 7347//238 7346//93 7460//92 
f 7462//305 7348//147 7347//238 7461//464 
f 7463//305 7349//231 7348//147 7462//305 
f 7464//341 7350//307 7349//231 7463//305 
f 7465//92 7351//307 7350//307 7464//341 
f 7466//1212 7352//107 7351//307 7465//92 
f 7467//498 7353//643 7352//107 7466//1212 
f 7468//592 7354//183 7353//643 7467//498 
f 7469//2144 7355//1297 7354//183 7468//592 
f 7470//2145 7356//2091 7355//1297 7469//2144 
f 7471//2146 7357//136 7356//2091 7470//2145 
f 7472//2147 7358//2092 7357//136 7471//2146 
f 7473//2043 7359//585 7358//2092 7472//2147 
f 7474//2148 7360//2093 7359//585 7473//2043 
f 7475//2149 7361//2094 7360//2093 7474//2148 
f 7476//2150 7362//2095 7361//2094 7475//2149 
f 7477//2151 7363//2096 7362//2095 7476//2150 
f 7478//2152 7364//2097 7363//2096 7477//2151 
f 7479//2153 7365//2098 7364//2097 7478//2152 
f 7480//2154 7366//2099 7365//2098 7479//2153 
f 7481//2155 7367//2100 7366//2099 7480//2154 
f 7482//2156 7368//2101 7367//2100 7481//2155 
f 7483//2157 7369//2102 7368//2101 7482//2156 
f 7484//2158 7370//2103 7369//2102 7483//2157 
f 7485//2159 7371//2104 7370//2103 7484//2158 
f 7486//24 7372//2105 7371//2104 7485//2159 
f 7487//2159 7373//2106 7372//2105 7486//24 
f 7488//2160 7374//2107 7373//2106 7487//2159 
f 7489//2161 7375//2108 7374//2107 7488//2160 
f 7490//2162 7376//2109 7375//2108 7489//2161 
f 7491//2163 7377//2110 7376//2109 7490//2162 
f 7492//2164 7378//2111 7377//2110 7491//2163 
f 7493//2165 7379//2112 7378//2111 7492//2164 
f 7494//2166 7380//2113 7379//2112 7493//2165 
f 7495//2167 7381//2114 7380//2113 7494//2166 
f 7496//2168 7382//2115 7381//2114 7495//2167 
f 7497//2169 7383//873 7382//2115 7496//2168 
f 7498//163 7384//1418 7383//873 7497//2169 
f 7499//2170 7385//2116 7384//1418 7498//163 
f 7500//2171 7386//2117 7385//2116 7499//2170 
f 7501//2172 7387//2118 7386//2117 7500//2171 
f 7502//1444 7388//2119 7387//2118 7501//2172 
f 7503//2173 7389//2120 7388//2119 7502//1444 
f 7504//1535 7390//2121 7389//2120 7503//2173 
f 7505//2174 7391//2072 7390//2121 7504//1535 
f 7506//2175 7392//2122 7391//2072 7505//2174 
f 7507//2176 7393//2123 7392//2122 7506//2175 
f 7508//2177 7394//2124 7393//2123 7507//2176 
f 7509//2178 7395//2125 7394//2124 7508//2177 
f 7510//2179 7396//2126 7395//2125 7509//2178 
f 7511//2180 7397//2127 7396//2126 7510//2179 
f 7512//1988 7398//2128 7397//2127 7511//2180 
f 7513//2181 7399//2129 7398//2128 7512//1988 
f 7514//2034 7400//2130 7399//2129 7513//2181 
f 7515//2182 7401//2131 7400//2130 7514//2034 
f 7516//2183 7402//1856 7401//2131 7515//2182 
f 7517//78 7403//2132 7402//1856 7516//2183 
f 7518//2184 7404//274 7403//2132 7517//78 
f 7519//1356 7405//235 7404//274 7518//2184 
f 7520//1418 7406//80 7405//235 7519//1356 
f 7521//2185 7407//102 7406//80 7520//1418 
f 7522//1106 7408//91 7407//102 7521//2185 
f 7523//89 7409//212 7408//91 7522//1106 
f 7524//92 7410//166 7409//212 7523//89 
f 7525//864 7411//284 7412//53 7526//147 
f 7527//447 7413//309 7411//284 7525//864 
f 7528//57 7414//176 7413//309 7527//447 
f 7529//176 7415//57 7414//176 7528//57 
f 7530//403 7416//176 7415//57 7529//176 
f 7531//1072 7417//542 7416//176 7530//403 
f 7532//122 7418//233 7417//542 7531//1072 
f 7533//107 7419//537 7418//233 7532//122 
f 7534//346 7420//182 7419//537 7533//107 
f 7535//2186 7421//1302 7420//182 7534//346 
f 7536//110 7422//2133 7421//1302 7535//2186 
f 7537//299 7423//531 7422//2133 7536//110 
f 7538//2187 7424//610 7423//531 7537//299 
f 7539//532 7425//2134 7424//610 7538//2187 
f 7540//342 7426//2021 7425//2134 7539//532 
f 7541//443 7427//901 7426//2021 7540//342 
f 7542//1166 7428//2135 7427//901 7541//443 
f 7543//2187 7429//840 7428//2135 7542//1166 
f 7544//919 7430//688 7429//840 7543//2187 
f 7545//2188 7431//1134 7430//688 7544//919 
f 7546//938 7432//2136 7431//1134 7545//2188 
f 7547//212 7433//2137 7432//2136 7546//938 
f 7548//639 7434//2138 7433//2137 7547//212 
f 7549//2189 7435//2139 7434//2138 7548//639 
f 7550//2190 7436//2140 7435//2139 7549//2189 
f 7551//2191 7437//2141 7436//2140 7550//2190 
f 7552//2192 7438//2142 7437//2141 7551//2191 
f 7553//1377 7439//2143 7438//2142 7552//2192 
f 7554//201 7440//547 7439//2143 7553//1377 
f 7555//96 7441//361 7440//547 7554//201 
f 7556//92 7442//463 7441//361 7555//96 
f 7557//239 7443//447 7442//463 7556//92 
f 7558//353 7444//177 7443//447 7557//239 
f 7559//148 7445//147 7444//177 7558//353 
f 7560//98 7446//98 7445//147 7559//148 
f 7561//61 7447//98 7446//98 7560//98 
f 7562//248 7448//341 7447//98 7561//61 
f 7563//247 7449//120 7448//341 7562//248 
f 7564//533 7450//120 7449//120 7563//247 
f 7565//305 7451//246 7450//120 7564//533 
f 7566//147 7452//180 7451//246 7565//305 
f 7567//162 7453//407 7452//180 7566//147 
f 7568//243 7454//226 7453//407 7567//162 
f 7569//462 7455//162 7454//226 7568//243 
f 7570//352 7456//159 7455//162 7569//462 
f 7571//159 7457//237 7456//159 7570//352 
f 7572//92 7458//96 7457//237 7571//159 
f 7573//211 7459//210 7458//96 7572//92 
f 7574//99 7460//92 7459//210 7573//211 
f 7575//464 7461//464 7460//92 7574//99 
f 7576//1248 7462//305 7461//464 7575//464 
f 7577//882 7463//305 7462//305 7576//1248 
f 7578//150 7464//341 7463//305 7577//882 
f 7579//282 7465//92 7464//341 7578//150 
f 7580//344 7466//1212 7465//92 7579//282 
f 7581//2193 7467//498 7466//1212 7580//344 
f 7582//549 7468//592 7467//498 7581//2193 
f 7583//1294 7469//2144 7468//592 7582//549 
f 7584//2194 7470//2145 7469//2144 7583//1294 
f 7585//1237 7471//2146 7470//2145 7584//2194 
f 7586//1365 7472//2147 7471//2146 7585//1237 
f 7587//187 7473//2043 7472//2147 7586//1365 
f 7588//2195 7474//2148 7473//2043 7587//187 
f 7589//2196 7475//2149 7474//2148 7588//2195 
f 7590//2197 7476//2150 7475//2149 7589//2196 
f 7591//2198 7477//2151 7476//2150 7590//2197 
f 7592//1035 7478//2152 7477//2151 7591//2198 
f 7593//2199 7479//2153 7478//2152 7592//1035 
f 7594//2200 7480//2154 7479//2153 7593//2199 
f 7595//2201 7481//2155 7480//2154 7594//2200 
f 7596//2202 7482//2156 7481//2155 7595//2201 
f 7597//2203 7483//2157 7482//2156 7596//2202 
f 7598//2204 7484//2158 7483//2157 7597//2203 
f 7599//2205 7485//2159 7484//2158 7598//2204 
f 7600//2206 7486//24 7485//2159 7599//2205 
f 7601//2207 7487//2159 7486//24 7600//2206 
f 7602//2208 7488//2160 7487//2159 7601//2207 
f 7603//2209 7489//2161 7488//2160 7602//2208 
f 7604//2210 7490//2162 7489//2161 7603//2209 
f 7605//2211 7491//2163 7490//2162 7604//2210 
f 7606//2212 7492//2164 7491//2163 7605//2211 
f 7607//2213 7493//2165 7492//2164 7606//2212 
f 7608//2214 7494//2166 7493//2165 7607//2213 
f 7609//2215 7495//2167 7494//2166 7608//2214 
f 7610//2216 7496//2168 7495//2167 7609//2215 
f 7611//2217 7497//2169 7496//2168 7610//2216 
f 7612//2218 7498//163 7497//2169 7611//2217 
f 7613//2219 7499//2170 7498//163 7612//2218 
f 7614//2220 7500//2171 7499//2170 7613//2219 
f 7615//2221 7501//2172 7500//2171 7614//2220 
f 7616//275 7502//1444 7501//2172 7615//2221 
f 7617//2222 7503//2173 7502//1444 7616//275 
f 7618//2223 7504//1535 7503//2173 7617//2222 
f 7619//2224 7505//2174 7504//1535 7618//2223 
f 7620//2225 7506//2175 7505//2174 7619//2224 
f 7621//2226 7507//2176 7506//2175 7620//2225 
f 7622//1358 7508//2177 7507//2176 7621//2226 
f 7623//2227 7509//2178 7508//2177 7622//1358 
f 7624//2228 7510//2179 7509//2178 7623//2227 
f 7625//2229 7511//2180 7510//2179 7624//2228 
f 7626//2230 7512//1988 7511//2180 7625//2229 
f 7627//2231 7513//2181 7512//1988 7626//2230 
f 7628//2232 7514//2034 7513//2181 7627//2231 
f 7629//2233 7515//2182 7514//2034 7628//2232 
f 7630//2234 7516//2183 7515//2182 7629//2233 
f 7631//2235 7517//78 7516//2183 7630//2234 
f 7632//2236 7518//2184 7517//78 7631//2235 
f 7633//104 7519//1356 7518//2184 7632//2236 
f 7634//729 7520//1418 7519//1356 7633//104 
f 7635//729 7521//2185 7520//1418 7634//729 
f 7636//1428 7522//1106 7521//2185 7635//729 
f 7637//81 7523//89 7522//1106 7636//1428 
f 7638//150 7524//92 7523//89 7637//81 
f 7639//2139 7525//864 7526//147 7640//63 
f 7641//180 7527//447 7525//864 7639//2139 
f 7642//757 7528//57 7527//447 7641//180 
f 7643//55 7529//176 7528//57 7642//757 
f 7644//463 7530//403 7529//176 7643//55 
f 7645//608 7531//1072 7530//403 7644//463 
f 7646//902 7532//122 7531//1072 7645//608 
f 7647//307 7533//107 7532//122 7646//902 
f 7648//177 7534//346 7533//107 7647//307 
f 7649//407 7535//2186 7534//346 7648//177 
f 7650//107 7536//110 7535//2186 7649//407 
f 7651//107 7537//299 7536//110 7650//107 
f 7652//180 7538//2187 7537//299 7651//107 
f 7653//147 7539//532 7538//2187 7652//180 
f 7654//212 7540//342 7539//532 7653//147 
f 7655//2237 7541//443 7540//342 7654//212 
f 7656//2238 7542//1166 7541//443 7655//2237 
f 7657//2239 7543//2187 7542//1166 7656//2238 
f 7658//1798 7544//919 7543//2187 7657//2239 
f 7659//688 7545//2188 7544//919 7658//1798 
f 7660//247 7546//938 7545//2188 7659//688 
f 7661//547 7547//212 7546//938 7660//247 
f 7662//2240 7548//639 7547//212 7661//547 
f 7663//2241 7549//2189 7548//639 7662//2240 
f 7664//2242 7550//2190 7549//2189 7663//2241 
f 7665//2243 7551//2191 7550//2190 7664//2242 
f 7666//1700 7552//2192 7551//2191 7665//2243 
f 7667//74 7553//1377 7552//2192 7666//1700 
f 7668//85 7554//201 7553//1377 7667//74 
f 7669//208 7555//96 7554//201 7668//85 
f 7670//278 7556//92 7555//96 7669//208 
f 7671//94 7557//239 7556//92 7670//278 
f 7672//508 7558//353 7557//239 7671//94 
f 7673//107 7559//148 7558//353 7672//508 
f 7674//571 7560//98 7559//148 7673//107 
f 7675//174 7561//61 7560//98 7674//571 
f 7676//567 7562//248 7561//61 7675//174 
f 7677//540 7563//247 7562//248 7676//567 
f 7678//819 7564//533 7563//247 7677//540 
f 7679//180 7565//305 7564//533 7678//819 
f 7680//121 7566//147 7565//305 7679//180 
f 7681//159 7567//162 7566//147 7680//121 
f 7682//283 7568//243 7567//162 7681//159 
f 7683//352 7569//462 7568//243 7682//283 
f 7684//243 7570//352 7569//462 7683//352 
f 7685//247 7571//159 7570//352 7684//243 
f 7686//180 7572//92 7571//159 7685//247 
f 7687//305 7573//211 7572//92 7686//180 
f 7688//140 7574//99 7573//211 7687//305 
f 7689//498 7575//464 7574//99 7688//140 
f 7690//449 7576//1248 7575//464 7689//498 
f 7691//396 7577//882 7576//1248 7690//449 
f 7692//1333 7578//150 7577//882 7691//396 
f 7693//1315 7579//282 7578//150 7692//1333 
f 7694//281 7580//344 7579//282 7693//1315 
f 7695//462 7581//2193 7580//344 7694//281 
f 7696//621 7582//549 7581//2193 7695//462 
f 7697//546 7583//1294 7582//549 7696//621 
f 7698//118 7584//2194 7583//1294 7697//546 
f 7699//645 7585//1237 7584//2194 7698//118 
f 7700//2244 7586//1365 7585//1237 7699//645 
f 7701//2245 7587//187 7586//1365 7700//2244 
f 7702//2246 7588//2195 7587//187 7701//2245 
f 7703//2247 7589//2196 7588//2195 7702//2246 
f 7704//2248 7590//2197 7589//2196 7703//2247 
f 7705//2249 7591//2198 7590//2197 7704//2248 
f 7706//2250 7592//1035 7591//2198 7705//2249 
f 7707//2251 7593//2199 7592//1035 7706//2250 
f 7708//2252 7594//2200 7593//2199 7707//2251 
f 7709//2253 7595//2201 7594//2200 7708//2252 
f 7710//2254 7596//2202 7595//2201 7709//2253 
f 7711//2255 7597//2203 7596//2202 7710//2254 
f 7712//2256 7598//2204 7597//2203 7711//2255 
f 7713//2257 7599//2205 7598//2204 7712//2256 
f 7714//2258 7600//2206 7599//2205 7713//2257 
f 7715//2259 7601//2207 7600//2206 7714//2258 
f 7716//2260 7602//2208 7601//2207 7715//2259 
f 7717//920 7603//2209 7602//2208 7716//2260 
f 7718//2261 7604//2210 7603//2209 7717//920 
f 7719//2262 7605//2211 7604//2210 7718//2261 
f 7720//2263 7606//2212 7605//2211 7719//2262 
f 7721//2264 7607//2213 7606//2212 7720//2263 
f 7722//2265 7608//2214 7607//2213 7721//2264 
f 7723//2266 7609//2215 7608//2214 7722//2265 
f 7724//2267 7610//2216 7609//2215 7723//2266 
f 7725//2268 7611//2217 7610//2216 7724//2267 
f 7726//2269 7612//2218 7611//2217 7725//2268 
f 7727//2270 7613//2219 7612//2218 7726//2269 
f 7728//2271 7614//2220 7613//2219 7727//2270 
f 7729//902 7615//2221 7614//2220 7728//2271 
f 7730//356 7616//275 7615//2221 7729//902 
f 7731//592 7617//2222 7616//275 7730//356 
f 7732//1861 7618//2223 7617//2222 7731//592 
f 7733//591 7619//2224 7618//2223 7732//1861 
f 7734//158 7620//2225 7619//2224 7733//591 
f 7735//238 7621//2226 7620//2225 7734//158 
f 7736//464 7622//1358 7621//2226 7735//238 
f 7737//503 7623//2227 7622//1358 7736//464 
f 7738//286 7624//2228 7623//2227 7737//503 
f 7739//391 7625//2229 7624//2228 7738//286 
f 7740//2272 7626//2230 7625//2229 7739//391 
f 7741//2273 7627//2231 7626//2230 7740//2272 
f 7742//2274 7628//2232 7627//2231 7741//2273 
f 7743//2275 7629//2233 7628//2232 7742//2274 
f 7744//2276 7630//2234 7629//2233 7743//2275 
f 7745//2277 7631//2235 7630//2234 7744//2276 
f 7746//2278 7632//2236 7631//2235 7745//2277 
f 7747//2279 7633//104 7632//2236 7746//2278 
f 7748//2280 7634//729 7633//104 7747//2279 
f 7749//2281 7635//729 7634//729 7748//2280 
f 7750//2282 7636//1428 7635//729 7749//2281 
f 7751//2283 7637//81 7636//1428 7750//2282 
f 7752//1785 7638//150 7637//81 7751//2283 
f 7753//810 7639//2139 7640//63 7754//1104 
f 7755//98 7641//180 7639//2139 7753//810 
f 7756//61 7642//757 7641//180 7755//98 
f 7757//107 7643//55 7642//757 7756//61 
f 7758//300 7644//463 7643//55 7757//107 
f 7759//359 7645//608 7644//463 7758//300 
f 7760//57 7646//902 7645//608 7759//359 
f 7761//107 7647//307 7646//902 7760//57 
f 7762//162 7648//177 7647//307 7761//107 
f 7763//239 7649//407 7648//177 7762//162 
f 7764//356 7650//107 7649//407 7763//239 
f 7765//288 7651//107 7650//107 7764//356 
f 7766//408 7652//180 7651//107 7765//288 
f 7767//542 7653//147 7652//180 7766//408 
f 7768//2284 7654//212 7653//147 7767//542 
f 7769//2285 7655//2237 7654//212 7768//2284 
f 7770//2286 7656//2238 7655//2237 7769//2285 
f 7771//2287 7657//2239 7656//2238 7770//2286 
f 7772//1478 7658//1798 7657//2239 7771//2287 
f 7773//1559 7659//688 7658//1798 7772//1478 
f 7774//1314 7660//247 7659//688 7773//1559 
f 7775//623 7661//547 7660//247 7774//1314 
f 7776//2288 7662//2240 7661//547 7775//623 
f 7777//1294 7663//2241 7662//2240 7776//2288 
f 7778//2289 7664//2242 7663//2241 7777//1294 
f 7779//621 7665//2243 7664//2242 7778//2289 
f 7780//465 7666//1700 7665//2243 7779//621 
f 7781//89 7667//74 7666//1700 7780//465 
f 7782//306 7668//85 7667//74 7781//89 
f 7783//91 7669//208 7668//85 7782//306 
f 7784//211 7670//278 7669//208 7783//91 
f 7785//305 7671//94 7670//278 7784//211 
f 7786//231 7672//508 7671//94 7785//305 
f 7787//542 7673//107 7672//508 7786//231 
f 7788//285 7674//571 7673//107 7787//542 
f 7789//445 7675//174 7674//571 7788//285 
f 7790//609 7676//567 7675//174 7789//445 
f 7791//361 7677//540 7676//567 7790//609 
f 7792//53 7678//819 7677//540 7791//361 
f 7793//361 7679//180 7678//819 7792//53 
f 7794//162 7680//121 7679//180 7793//361 
f 7795//302 7681//159 7680//121 7794//162 
f 7796//161 7682//283 7681//159 7795//302 
f 7797//162 7683//352 7682//283 7796//161 
f 7798//308 7684//243 7683//352 7797//162 
f 7799//359 7685//247 7684//243 7798//308 
f 7800//840 7686//180 7685//247 7799//359 
f 7801//463 7687//305 7686//180 7800//840 
f 7802//239 7688//140 7687//305 7801//463 
f 7803//550 7689//498 7688//140 7802//239 
f 7804//2290 7690//449 7689//498 7803//550 
f 7805//450 7691//396 7690//449 7804//2290 
f 7806//85 7692//1333 7691//396 7805//450 
f 7807//1942 7693//1315 7692//1333 7806//85 
f 7808//1095 7694//281 7693//1315 7807//1942 
f 7809//177 7695//462 7694//281 7808//1095 
f 7810//251 7696//621 7695//462 7809//177 
f 7811//1073 7697//546 7696//621 7810//251 
f 7812//2291 7698//118 7697//546 7811//1073 
f 7813//802 7699//645 7698//118 7812//2291 
f 7814//2292 7700//2244 7699//645 7813//802 
f 7815//2293 7701//2245 7700//2244 7814//2292 
f 7816//2294 7702//2246 7701//2245 7815//2293 
f 7817//2295 7703//2247 7702//2246 7816//2294 
f 7818//2296 7704//2248 7703//2247 7817//2295 
f 7819//2297 7705//2249 7704//2248 7818//2296 
f 7820//2298 7706//2250 7705//2249 7819//2297 
f 7821//2299 7707//2251 7706//2250 7820//2298 
f 7822//2300 7708//2252 7707//2251 7821//2299 
f 7823//2301 7709//2253 7708//2252 7822//2300 
f 7824//2302 7710//2254 7709//2253 7823//2301 
f 7825//2303 7711//2255 7710//2254 7824//2302 
f 7826//2304 7712//2256 7711//2255 7825//2303 
f 7827//1074 7713//2257 7712//2256 7826//2304 
f 7828//1702 7714//2258 7713//2257 7827//1074 
f 7829//797 7715//2259 7714//2258 7828//1702 
f 7830//796 7716//2260 7715//2259 7829//797 
f 7831//799 7717//920 7716//2260 7830//796 
f 7832//540 7718//2261 7717//920 7831//799 
f 7833//402 7719//2262 7718//2261 7832//540 
f 7834//2305 7720//2263 7719//2262 7833//402 
f 7835//2306 7721//2264 7720//2263 7834//2305 
f 7836//2307 7722//2265 7721//2264 7835//2306 
f 7837//2308 7723//2266 7722//2265 7836//2307 
f 7838//2309 7724//2267 7723//2266 7837//2308 
f 7839//2310 7725//2268 7724//2267 7838//2309 
f 7840//2311 7726//2269 7725//2268 7839//2310 
f 7841//2312 7727//2270 7726//2269 7840//2311 
f 7842//2313 7728//2271 7727//2270 7841//2312 
f 7843//2314 7729//902 7728//2271 7842//2313 
f 7844//2315 7730//356 7729//902 7843//2314 
f 7845//2316 7731//592 7730//356 7844//2315 
f 7846//2317 7732//1861 7731//592 7845//2316 
f 7847//2318 7733//591 7732//1861 7846//2317 
f 7848//308 7734//158 7733//591 7847//2318 
f 7849//225 7735//238 7734//158 7848//308 
f 7850//800 7736//464 7735//238 7849//225 
f 7851//2319 7737//503 7736//464 7850//800 
f 7852//173 7738//286 7737//503 7851//2319 
f 7853//112 7739//391 7738//286 7852//173 
f 7854//248 7740//2272 7739//391 7853//112 
f 7855//1430 7741//2273 7740//2272 7854//248 
f 7856//2320 7742//2274 7741//2273 7855//1430 
f 7857//1660 7743//2275 7742//2274 7856//2320 
f 7858//2067 7744//2276 7743//2275 7857//1660 
f 7859//2321 7745//2277 7744//2276 7858//2067 
f 7860//2322 7746//2278 7745//2277 7859//2321 
f 7861//2183 7747//2279 7746//2278 7860//2322 
f 7862//1850 7748//2280 7747//2279 7861//2183 
f 7863//1055 7749//2281 7748//2280 7862//1850 
f 7864//2323 7750//2282 7749//2281 7863//1055 
f 7865//1894 7751//2283 7750//2282 7864//2323 
f 7866//333 7752//1785 7751//2283 7865//1894 
f 7867//89 7753//810 7754//1104 7868//495 
f 7869//100 7755//98 7753//810 7867//89 
f 7870//1095 7756//61 7755//98 7869//100 
f 7871//123 7757//107 7756//61 7870//1095 
f 7872//57 7758//300 7757//107 7871//123 
f 7873//402 7759//359 7758//300 7872//57 
f 7874//715 7760//57 7759//359 7873//402 
f 7875//55 7761//107 7760//57 7874//715 
f 7876//53 7762//162 7761//107 7875//55 
f 7877//162 7763//239 7762//162 7876//53 
f 7878//121 7764//356 7763//239 7877//162 
f 7879//94 7765//288 7764//356 7878//121 
f 7880//2324 7766//408 7765//288 7879//94 
f 7881//572 7767//542 7766//408 7880//2324 
f 7882//2325 7768//2284 7767//542 7881//572 
f 7883//2326 7769//2285 7768//2284 7882//2325 
f 7884//129 7770//2286 7769//2285 7883//2326 
f 7885//2327 7771//2287 7770//2286 7884//129 
f 7886//81 7772//1478 7771//2287 7885//2327 
f 7887//1836 7773//1559 7772//1478 7886//81 
f 7888//623 7774//1314 7773//1559 7887//1836 
f 7889//2328 7775//623 7774//1314 7888//623 
f 7890//2329 7776//2288 7775//623 7889//2328 
f 7891//550 7777//1294 7776//2288 7890//2329 
f 7892//509 7778//2289 7777//1294 7891//550 
f 7893//249 7779//621 7778//2289 7892//509 
f 7894//121 7780//465 7779//621 7893//249 
f 7895//100 7781//89 7780//465 7894//121 
f 7896//84 7782//306 7781//89 7895//100 
f 7897//101 7783//91 7782//306 7896//84 
f 7898//61 7784//211 7783//91 7897//101 
f 7899//233 7785//305 7784//211 7898//61 
f 7900//123 7786//231 7785//305 7899//233 
f 7901//61 7787//542 7786//231 7900//123 
f 7902//1095 7788//285 7787//542 7901//61 
f 7903//84 7789//445 7788//285 7902//1095 
f 7904//150 7790//609 7789//445 7903//84 
f 7905//498 7791//361 7790//609 7904//150 
f 7906//161 7792//53 7791//361 7905//498 
f 7907//53 7793//361 7792//53 7906//161 
f 7908//407 7794//162 7793//361 7907//53 
f 7909//53 7795//302 7794//162 7908//407 
f 7910//53 7796//161 7795//302 7909//53 
f 7911//55 7797//162 7796//161 7910//53 
f 7912//108 7798//308 7797//162 7911//55 
f 7913//299 7799//359 7798//308 7912//108 
f 7914//2330 7800//840 7799//359 7913//299 
f 7915//2331 7801//463 7800//840 7914//2330 
f 7916//227 7802//239 7801//463 7915//2331 
f 7917//509 7803//550 7802//239 7916//227 
f 7918//717 7804//2290 7803//550 7917//509 
f 7919//498 7805//450 7804//2290 7918//717 
f 7920//131 7806//85 7805//450 7919//498 
f 7921//2327 7807//1942 7806//85 7920//131 
f 7922//495 7808//1095 7807//1942 7921//2327 
f 7923//123 7809//177 7808//1095 7922//495 
f 7924//1302 7810//251 7809//177 7923//123 
f 7925//1299 7811//1073 7810//251 7924//1302 
f 7926//2332 7812//2291 7811//1073 7925//1299 
f 7927//2333 7813//802 7812//2291 7926//2332 
f 7928//2334 7814//2292 7813//802 7927//2333 
f 7929//2292 7815//2293 7814//2292 7928//2334 
f 7930//578 7816//2294 7815//2293 7929//2292 
f 7931//617 7817//2295 7816//2294 7930//578 
f 7932//2335 7818//2296 7817//2295 7931//617 
f 7933//2336 7819//2297 7818//2296 7932//2335 
f 7934//2337 7820//2298 7819//2297 7933//2336 
f 7935//2338 7821//2299 7820//2298 7934//2337 
f 7936//2339 7822//2300 7821//2299 7935//2338 
f 7937//2340 7823//2301 7822//2300 7936//2339 
f 7938//2341 7824//2302 7823//2301 7937//2340 
f 7939//61 7825//2303 7824//2302 7938//2341 
f 7940//119 7826//2304 7825//2303 7939//61 
f 7941//405 7827//1074 7826//2304 7940//119 
f 7942//295 7828//1702 7827//1074 7941//405 
f 7943//57 7829//797 7828//1702 7942//295 
f 7944//57 7830//796 7829//797 7943//57 
f 7945//506 7831//799 7830//796 7944//57 
f 7946//506 7832//540 7831//799 7945//506 
f 7947//108 7833//402 7832//540 7946//506 
f 7948//108 7834//2305 7833//402 7947//108 
f 7949//295 7835//2306 7834//2305 7948//108 
f 7950//2342 7836//2307 7835//2306 7949//295 
f 7951//2343 7837//2308 7836//2307 7950//2342 
f 7952//2344 7838//2309 7837//2308 7951//2343 
f 7953//2345 7839//2310 7838//2309 7952//2344 
f 7954//2346 7840//2311 7839//2310 7953//2345 
f 7955//2347 7841//2312 7840//2311 7954//2346 
f 7956//2348 7842//2313 7841//2312 7955//2347 
f 7957//2349 7843//2314 7842//2313 7956//2348 
f 7958//2350 7844//2315 7843//2314 7957//2349 
f 7959//2351 7845//2316 7844//2315 7958//2350 
f 7960//2352 7846//2317 7845//2316 7959//2351 
f 7961//2353 7847//2318 7846//2317 7960//2352 
f 7962//402 7848//308 7847//2318 7961//2353 
f 7963//57 7849//225 7848//308 7962//402 
f 7964//173 7850//800 7849//225 7963//57 
f 7965//2354 7851//2319 7850//800 7964//173 
f 7966//113 7852//173 7851//2319 7965//2354 
f 7967//110 7853//112 7852//173 7966//113 
f 7968//402 7854//248 7853//112 7967//110 
f 7969//233 7855//1430 7854//248 7968//402 
f 7970//1095 7856//2320 7855//1430 7969//233 
f 7971//1443 7857//1660 7856//2320 7970//1095 
f 7972//2355 7858//2067 7857//1660 7971//1443 
f 7973//2356 7859//2321 7858//2067 7972//2355 
f 7974//2357 7860//2322 7859//2321 7973//2356 
f 7975//2358 7861//2183 7860//2322 7974//2357 
f 7976//2359 7862//1850 7861//2183 7975//2358 
f 7977//103 7863//1055 7862//1850 7976//2359 
f 7978//81 7864//2323 7863//1055 7977//103 
f 7979//789 7865//1894 7864//2323 7978//81 
f 7980//333 7866//333 7865//1894 7979//789 
usemtl wire_204204204
f 3//2360 2//2360 7981//2360 7982//2360 
f 4//2361 3//2361 7982//2361 7983//2361 
f 2//2360 6//2360 7984//2360 7981//2360 
f 6//2360 8//2360 7985//2360 7984//2360 
f 8//2360 10//2360 7986//2360 7985//2360 
f 10//2360 12//2360 7987//2360 7986//2360 
f 12//2360 14//2360 7988//2360 7987//2360 
f 14//2360 16//2360 7989//2360 7988//2360 
f 16//2360 18//2360 7990//2360 7989//2360 
f 18//2360 20//2360 7991//2360 7990//2360 
f 20//2360 22//2360 7992//2360 7991//2360 
f 22//2360 24//2360 7993//2360 7992//2360 
f 24//2360 26//2360 7994//2360 7993//2360 
f 26//2360 28//2360 7995//2360 7994//2360 
f 28//2360 30//2360 7996//2360 7995//2360 
f 30//2360 32//2360 7997//2360 7996//2360 
f 32//2362 34//2362 7998//2362 7997//2362 
f 34//2362 36//2362 7999//2362 7998//2362 
f 36//2362 38//2362 8000//2362 7999//2362 
f 38//2362 40//2362 8001//2362 8000//2362 
f 40//2362 42//2362 8002//2362 8001//2362 
f 42//2362 44//2362 8003//2362 8002//2362 
f 44//2362 46//2362 8004//2362 8003//2362 
f 46//2363 48//2363 8005//2363 8004//2363 
f 48//2362 50//2362 8006//2362 8005//2362 
f 50//2362 52//2362 8007//2362 8006//2362 
f 52//2362 54//2362 8008//2362 8007//2362 
f 54//2362 56//2362 8009//2362 8008//2362 
f 56//2362 58//2362 8010//2362 8009//2362 
f 58//2362 60//2362 8011//2362 8010//2362 
f 60//2362 62//2362 8012//2362 8011//2362 
f 62//2362 64//2362 8013//2362 8012//2362 
f 64//2362 66//2362 8014//2362 8013//2362 
f 66//2362 68//2362 8015//2362 8014//2362 
f 68//2363 70//2363 8016//2363 8015//2363 
f 70//2362 72//2362 8017//2362 8016//2362 
f 72//2362 74//2362 8018//2362 8017//2362 
f 74//2362 76//2362 8019//2362 8018//2362 
f 76//2362 78//2362 8020//2362 8019//2362 
f 78//2362 80//2362 8021//2362 8020//2362 
f 80//2362 82//2362 8022//2362 8021//2362 
f 82//2362 84//2362 8023//2362 8022//2362 
f 84//2363 86//2363 8024//2363 8023//2363 
f 86//2364 88//2364 8025//2364 8024//2364 
f 88//2362 90//2362 8026//2362 8025//2362 
f 90//2365 92//2365 8027//2365 8026//2365 
f 92//2364 94//2364 8028//2364 8027//2364 
f 94//2364 96//2364 8029//2364 8028//2364 
f 96//2364 98//2364 8030//2364 8029//2364 
f 98//2365 100//2365 8031//2365 8030//2365 
f 100//2364 102//2364 8032//2364 8031//2364 
f 102//2364 104//2364 8033//2364 8032//2364 
f 104//2364 106//2364 8034//2364 8033//2364 
f 106//2364 108//2364 8035//2364 8034//2364 
f 108//2364 110//2364 8036//2364 8035//2364 
f 110//2364 112//2364 8037//2364 8036//2364 
f 112//2364 114//2364 8038//2364 8037//2364 
f 114//2364 116//2364 8039//2364 8038//2364 
f 116//2366 118//2366 8040//2366 8039//2366 
f 118//2366 120//2366 8041//2366 8040//2366 
f 120//2366 122//2366 8042//2366 8041//2366 
f 122//2366 124//2366 8043//2366 8042//2366 
f 124//2366 126//2366 8044//2366 8043//2366 
f 126//2366 128//2366 8045//2366 8044//2366 
f 128//2366 130//2366 8046//2366 8045//2366 
f 130//2366 132//2366 8047//2366 8046//2366 
f 132//2366 134//2366 8048//2366 8047//2366 
f 134//2366 136//2366 8049//2366 8048//2366 
f 136//2366 138//2366 8050//2366 8049//2366 
f 138//2366 140//2366 8051//2366 8050//2366 
f 140//2366 142//2366 8052//2366 8051//2366 
f 142//2366 144//2366 8053//2366 8052//2366 
f 144//2367 146//2367 8054//2367 8053//2367 
f 146//2367 148//2367 8055//2367 8054//2367 
f 148//2367 150//2367 8056//2367 8055//2367 
f 150//2367 152//2367 8057//2367 8056//2367 
f 152//2367 154//2367 8058//2367 8057//2367 
f 154//2367 156//2367 8059//2367 8058//2367 
f 156//2367 158//2367 8060//2367 8059//2367 
f 158//2367 160//2367 8061//2367 8060//2367 
f 160//2367 162//2367 8062//2367 8061//2367 
f 162//2367 164//2367 8063//2367 8062//2367 
f 164//2367 166//2367 8064//2367 8063//2367 
f 166//2368 168//2368 8065//2368 8064//2368 
f 168//2367 170//2367 8066//2367 8065//2367 
f 170//2367 172//2367 8067//2367 8066//2367 
f 172//2367 174//2367 8068//2367 8067//2367 
f 174//2367 176//2367 8069//2367 8068//2367 
f 176//2367 178//2367 8070//2367 8069//2367 
f 178//2367 180//2367 8071//2367 8070//2367 
f 180//2367 182//2367 8072//2367 8071//2367 
f 182//2367 184//2367 8073//2367 8072//2367 
f 184//2367 186//2367 8074//2367 8073//2367 
f 186//2367 188//2367 8075//2367 8074//2367 
f 188//2368 190//2368 8076//2368 8075//2368 
f 190//2367 192//2367 8077//2367 8076//2367 
f 192//2367 194//2367 8078//2367 8077//2367 
f 194//2367 196//2367 8079//2367 8078//2367 
f 196//2369 198//2369 8080//2369 8079//2369 
f 198//2369 200//2369 8081//2369 8080//2369 
f 200//2370 202//2370 8082//2370 8081//2370 
f 202//2370 204//2370 8083//2370 8082//2370 
f 204//2370 206//2370 8084//2370 8083//2370 
f 206//2370 208//2370 8085//2370 8084//2370 
f 208//2370 210//2370 8086//2370 8085//2370 
f 210//2370 212//2370 8087//2370 8086//2370 
f 212//2370 214//2370 8088//2370 8087//2370 
f 214//2370 216//2370 8089//2370 8088//2370 
f 216//2370 218//2370 8090//2370 8089//2370 
f 218//2370 220//2370 8091//2370 8090//2370 
f 220//2370 222//2370 8092//2370 8091//2370 
f 222//2370 224//2370 8093//2370 8092//2370 
f 224//2370 226//2370 8094//2370 8093//2370 
f 228//2371 227//2371 8095//2371 8096//2371 
f 226//2370 228//2370 8096//2370 8094//2370 
f 230//2361 4//2361 7983//2361 8097//2361 
f 227//2371 342//2371 8098//2371 8095//2371 
f 344//2361 230//2361 8097//2361 8099//2361 
f 342//2371 456//2371 8100//2371 8098//2371 
f 458//2361 344//2361 8099//2361 8101//2361 
f 456//2371 570//2371 8102//2371 8100//2371 
f 572//2361 458//2361 8101//2361 8103//2361 
f 570//2371 684//2371 8104//2371 8102//2371 
f 686//2361 572//2361 8103//2361 8105//2361 
f 684//2371 798//2371 8106//2371 8104//2371 
f 800//2361 686//2361 8105//2361 8107//2361 
f 798//2371 912//2371 8108//2371 8106//2371 
f 914//2361 800//2361 8107//2361 8109//2361 
f 912//2371 1026//2371 8110//2371 8108//2371 
f 1028//2361 914//2361 8109//2361 8111//2361 
f 1026//2371 1140//2371 8112//2371 8110//2371 
f 1142//2361 1028//2361 8111//2361 8113//2361 
f 1140//2371 1254//2371 8114//2371 8112//2371 
f 1256//2361 1142//2361 8113//2361 8115//2361 
f 1254//2371 1368//2371 8116//2371 8114//2371 
f 1370//2361 1256//2361 8115//2361 8117//2361 
f 1368//2371 1482//2371 8118//2371 8116//2371 
f 1484//2361 1370//2361 8117//2361 8119//2361 
f 1482//2371 1596//2371 8120//2371 8118//2371 
f 1598//2361 1484//2361 8119//2361 8121//2361 
f 1596//2371 1710//2371 8122//2371 8120//2371 
f 1712//2361 1598//2361 8121//2361 8123//2361 
f 1710//2371 1824//2371 8124//2371 8122//2371 
f 1826//2361 1712//2361 8123//2361 8125//2361 
f 1824//2371 1938//2371 8126//2371 8124//2371 
f 1940//2361 1826//2361 8125//2361 8127//2361 
f 1938//2371 2052//2371 8128//2371 8126//2371 
f 2054//2361 1940//2361 8127//2361 8129//2361 
f 2052//2371 2166//2371 8130//2371 8128//2371 
f 2168//2361 2054//2361 8129//2361 8131//2361 
f 2166//2371 2280//2371 8132//2371 8130//2371 
f 2282//2361 2168//2361 8131//2361 8133//2361 
f 2280//2371 2394//2371 8134//2371 8132//2371 
f 2396//2361 2282//2361 8133//2361 8135//2361 
f 2394//2371 2508//2371 8136//2371 8134//2371 
f 2510//2361 2396//2361 8135//2361 8137//2361 
f 2508//2371 2622//2371 8138//2371 8136//2371 
f 2624//2361 2510//2361 8137//2361 8139//2361 
f 2622//2371 2736//2371 8140//2371 8138//2371 
f 2738//2361 2624//2361 8139//2361 8141//2361 
f 2736//2371 2850//2371 8142//2371 8140//2371 
f 2852//2361 2738//2361 8141//2361 8143//2361 
f 2850//2371 2964//2371 8144//2371 8142//2371 
f 2966//2361 2852//2361 8143//2361 8145//2361 
f 2964//2371 3078//2371 8146//2371 8144//2371 
f 3080//2361 2966//2361 8145//2361 8147//2361 
f 3078//2371 3192//2371 8148//2371 8146//2371 
f 3194//2361 3080//2361 8147//2361 8149//2361 
f 3192//2371 3306//2371 8150//2371 8148//2371 
f 3308//2361 3194//2361 8149//2361 8151//2361 
f 3306//2371 3420//2371 8152//2371 8150//2371 
f 3422//2361 3308//2361 8151//2361 8153//2361 
f 3420//2371 3534//2371 8154//2371 8152//2371 
f 3536//2361 3422//2361 8153//2361 8155//2361 
f 3534//2371 3648//2371 8156//2371 8154//2371 
f 3650//2361 3536//2361 8155//2361 8157//2361 
f 3648//2371 3762//2371 8158//2371 8156//2371 
f 3764//2361 3650//2361 8157//2361 8159//2361 
f 3762//2371 3876//2371 8160//2371 8158//2371 
f 3878//2361 3764//2361 8159//2361 8161//2361 
f 3876//2371 3990//2371 8162//2371 8160//2371 
f 3992//2361 3878//2361 8161//2361 8163//2361 
f 3990//2371 4104//2371 8164//2371 8162//2371 
f 4106//2361 3992//2361 8163//2361 8165//2361 
f 4104//2371 4218//2371 8166//2371 8164//2371 
f 4220//2361 4106//2361 8165//2361 8167//2361 
f 4218//2371 4332//2371 8168//2371 8166//2371 
f 4334//2361 4220//2361 8167//2361 8169//2361 
f 4332//2371 4446//2371 8170//2371 8168//2371 
f 4448//2361 4334//2361 8169//2361 8171//2361 
f 4446//2371 4560//2371 8172//2371 8170//2371 
f 4562//2361 4448//2361 8171//2361 8173//2361 
f 4560//2371 4674//2371 8174//2371 8172//2371 
f 4676//2361 4562//2361 8173//2361 8175//2361 
f 4674//2371 4788//2371 8176//2371 8174//2371 
f 4790//2361 4676//2361 8175//2361 8177//2361 
f 4788//2371 4902//2371 8178//2371 8176//2371 
f 4904//2361 4790//2361 8177//2361 8179//2361 
f 4902//2371 5016//2371 8180//2371 8178//2371 
f 5018//2361 4904//2361 8179//2361 8181//2361 
f 5016//2371 5130//2371 8182//2371 8180//2371 
f 5132//2361 5018//2361 8181//2361 8183//2361 
f 5130//2371 5244//2371 8184//2371 8182//2371 
f 5246//2361 5132//2361 8183//2361 8185//2361 
f 5244//2371 5358//2371 8186//2371 8184//2371 
f 5360//2361 5246//2361 8185//2361 8187//2361 
f 5358//2371 5472//2371 8188//2371 8186//2371 
f 5474//2361 5360//2361 8187//2361 8189//2361 
f 5472//2371 5586//2371 8190//2371 8188//2371 
f 5588//2361 5474//2361 8189//2361 8191//2361 
f 5586//2371 5700//2371 8192//2371 8190//2371 
f 5702//2361 5588//2361 8191//2361 8193//2361 
f 5700//2371 5814//2371 8194//2371 8192//2371 
f 5816//2361 5702//2361 8193//2361 8195//2361 
f 5814//2371 5928//2371 8196//2371 8194//2371 
f 5930//2361 5816//2361 8195//2361 8197//2361 
f 5928//2371 6042//2371 8198//2371 8196//2371 
f 6044//2361 5930//2361 8197//2361 8199//2361 
f 6042//2371 6156//2371 8200//2371 8198//2371 
f 6158//2361 6044//2361 8199//2361 8201//2361 
f 6156//2371 6270//2371 8202//2371 8200//2371 
f 6272//2361 6158//2361 8201//2361 8203//2361 
f 6270//2372 6384//2372 8204//2372 8202//2372 
f 6386//2361 6272//2361 8203//2361 8205//2361 
f 6384//2371 6498//2371 8206//2371 8204//2371 
f 6500//2361 6386//2361 8205//2361 8207//2361 
f 6498//2371 6612//2371 8208//2371 8206//2371 
f 6614//2361 6500//2361 8207//2361 8209//2361 
f 6612//2371 6726//2371 8210//2371 8208//2371 
f 6728//2361 6614//2361 8209//2361 8211//2361 
f 6726//2371 6840//2371 8212//2371 8210//2371 
f 6842//2361 6728//2361 8211//2361 8213//2361 
f 6840//2371 6954//2371 8214//2371 8212//2371 
f 6956//2361 6842//2361 8213//2361 8215//2361 
f 6954//2371 7068//2371 8216//2371 8214//2371 
f 7070//2361 6956//2361 8215//2361 8217//2361 
f 7068//2371 7182//2371 8218//2371 8216//2371 
f 7184//2361 7070//2361 8217//2361 8219//2361 
f 7182//2371 7296//2371 8220//2371 8218//2371 
f 7298//2361 7184//2361 8219//2361 8221//2361 
f 7296//2371 7410//2371 8222//2371 8220//2371 
f 7412//2361 7298//2361 8221//2361 8223//2361 
f 7410//2371 7524//2371 8224//2371 8222//2371 
f 7526//2361 7412//2361 8223//2361 8225//2361 
f 7524//2371 7638//2371 8226//2371 8224//2371 
f 7640//2361 7526//2361 8225//2361 8227//2361 
f 7638//2371 7752//2371 8228//2371 8226//2371 
f 7754//2361 7640//2361 8227//2361 8229//2361 
f 7752//2371 7866//2371 8230//2371 8228//2371 
f 7868//2361 7754//2361 8229//2361 8231//2361 
f 7867//2373 7868//2373 8231//2373 8232//2373 
f 7869//2373 7867//2373 8232//2373 8233//2373 
f 7870//2373 7869//2373 8233//2373 8234//2373 
f 7871//2373 7870//2373 8234//2373 8235//2373 
f 7872//2373 7871//2373 8235//2373 8236//2373 
f 7873//2373 7872//2373 8236//2373 8237//2373 
f 7874//2373 7873//2373 8237//2373 8238//2373 
f 7875//2373 7874//2373 8238//2373 8239//2373 
f 7876//2373 7875//2373 8239//2373 8240//2373 
f 7877//2373 7876//2373 8240//2373 8241//2373 
f 7878//2373 7877//2373 8241//2373 8242//2373 
f 7879//2373 7878//2373 8242//2373 8243//2373 
f 7880//2373 7879//2373 8243//2373 8244//2373 
f 7881//2373 7880//2373 8244//2373 8245//2373 
f 7882//2373 7881//2373 8245//2373 8246//2373 
f 7883//2373 7882//2373 8246//2373 8247//2373 
f 7884//2374 7883//2374 8247//2374 8248//2374 
f 7885//2374 7884//2374 8248//2374 8249//2374 
f 7886//2374 7885//2374 8249//2374 8250//2374 
f 7887//2374 7886//2374 8250//2374 8251//2374 
f 7888//2374 7887//2374 8251//2374 8252//2374 
f 7889//2374 7888//2374 8252//2374 8253//2374 
f 7890//2374 7889//2374 8253//2374 8254//2374 
f 7891//2374 7890//2374 8254//2374 8255//2374 
f 7892//2374 7891//2374 8255//2374 8256//2374 
f 7893//2374 7892//2374 8256//2374 8257//2374 
f 7894//2374 7893//2374 8257//2374 8258//2374 
f 7895//2374 7894//2374 8258//2374 8259//2374 
f 7896//2374 7895//2374 8259//2374 8260//2374 
f 7897//2374 7896//2374 8260//2374 8261//2374 
f 7898//2374 7897//2374 8261//2374 8262//2374 
f 7899//2374 7898//2374 8262//2374 8263//2374 
f 7900//2374 7899//2374 8263//2374 8264//2374 
f 7901//2374 7900//2374 8264//2374 8265//2374 
f 7902//2374 7901//2374 8265//2374 8266//2374 
f 7903//2374 7902//2374 8266//2374 8267//2374 
f 7904//2374 7903//2374 8267//2374 8268//2374 
f 7905//2374 7904//2374 8268//2374 8269//2374 
f 7906//2374 7905//2374 8269//2374 8270//2374 
f 7907//2374 7906//2374 8270//2374 8271//2374 
f 7908//2374 7907//2374 8271//2374 8272//2374 
f 7909//2374 7908//2374 8272//2374 8273//2374 
f 7910//2375 7909//2375 8273//2375 8274//2375 
f 7911//2374 7910//2374 8274//2374 8275//2374 
f 7912//2375 7911//2375 8275//2375 8276//2375 
f 7913//2375 7912//2375 8276//2375 8277//2375 
f 7914//2375 7913//2375 8277//2375 8278//2375 
f 7915//2375 7914//2375 8278//2375 8279//2375 
f 7916//2375 7915//2375 8279//2375 8280//2375 
f 7917//2375 7916//2375 8280//2375 8281//2375 
f 7918//2375 7917//2375 8281//2375 8282//2375 
f 7919//2375 7918//2375 8282//2375 8283//2375 
f 7920//2375 7919//2375 8283//2375 8284//2375 
f 7921//2375 7920//2375 8284//2375 8285//2375 
f 7922//2375 7921//2375 8285//2375 8286//2375 
f 7923//2375 7922//2375 8286//2375 8287//2375 
f 7924//2376 7923//2376 8287//2376 8288//2376 
f 7925//2376 7924//2376 8288//2376 8289//2376 
f 7926//2376 7925//2376 8289//2376 8290//2376 
f 7927//2376 7926//2376 8290//2376 8291//2376 
f 7928//2376 7927//2376 8291//2376 8292//2376 
f 7929//2376 7928//2376 8292//2376 8293//2376 
f 7930//2376 7929//2376 8293//2376 8294//2376 
f 7931//2376 7930//2376 8294//2376 8295//2376 
f 7932//2376 7931//2376 8295//2376 8296//2376 
f 7933//2376 7932//2376 8296//2376 8297//2376 
f 7934//2376 7933//2376 8297//2376 8298//2376 
f 7935//2376 7934//2376 8298//2376 8299//2376 
f 7936//2376 7935//2376 8299//2376 8300//2376 
f 7937//2377 7936//2377 8300//2377 8301//2377 
f 7938//2377 7937//2377 8301//2377 8302//2377 
f 7939//2377 7938//2377 8302//2377 8303//2377 
f 7940//2377 7939//2377 8303//2377 8304//2377 
f 7941//2377 7940//2377 8304//2377 8305//2377 
f 7942//2377 7941//2377 8305//2377 8306//2377 
f 7943//2377 7942//2377 8306//2377 8307//2377 
f 7944//2377 7943//2377 8307//2377 8308//2377 
f 7945//2377 7944//2377 8308//2377 8309//2377 
f 7946//2377 7945//2377 8309//2377 8310//2377 
f 7947//2377 7946//2377 8310//2377 8311//2377 
f 7948//2377 7947//2377 8311//2377 8312//2377 
f 7949//2377 7948//2377 8312//2377 8313//2377 
f 7950//2377 7949//2377 8313//2377 8314//2377 
f 7951//2377 7950//2377 8314//2377 8315//2377 
f 7952//2377 7951//2377 8315//2377 8316//2377 
f 7953//2377 7952//2377 8316//2377 8317//2377 
f 7954//2377 7953//2377 8317//2377 8318//2377 
f 7955//2377 7954//2377 8318//2377 8319//2377 
f 7956//2377 7955//2377 8319//2377 8320//2377 
f 7957//2377 7956//2377 8320//2377 8321//2377 
f 7958//2377 7957//2377 8321//2377 8322//2377 
f 7959//2377 7958//2377 8322//2377 8323//2377 
f 7960//2377 7959//2377 8323//2377 8324//2377 
f 7961//2377 7960//2377 8324//2377 8325//2377 
f 7962//2377 7961//2377 8325//2377 8326//2377 
f 7963//2377 7962//2377 8326//2377 8327//2377 
f 7964//2378 7963//2378 8327//2378 8328//2378 
f 7965//2378 7964//2378 8328//2378 8329//2378 
f 7966//2378 7965//2378 8329//2378 8330//2378 
f 7967//2378 7966//2378 8330//2378 8331//2378 
f 7968//2378 7967//2378 8331//2378 8332//2378 
f 7969//2378 7968//2378 8332//2378 8333//2378 
f 7970//2378 7969//2378 8333//2378 8334//2378 
f 7971//2378 7970//2378 8334//2378 8335//2378 
f 7972//2378 7971//2378 8335//2378 8336//2378 
f 7973//2378 7972//2378 8336//2378 8337//2378 
f 7974//2378 7973//2378 8337//2378 8338//2378 
f 7975//2378 7974//2378 8338//2378 8339//2378 
f 7976//2378 7975//2378 8339//2378 8340//2378 
f 7977//2378 7976//2378 8340//2378 8341//2378 
f 7978//2378 7977//2378 8341//2378 8342//2378 
f 7979//2378 7978//2378 8342//2378 8343//2378 
f 7866//2371 7980//2371 8344//2371 8230//2371 
f 7980//2378 7979//2378 8343//2378 8344//2378 
f 7981//2379 7984//2379 7985//2379 7986//2379 7987//2379 7988//2379 7989//2379 7990//2379 7991//2379 7992//2379 7993//2379 7994//2379 7995//2379 7996//2379 7997//2379 7998//2379 7999//2379 8000//2379 8001//2379 8002//2379 8003//2379 8004//2379 8005//2379 8006//2379 8007//2379 8008//2379 8009//2379 8010//2379 8011//2379 8012//2379 8013//2379 8014//2379 8015//2379 8016//2379 8017//2379 8018//2379 8019//2379 8020//2379 8021//2379 8022//2379 8023//2379 8024//2379 8025//2379 8026//2379 8027//2379 8028//2379 8029//2379 8030//2379 8031//2379 8032//2379 8033//2379 8034//2379 8035//2379 8036//2379 8037//2379 8038//2379 8039//2379 8040//2379 8041//2379 8042//2379 8043//2379 8044//2379 8045//2379 8046//2379 8047//2379 8048//2379 8049//2379 8050//2379 8051//2379 8052//2379 8053//2379 8054//2379 8055//2379 8056//2379 8057//2379 8058//2379 8059//2379 8060//2379 8061//2379 8062//2379 8063//2379 8064//2379 8065//2379 8066//2379 8067//2379 8068//2379 8069//2379 8070//2379 8071//2379 8072//2379 8073//2379 8074//2379 8075//2379 8076//2379 8077//2379 8078//2379 8079//2379 8080//2379 8081//2379 8082//2379 8083//2379 8084//2379 8085//2379 8086//2379 8087//2379 8088//2379 8089//2379 8090//2379 8091//2379 8092//2379 8093//2379 8094//2379 8096//2379 8095//2379 8098//2379 8100//2379 8102//2379 8104//2379 8106//2379 8108//2379 8110//2379 8112//2379 8114//2379 8116//2379 8118//2379 8120//2379 8122//2379 8124//2379 8126//2379 8128//2379 8130//2379 8132//2379 8134//2379 8136//2379 8138//2379 8140//2379 8142//2379 8144//2379 8146//2379 8148//2379 8150//2379 8152//2379 8154//2379 8156//2379 8158//2379 8160//2379 8162//2379 8164//2379 8166//2379 8168//2379 8170//2379 8172//2379 8174//2379 8176//2379 8178//2379 8180//2379 8182//2379 8184//2379 8186//2379 8188//2379 8190//2379 8192//2379 8194//2379 8196//2379 8198//2379 8200//2379 8202//2379 8204//2379 8206//2379 8208//2379 8210//2379 8212//2379 8214//2379 8216//2379 8218//2379 8220//2379 8222//2379 8224//2379 8226//2379 8228//2379 8230//2379 8344//2379 8343//2379 8342//2379 8341//2379 8340//2379 8339//2379 8338//2379 8337//2379 8336//2379 8335//2379 8334//2379 8333//2379 8332//2379 8331//2379 8330//2379 8329//2379 8328//2379 8327//2379 8326//2379 8325//2379 8324//2379 8323//2379 8322//2379 8321//2379 8320//2379 8319//2379 8318//2379 8317//2379 8316//2379 8315//2379 8314//2379 8313//2379 8312//2379 8311//2379 8310//2379 8309//2379 8308//2379 8307//2379 8306//2379 8305//2379 8304//2379 8303//2379 8302//2379 8301//2379 8300//2379 8299//2379 8298//2379 8297//2379 8296//2379 8295//2379 8294//2379 8293//2379 8292//2379 8291//2379 8290//2379 8289//2379 8288//2379 8287//2379 8286//2379 8285//2379 8284//2379 8283//2379 8282//2379 8281//2379 8280//2379 8279//2379 8278//2379 8277//2379 8276//2379 8275//2379 8274//2379 8273//2379 8272//2379 8271//2379 8270//2379 8269//2379 8268//2379 8267//2379 8266//2379 8265//2379 8264//2379 8263//2379 8262//2379 8261//2379 8260//2379 8259//2379 8258//2379 8257//2379 8256//2379 8255//2379 8254//2379 8253//2379 8252//2379 8251//2379 8250//2379 8249//2379 8248//2379 8247//2379 8246//2379 8245//2379 8244//2379 8243//2379 8242//2379 8241//2379 8240//2379 8239//2379 8238//2379 8237//2379 8236//2379 8235//2379 8234//2379 8233//2379 8232//2379 8231//2379 8229//2379 8227//2379 8225//2379 8223//2379 8221//2379 8219//2379 8217//2379 8215//2379 8213//2379 8211//2379 8209//2379 8207//2379 8205//2379 8203//2379 8201//2379 8199//2379 8197//2379 8195//2379 8193//2379 8191//2379 8189//2379 8187//2379 8185//2379 8183//2379 8181//2379 8179//2379 8177//2379 8175//2379 8173//2379 8171//2379 8169//2379 8167//2379 8165//2379 8163//2379 8161//2379 8159//2379 8157//2379 8155//2379 8153//2379 8151//2379 8149//2379 8147//2379 8145//2379 8143//2379 8141//2379 8139//2379 8137//2379 8135//2379 8133//2379 8131//2379 8129//2379 8127//2379 8125//2379 8123//2379 8121//2379 8119//2379 8117//2379 8115//2379 8113//2379 8111//2379 8109//2379 8107//2379 8105//2379 8103//2379 8101//2379 8099//2379 8097//2379 7983//2379 7982//2379 
# 8162 polygons

